series_id,dimension,record_id,publication_year,reference_period,exact_source_label,numerator,denominator,universe,industry_classification,size_bands,decision,segment,evidence_source,evidence_excerpt,adjustment,reviewer,review_date,source_headers,source_notes,collection_mode
internet,Basic connectivity,2006-07:4-1:8,2006-07,2006–07,All businesses / Proportion of businesses with: / Internet access,Internet access,Businesses in the selected category and population.,Historical scope equivalence not independently established. Do not assume agriculture coverage from absent rows.,Historical classification equivalence not approved,0–4; 5–19; 20–199; 200+ persons; overlapping 0–19 subtotal excluded,D,2006-07,data_2006-07/extracted/81670do004_200607/81670DO004_200607.xls | Table_1 | Original workbook only,Original values and headers checked; full historical questionnaire and coverage equivalence is not established. Snapshot only.,None,Codex source-cell audit; conservative research gate,2026-09-14,"[{""row"": 1, ""values"": [""Australian Bureau of Statistics"", """", """", """", """", """", """", """", """", """", """", """", """"]}, {""row"": 2, ""values"": [""81670DO004_200607 Selected Characteristics of Australian Business, 2006-07"", """", """", """", """", """", """", """", """", """", """", """", """"]}, {""row"": 3, ""values"": [""Released at 11:30 am (Canberra time) Fri 19 Sep 2008"", """", """", """", """", """", """", """", """", """", """", """", """"]}, {""row"": 4, ""values"": [""Table 1 Business use of information technology, innovator status by key indicators, by employment size, by industry–2006–07"", """", """", """", """", """", """", """", """", """", """", """", """"]}, {""row"": 5, ""values"": ["""", ""Innovation-active businesses"", """", """", """", ""Non innovation-active businesses"", """", """", """", ""All businesses"", """", """", """"]}, {""row"": 6, ""values"": ["""", ""Proportion of businesses with:"", """", ""Proportion of businesses which:"", """", ""Proportion of businesses with:"", """", ""Proportion of businesses which:"", """", ""Proportion of businesses with:"", """", ""Proportion of businesses which:"", """"]}, {""row"": 7, ""values"": ["""", ""Internet access"", ""web presence"", ""placed orders via the Internet or web"", ""received orders via the Internet or web"", ""Internet access"", ""web presence"", ""placed orders via the Internet or web"", ""received orders via the Internet or web"", ""Internet access"", ""web presence"", ""placed orders via the Internet or web"", ""received orders via the Internet or web""]}, {""row"": 8, ""values"": ["""", ""%"", ""%"", ""%"", ""%"", ""%"", ""%"", ""%"", ""%"", ""%"", ""%"", ""%"", ""%""]}, {""row"": 9, ""values"": [""Employment size"", """", """", """", """", """", """", """", """", """", """", """", """"]}]",[],Not independently verified for this item
web,Basic connectivity,2006-07:4-1:9,2006-07,2006–07,All businesses / Proportion of businesses with: / web presence,web presence,Businesses in the selected category and population.,Historical scope equivalence not independently established. Do not assume agriculture coverage from absent rows.,Historical classification equivalence not approved,0–4; 5–19; 20–199; 200+ persons; overlapping 0–19 subtotal excluded,D,2006-07,data_2006-07/extracted/81670do004_200607/81670DO004_200607.xls | Table_1 | Original workbook only,Original values and headers checked; full historical questionnaire and coverage equivalence is not established. Snapshot only.,None,Codex source-cell audit; conservative research gate,2026-09-14,"[{""row"": 1, ""values"": [""Australian Bureau of Statistics"", """", """", """", """", """", """", """", """", """", """", """", """"]}, {""row"": 2, ""values"": [""81670DO004_200607 Selected Characteristics of Australian Business, 2006-07"", """", """", """", """", """", """", """", """", """", """", """", """"]}, {""row"": 3, ""values"": [""Released at 11:30 am (Canberra time) Fri 19 Sep 2008"", """", """", """", """", """", """", """", """", """", """", """", """"]}, {""row"": 4, ""values"": [""Table 1 Business use of information technology, innovator status by key indicators, by employment size, by industry–2006–07"", """", """", """", """", """", """", """", """", """", """", """", """"]}, {""row"": 5, ""values"": ["""", ""Innovation-active businesses"", """", """", """", ""Non innovation-active businesses"", """", """", """", ""All businesses"", """", """", """"]}, {""row"": 6, ""values"": ["""", ""Proportion of businesses with:"", """", ""Proportion of businesses which:"", """", ""Proportion of businesses with:"", """", ""Proportion of businesses which:"", """", ""Proportion of businesses with:"", """", ""Proportion of businesses which:"", """"]}, {""row"": 7, ""values"": ["""", ""Internet access"", ""web presence"", ""placed orders via the Internet or web"", ""received orders via the Internet or web"", ""Internet access"", ""web presence"", ""placed orders via the Internet or web"", ""received orders via the Internet or web"", ""Internet access"", ""web presence"", ""placed orders via the Internet or web"", ""received orders via the Internet or web""]}, {""row"": 8, ""values"": ["""", ""%"", ""%"", ""%"", ""%"", ""%"", ""%"", ""%"", ""%"", ""%"", ""%"", ""%"", ""%""]}, {""row"": 9, ""values"": [""Employment size"", """", """", """", """", """", """", """", """", """", """", """", """"]}]",[],Not independently verified for this item
placed,Digital transactions,2006-07:4-1:10,2006-07,2006–07,All businesses / Proportion of businesses which: / placed orders via the Internet or web,placed orders via the Internet or web,Businesses in the selected category and population.,Historical scope equivalence not independently established. Do not assume agriculture coverage from absent rows.,Historical classification equivalence not approved,0–4; 5–19; 20–199; 200+ persons; overlapping 0–19 subtotal excluded,D,2006-07,data_2006-07/extracted/81670do004_200607/81670DO004_200607.xls | Table_1 | Original workbook only,Original values and headers checked; full historical questionnaire and coverage equivalence is not established. Snapshot only.,None,Codex source-cell audit; conservative research gate,2026-09-14,"[{""row"": 1, ""values"": [""Australian Bureau of Statistics"", """", """", """", """", """", """", """", """", """", """", """", """"]}, {""row"": 2, ""values"": [""81670DO004_200607 Selected Characteristics of Australian Business, 2006-07"", """", """", """", """", """", """", """", """", """", """", """", """"]}, {""row"": 3, ""values"": [""Released at 11:30 am (Canberra time) Fri 19 Sep 2008"", """", """", """", """", """", """", """", """", """", """", """", """"]}, {""row"": 4, ""values"": [""Table 1 Business use of information technology, innovator status by key indicators, by employment size, by industry–2006–07"", """", """", """", """", """", """", """", """", """", """", """", """"]}, {""row"": 5, ""values"": ["""", ""Innovation-active businesses"", """", """", """", ""Non innovation-active businesses"", """", """", """", ""All businesses"", """", """", """"]}, {""row"": 6, ""values"": ["""", ""Proportion of businesses with:"", """", ""Proportion of businesses which:"", """", ""Proportion of businesses with:"", """", ""Proportion of businesses which:"", """", ""Proportion of businesses with:"", """", ""Proportion of businesses which:"", """"]}, {""row"": 7, ""values"": ["""", ""Internet access"", ""web presence"", ""placed orders via the Internet or web"", ""received orders via the Internet or web"", ""Internet access"", ""web presence"", ""placed orders via the Internet or web"", ""received orders via the Internet or web"", ""Internet access"", ""web presence"", ""placed orders via the Internet or web"", ""received orders via the Internet or web""]}, {""row"": 8, ""values"": ["""", ""%"", ""%"", ""%"", ""%"", ""%"", ""%"", ""%"", ""%"", ""%"", ""%"", ""%"", ""%""]}, {""row"": 9, ""values"": [""Employment size"", """", """", """", """", """", """", """", """", """", """", """", """"]}]",[],Not independently verified for this item
received,Digital transactions,2006-07:4-1:11,2006-07,2006–07,All businesses / Proportion of businesses which: / received orders via the Internet or web,received orders via the Internet or web,Businesses in the selected category and population.,Historical scope equivalence not independently established. Do not assume agriculture coverage from absent rows.,Historical classification equivalence not approved,0–4; 5–19; 20–199; 200+ persons; overlapping 0–19 subtotal excluded,D,2006-07,data_2006-07/extracted/81670do004_200607/81670DO004_200607.xls | Table_1 | Original workbook only,Original values and headers checked; full historical questionnaire and coverage equivalence is not established. Snapshot only.,None,Codex source-cell audit; conservative research gate,2026-09-14,"[{""row"": 1, ""values"": [""Australian Bureau of Statistics"", """", """", """", """", """", """", """", """", """", """", """", """"]}, {""row"": 2, ""values"": [""81670DO004_200607 Selected Characteristics of Australian Business, 2006-07"", """", """", """", """", """", """", """", """", """", """", """", """"]}, {""row"": 3, ""values"": [""Released at 11:30 am (Canberra time) Fri 19 Sep 2008"", """", """", """", """", """", """", """", """", """", """", """", """"]}, {""row"": 4, ""values"": [""Table 1 Business use of information technology, innovator status by key indicators, by employment size, by industry–2006–07"", """", """", """", """", """", """", """", """", """", """", """", """"]}, {""row"": 5, ""values"": ["""", ""Innovation-active businesses"", """", """", """", ""Non innovation-active businesses"", """", """", """", ""All businesses"", """", """", """"]}, {""row"": 6, ""values"": ["""", ""Proportion of businesses with:"", """", ""Proportion of businesses which:"", """", ""Proportion of businesses with:"", """", ""Proportion of businesses which:"", """", ""Proportion of businesses with:"", """", ""Proportion of businesses which:"", """"]}, {""row"": 7, ""values"": ["""", ""Internet access"", ""web presence"", ""placed orders via the Internet or web"", ""received orders via the Internet or web"", ""Internet access"", ""web presence"", ""placed orders via the Internet or web"", ""received orders via the Internet or web"", ""Internet access"", ""web presence"", ""placed orders via the Internet or web"", ""received orders via the Internet or web""]}, {""row"": 8, ""values"": ["""", ""%"", ""%"", ""%"", ""%"", ""%"", ""%"", ""%"", ""%"", ""%"", ""%"", ""%"", ""%""]}, {""row"": 9, ""values"": [""Employment size"", """", """", """", """", """", """", """", """", """", """", """", """"]}]",[],Not independently verified for this item
internet,Basic connectivity,2008-09:4-1:8,2008-09,2008–09,All businesses / Proportion of businesses with: / Internet access,Internet access,All businesses in the selected category and population.,Historical scope equivalence not independently established. Do not assume agriculture coverage from absent rows.,Historical classification equivalence not approved,0–4; 5–19; 20–199; 200+ persons; overlapping 0–19 subtotal excluded,D,2008-09,data_2008-09/extracted/81670do004_200809/81670DO004_200809.xls | Table_1 | Original workbook only,Original values and headers checked; full historical questionnaire and coverage equivalence is not established. Snapshot only.,None,Codex source-cell audit; conservative research gate,2026-09-14,"[{""row"": 1, ""values"": [""Australian Bureau of Statistics"", """", """", """", """", """", """", """", """", """", """", """", """"]}, {""row"": 2, ""values"": [""81670DO004_200809 Selected Characteristics of Australian Business, 2008-09"", """", """", """", """", """", """", """", """", """", """", """", """"]}, {""row"": 3, ""values"": [""Released at 11:30 am (Canberra time) Thurs 16 Sep 2010"", """", """", """", """", """", """", """", """", """", """", """", """"]}, {""row"": 4, ""values"": [""Table 1 Business use of information technology, innovator status by key indicators, by employment size, by industry 2008–09"", """", """", """", """", """", """", """", """", """", """", """", """"]}, {""row"": 5, ""values"": ["""", ""Innovation–active businesses"", """", """", """", ""Non innovation–active business"", """", """", """", ""All businesses"", """", """", """"]}, {""row"": 6, ""values"": ["""", ""Proportion of businesses with:"", """", ""Proportion of businesses which:"", """", ""Proportion of businesses with:"", """", ""Proportion of businesses which:"", """", ""Proportion of businesses with:"", """", ""Proportion of businesses which:"", """"]}, {""row"": 7, ""values"": ["""", ""Internet access"", ""web presence"", ""placed orders via the Internet or web"", ""received orders via the Internet or web"", ""Internet access"", ""web presence"", ""placed orders via the Internet or web"", ""received orders via the Internet or web"", ""Internet access"", ""web presence"", ""placed orders via the Internet or web"", ""received orders via the Internet or web""]}, {""row"": 8, ""values"": ["""", ""%"", ""%"", ""%"", ""%"", ""%"", ""%"", ""%"", ""%"", ""%"", ""%"", ""%"", ""%""]}, {""row"": 9, ""values"": [""Employment size"", """", """", """", """", """", """", """", """", """", """", """", """"]}]","[{""sourceRow"": 4, ""sourceColumn"": 0, ""cell"": ""A4"", ""text"": ""Proportion of all businesses in each output category. See Glossary for definitions of innovation status.""}]",Not independently verified for this item
web,Basic connectivity,2008-09:4-1:9,2008-09,2008–09,All businesses / Proportion of businesses with: / web presence,web presence,All businesses in the selected category and population.,Historical scope equivalence not independently established. Do not assume agriculture coverage from absent rows.,Historical classification equivalence not approved,0–4; 5–19; 20–199; 200+ persons; overlapping 0–19 subtotal excluded,D,2008-09,data_2008-09/extracted/81670do004_200809/81670DO004_200809.xls | Table_1 | Original workbook only,Original values and headers checked; full historical questionnaire and coverage equivalence is not established. Snapshot only.,None,Codex source-cell audit; conservative research gate,2026-09-14,"[{""row"": 1, ""values"": [""Australian Bureau of Statistics"", """", """", """", """", """", """", """", """", """", """", """", """"]}, {""row"": 2, ""values"": [""81670DO004_200809 Selected Characteristics of Australian Business, 2008-09"", """", """", """", """", """", """", """", """", """", """", """", """"]}, {""row"": 3, ""values"": [""Released at 11:30 am (Canberra time) Thurs 16 Sep 2010"", """", """", """", """", """", """", """", """", """", """", """", """"]}, {""row"": 4, ""values"": [""Table 1 Business use of information technology, innovator status by key indicators, by employment size, by industry 2008–09"", """", """", """", """", """", """", """", """", """", """", """", """"]}, {""row"": 5, ""values"": ["""", ""Innovation–active businesses"", """", """", """", ""Non innovation–active business"", """", """", """", ""All businesses"", """", """", """"]}, {""row"": 6, ""values"": ["""", ""Proportion of businesses with:"", """", ""Proportion of businesses which:"", """", ""Proportion of businesses with:"", """", ""Proportion of businesses which:"", """", ""Proportion of businesses with:"", """", ""Proportion of businesses which:"", """"]}, {""row"": 7, ""values"": ["""", ""Internet access"", ""web presence"", ""placed orders via the Internet or web"", ""received orders via the Internet or web"", ""Internet access"", ""web presence"", ""placed orders via the Internet or web"", ""received orders via the Internet or web"", ""Internet access"", ""web presence"", ""placed orders via the Internet or web"", ""received orders via the Internet or web""]}, {""row"": 8, ""values"": ["""", ""%"", ""%"", ""%"", ""%"", ""%"", ""%"", ""%"", ""%"", ""%"", ""%"", ""%"", ""%""]}, {""row"": 9, ""values"": [""Employment size"", """", """", """", """", """", """", """", """", """", """", """", """"]}]","[{""sourceRow"": 4, ""sourceColumn"": 0, ""cell"": ""A4"", ""text"": ""Proportion of all businesses in each output category. See Glossary for definitions of innovation status.""}]",Not independently verified for this item
placed,Digital transactions,2008-09:4-1:10,2008-09,2008–09,All businesses / Proportion of businesses which: / placed orders via the Internet or web,placed orders via the Internet or web,All businesses in the selected category and population.,Historical scope equivalence not independently established. Do not assume agriculture coverage from absent rows.,Historical classification equivalence not approved,0–4; 5–19; 20–199; 200+ persons; overlapping 0–19 subtotal excluded,D,2008-09,data_2008-09/extracted/81670do004_200809/81670DO004_200809.xls | Table_1 | Original workbook only,Original values and headers checked; full historical questionnaire and coverage equivalence is not established. Snapshot only.,None,Codex source-cell audit; conservative research gate,2026-09-14,"[{""row"": 1, ""values"": [""Australian Bureau of Statistics"", """", """", """", """", """", """", """", """", """", """", """", """"]}, {""row"": 2, ""values"": [""81670DO004_200809 Selected Characteristics of Australian Business, 2008-09"", """", """", """", """", """", """", """", """", """", """", """", """"]}, {""row"": 3, ""values"": [""Released at 11:30 am (Canberra time) Thurs 16 Sep 2010"", """", """", """", """", """", """", """", """", """", """", """", """"]}, {""row"": 4, ""values"": [""Table 1 Business use of information technology, innovator status by key indicators, by employment size, by industry 2008–09"", """", """", """", """", """", """", """", """", """", """", """", """"]}, {""row"": 5, ""values"": ["""", ""Innovation–active businesses"", """", """", """", ""Non innovation–active business"", """", """", """", ""All businesses"", """", """", """"]}, {""row"": 6, ""values"": ["""", ""Proportion of businesses with:"", """", ""Proportion of businesses which:"", """", ""Proportion of businesses with:"", """", ""Proportion of businesses which:"", """", ""Proportion of businesses with:"", """", ""Proportion of businesses which:"", """"]}, {""row"": 7, ""values"": ["""", ""Internet access"", ""web presence"", ""placed orders via the Internet or web"", ""received orders via the Internet or web"", ""Internet access"", ""web presence"", ""placed orders via the Internet or web"", ""received orders via the Internet or web"", ""Internet access"", ""web presence"", ""placed orders via the Internet or web"", ""received orders via the Internet or web""]}, {""row"": 8, ""values"": ["""", ""%"", ""%"", ""%"", ""%"", ""%"", ""%"", ""%"", ""%"", ""%"", ""%"", ""%"", ""%""]}, {""row"": 9, ""values"": [""Employment size"", """", """", """", """", """", """", """", """", """", """", """", """"]}]","[{""sourceRow"": 4, ""sourceColumn"": 0, ""cell"": ""A4"", ""text"": ""Proportion of all businesses in each output category. See Glossary for definitions of innovation status.""}]",Not independently verified for this item
received,Digital transactions,2008-09:4-1:11,2008-09,2008–09,All businesses / Proportion of businesses which: / received orders via the Internet or web,received orders via the Internet or web,All businesses in the selected category and population.,Historical scope equivalence not independently established. Do not assume agriculture coverage from absent rows.,Historical classification equivalence not approved,0–4; 5–19; 20–199; 200+ persons; overlapping 0–19 subtotal excluded,D,2008-09,data_2008-09/extracted/81670do004_200809/81670DO004_200809.xls | Table_1 | Original workbook only,Original values and headers checked; full historical questionnaire and coverage equivalence is not established. Snapshot only.,None,Codex source-cell audit; conservative research gate,2026-09-14,"[{""row"": 1, ""values"": [""Australian Bureau of Statistics"", """", """", """", """", """", """", """", """", """", """", """", """"]}, {""row"": 2, ""values"": [""81670DO004_200809 Selected Characteristics of Australian Business, 2008-09"", """", """", """", """", """", """", """", """", """", """", """", """"]}, {""row"": 3, ""values"": [""Released at 11:30 am (Canberra time) Thurs 16 Sep 2010"", """", """", """", """", """", """", """", """", """", """", """", """"]}, {""row"": 4, ""values"": [""Table 1 Business use of information technology, innovator status by key indicators, by employment size, by industry 2008–09"", """", """", """", """", """", """", """", """", """", """", """", """"]}, {""row"": 5, ""values"": ["""", ""Innovation–active businesses"", """", """", """", ""Non innovation–active business"", """", """", """", ""All businesses"", """", """", """"]}, {""row"": 6, ""values"": ["""", ""Proportion of businesses with:"", """", ""Proportion of businesses which:"", """", ""Proportion of businesses with:"", """", ""Proportion of businesses which:"", """", ""Proportion of businesses with:"", """", ""Proportion of businesses which:"", """"]}, {""row"": 7, ""values"": ["""", ""Internet access"", ""web presence"", ""placed orders via the Internet or web"", ""received orders via the Internet or web"", ""Internet access"", ""web presence"", ""placed orders via the Internet or web"", ""received orders via the Internet or web"", ""Internet access"", ""web presence"", ""placed orders via the Internet or web"", ""received orders via the Internet or web""]}, {""row"": 8, ""values"": ["""", ""%"", ""%"", ""%"", ""%"", ""%"", ""%"", ""%"", ""%"", ""%"", ""%"", ""%"", ""%""]}, {""row"": 9, ""values"": [""Employment size"", """", """", """", """", """", """", """", """", """", """", """", """"]}]","[{""sourceRow"": 4, ""sourceColumn"": 0, ""cell"": ""A4"", ""text"": ""Proportion of all businesses in each output category. See Glossary for definitions of innovation status.""}]",Not independently verified for this item
internet,Basic connectivity,2009-10:7-1:8,2009-10,2009–10,All businesses / Proportion of businesses with: / internet access,internet access,"All businesses in the selected category and population. Coverage: including Agriculture, Forestry and Fishing.",Historical scope equivalence not independently established. Agriculture included in selected table.,Historical classification equivalence not approved,0–4; 5–19; 20–199; 200+ persons; overlapping 0–19 subtotal excluded,D,2009-10,data_2009-10/extracted/81670do007_200910/81670DO007_200910.xls | Table_1 | Original workbook only,Original values and headers checked; full historical questionnaire and coverage equivalence is not established. Snapshot only.,None,Codex source-cell audit; conservative research gate,2026-09-14,"[{""row"": 1, ""values"": [""Australian Bureau of Statistics"", """", """", """", """", """", """", """", """", """", """", """", """"]}, {""row"": 2, ""values"": [""81670DO007_200910 Selected Characteristics of Australian Business, 2009-10"", """", """", """", """", """", """", """", """", """", """", """", """"]}, {""row"": 3, ""values"": [""Released at 11:30 am (Canberra time) Thurs 15 Sep 2011"", """", """", """", """", """", """", """", """", """", """", """", """"]}, {""row"": 4, ""values"": [""Table 1 Business Use of Information Technology, innovation status by key indicators, by employment size, by industry, 2009–10"", """", """", """", """", """", """", """", """", """", """", """", """"]}, {""row"": 5, ""values"": ["""", ""Innovation–active businesses"", """", """", """", ""Non–Innovation active businesses"", """", """", """", ""All businesses"", """", """", """"]}, {""row"": 6, ""values"": ["""", ""Proportion of businesses with:"", """", ""Proportion of businesses which:"", """", ""Proportion of businesses with:"", """", ""Proportion of businesses which:"", """", ""Proportion of businesses with:"", """", ""Proportion of businesses which:"", """"]}, {""row"": 7, ""values"": ["""", ""internet access"", ""web presence"", ""placed orders via the internet"", ""received orders via the intenet"", ""internet access"", ""web presence"", ""placed orders via the internet"", ""received orders via the intenet"", ""internet access"", ""web presence"", ""placed orders via the internet"", ""received orders via the intenet""]}, {""row"": 8, ""values"": ["""", ""%"", ""%"", ""%"", ""%"", ""%"", ""%"", ""%"", ""%"", ""%"", ""%"", ""%"", ""%""]}, {""row"": 9, ""values"": [""Employment size"", """", """", """", """", """", """", """", """", """", """", """", """"]}]","[{""sourceRow"": 4, ""sourceColumn"": 0, ""cell"": ""A4"", ""text"": ""Proportions are of all businesses in each output category. See Glossary for definitions of innovation status.""}, {""sourceRow"": 7, ""sourceColumn"": 1, ""cell"": ""B7"", ""text"": ""As at 30 June 2010.""}, {""sourceRow"": 7, ""sourceColumn"": 2, ""cell"": ""C7"", ""text"": ""As at 30 June 2010.""}, {""sourceRow"": 7, ""sourceColumn"": 3, ""cell"": ""D7"", ""text"": ""During the financial year ending 30 June 2010.""}, {""sourceRow"": 7, ""sourceColumn"": 4, ""cell"": ""E7"", ""text"": ""During the financial year ending 30 June 2010.""}, {""sourceRow"": 7, ""sourceColumn"": 5, ""cell"": ""F7"", ""text"": ""As at 30 June 2010.""}, {""sourceRow"": 7, ""sourceColumn"": 6, ""cell"": ""G7"", ""text"": ""As at 30 June 2010.""}, {""sourceRow"": 7, ""sourceColumn"": 7, ""cell"": ""H7"", ""text"": ""During the financial year ending 30 June 2010.""}, {""sourceRow"": 7, ""sourceColumn"": 8, ""cell"": ""I7"", ""text"": ""During the financial year ending 30 June 2010.""}, {""sourceRow"": 7, ""sourceColumn"": 9, ""cell"": ""J7"", ""text"": ""As at 30 June 2010.""}, {""sourceRow"": 7, ""sourceColumn"": 10, ""cell"": ""K7"", ""text"": ""As at 30 June 2010.""}, {""sourceRow"": 7, ""sourceColumn"": 11, ""cell"": ""L7"", ""text"": ""During the financial year ending 30 June 2010.""}, {""sourceRow"": 7, ""sourceColumn"": 12, ""cell"": ""M7"", ""text"": ""During the financial year ending 30 June 2010.""}]",Not independently verified for this item
web,Basic connectivity,2009-10:7-1:9,2009-10,2009–10,All businesses / Proportion of businesses with: / web presence,web presence,"All businesses in the selected category and population. Coverage: including Agriculture, Forestry and Fishing.",Historical scope equivalence not independently established. Agriculture included in selected table.,Historical classification equivalence not approved,0–4; 5–19; 20–199; 200+ persons; overlapping 0–19 subtotal excluded,D,2009-10,data_2009-10/extracted/81670do007_200910/81670DO007_200910.xls | Table_1 | Original workbook only,Original values and headers checked; full historical questionnaire and coverage equivalence is not established. Snapshot only.,None,Codex source-cell audit; conservative research gate,2026-09-14,"[{""row"": 1, ""values"": [""Australian Bureau of Statistics"", """", """", """", """", """", """", """", """", """", """", """", """"]}, {""row"": 2, ""values"": [""81670DO007_200910 Selected Characteristics of Australian Business, 2009-10"", """", """", """", """", """", """", """", """", """", """", """", """"]}, {""row"": 3, ""values"": [""Released at 11:30 am (Canberra time) Thurs 15 Sep 2011"", """", """", """", """", """", """", """", """", """", """", """", """"]}, {""row"": 4, ""values"": [""Table 1 Business Use of Information Technology, innovation status by key indicators, by employment size, by industry, 2009–10"", """", """", """", """", """", """", """", """", """", """", """", """"]}, {""row"": 5, ""values"": ["""", ""Innovation–active businesses"", """", """", """", ""Non–Innovation active businesses"", """", """", """", ""All businesses"", """", """", """"]}, {""row"": 6, ""values"": ["""", ""Proportion of businesses with:"", """", ""Proportion of businesses which:"", """", ""Proportion of businesses with:"", """", ""Proportion of businesses which:"", """", ""Proportion of businesses with:"", """", ""Proportion of businesses which:"", """"]}, {""row"": 7, ""values"": ["""", ""internet access"", ""web presence"", ""placed orders via the internet"", ""received orders via the intenet"", ""internet access"", ""web presence"", ""placed orders via the internet"", ""received orders via the intenet"", ""internet access"", ""web presence"", ""placed orders via the internet"", ""received orders via the intenet""]}, {""row"": 8, ""values"": ["""", ""%"", ""%"", ""%"", ""%"", ""%"", ""%"", ""%"", ""%"", ""%"", ""%"", ""%"", ""%""]}, {""row"": 9, ""values"": [""Employment size"", """", """", """", """", """", """", """", """", """", """", """", """"]}]","[{""sourceRow"": 4, ""sourceColumn"": 0, ""cell"": ""A4"", ""text"": ""Proportions are of all businesses in each output category. See Glossary for definitions of innovation status.""}, {""sourceRow"": 7, ""sourceColumn"": 1, ""cell"": ""B7"", ""text"": ""As at 30 June 2010.""}, {""sourceRow"": 7, ""sourceColumn"": 2, ""cell"": ""C7"", ""text"": ""As at 30 June 2010.""}, {""sourceRow"": 7, ""sourceColumn"": 3, ""cell"": ""D7"", ""text"": ""During the financial year ending 30 June 2010.""}, {""sourceRow"": 7, ""sourceColumn"": 4, ""cell"": ""E7"", ""text"": ""During the financial year ending 30 June 2010.""}, {""sourceRow"": 7, ""sourceColumn"": 5, ""cell"": ""F7"", ""text"": ""As at 30 June 2010.""}, {""sourceRow"": 7, ""sourceColumn"": 6, ""cell"": ""G7"", ""text"": ""As at 30 June 2010.""}, {""sourceRow"": 7, ""sourceColumn"": 7, ""cell"": ""H7"", ""text"": ""During the financial year ending 30 June 2010.""}, {""sourceRow"": 7, ""sourceColumn"": 8, ""cell"": ""I7"", ""text"": ""During the financial year ending 30 June 2010.""}, {""sourceRow"": 7, ""sourceColumn"": 9, ""cell"": ""J7"", ""text"": ""As at 30 June 2010.""}, {""sourceRow"": 7, ""sourceColumn"": 10, ""cell"": ""K7"", ""text"": ""As at 30 June 2010.""}, {""sourceRow"": 7, ""sourceColumn"": 11, ""cell"": ""L7"", ""text"": ""During the financial year ending 30 June 2010.""}, {""sourceRow"": 7, ""sourceColumn"": 12, ""cell"": ""M7"", ""text"": ""During the financial year ending 30 June 2010.""}]",Not independently verified for this item
placed,Digital transactions,2009-10:7-1:10,2009-10,2009–10,All businesses / Proportion of businesses which: / placed orders via the internet,placed orders via the internet,"All businesses in the selected category and population. Coverage: including Agriculture, Forestry and Fishing.",Historical scope equivalence not independently established. Agriculture included in selected table.,Historical classification equivalence not approved,0–4; 5–19; 20–199; 200+ persons; overlapping 0–19 subtotal excluded,D,2009-10,data_2009-10/extracted/81670do007_200910/81670DO007_200910.xls | Table_1 | Original workbook only,Original values and headers checked; full historical questionnaire and coverage equivalence is not established. Snapshot only.,None,Codex source-cell audit; conservative research gate,2026-09-14,"[{""row"": 1, ""values"": [""Australian Bureau of Statistics"", """", """", """", """", """", """", """", """", """", """", """", """"]}, {""row"": 2, ""values"": [""81670DO007_200910 Selected Characteristics of Australian Business, 2009-10"", """", """", """", """", """", """", """", """", """", """", """", """"]}, {""row"": 3, ""values"": [""Released at 11:30 am (Canberra time) Thurs 15 Sep 2011"", """", """", """", """", """", """", """", """", """", """", """", """"]}, {""row"": 4, ""values"": [""Table 1 Business Use of Information Technology, innovation status by key indicators, by employment size, by industry, 2009–10"", """", """", """", """", """", """", """", """", """", """", """", """"]}, {""row"": 5, ""values"": ["""", ""Innovation–active businesses"", """", """", """", ""Non–Innovation active businesses"", """", """", """", ""All businesses"", """", """", """"]}, {""row"": 6, ""values"": ["""", ""Proportion of businesses with:"", """", ""Proportion of businesses which:"", """", ""Proportion of businesses with:"", """", ""Proportion of businesses which:"", """", ""Proportion of businesses with:"", """", ""Proportion of businesses which:"", """"]}, {""row"": 7, ""values"": ["""", ""internet access"", ""web presence"", ""placed orders via the internet"", ""received orders via the intenet"", ""internet access"", ""web presence"", ""placed orders via the internet"", ""received orders via the intenet"", ""internet access"", ""web presence"", ""placed orders via the internet"", ""received orders via the intenet""]}, {""row"": 8, ""values"": ["""", ""%"", ""%"", ""%"", ""%"", ""%"", ""%"", ""%"", ""%"", ""%"", ""%"", ""%"", ""%""]}, {""row"": 9, ""values"": [""Employment size"", """", """", """", """", """", """", """", """", """", """", """", """"]}]","[{""sourceRow"": 4, ""sourceColumn"": 0, ""cell"": ""A4"", ""text"": ""Proportions are of all businesses in each output category. See Glossary for definitions of innovation status.""}, {""sourceRow"": 7, ""sourceColumn"": 1, ""cell"": ""B7"", ""text"": ""As at 30 June 2010.""}, {""sourceRow"": 7, ""sourceColumn"": 2, ""cell"": ""C7"", ""text"": ""As at 30 June 2010.""}, {""sourceRow"": 7, ""sourceColumn"": 3, ""cell"": ""D7"", ""text"": ""During the financial year ending 30 June 2010.""}, {""sourceRow"": 7, ""sourceColumn"": 4, ""cell"": ""E7"", ""text"": ""During the financial year ending 30 June 2010.""}, {""sourceRow"": 7, ""sourceColumn"": 5, ""cell"": ""F7"", ""text"": ""As at 30 June 2010.""}, {""sourceRow"": 7, ""sourceColumn"": 6, ""cell"": ""G7"", ""text"": ""As at 30 June 2010.""}, {""sourceRow"": 7, ""sourceColumn"": 7, ""cell"": ""H7"", ""text"": ""During the financial year ending 30 June 2010.""}, {""sourceRow"": 7, ""sourceColumn"": 8, ""cell"": ""I7"", ""text"": ""During the financial year ending 30 June 2010.""}, {""sourceRow"": 7, ""sourceColumn"": 9, ""cell"": ""J7"", ""text"": ""As at 30 June 2010.""}, {""sourceRow"": 7, ""sourceColumn"": 10, ""cell"": ""K7"", ""text"": ""As at 30 June 2010.""}, {""sourceRow"": 7, ""sourceColumn"": 11, ""cell"": ""L7"", ""text"": ""During the financial year ending 30 June 2010.""}, {""sourceRow"": 7, ""sourceColumn"": 12, ""cell"": ""M7"", ""text"": ""During the financial year ending 30 June 2010.""}]",Not independently verified for this item
received,Digital transactions,2009-10:7-1:11,2009-10,2009–10,All businesses / Proportion of businesses which: / received orders via the intenet,received orders via the intenet,"All businesses in the selected category and population. Coverage: including Agriculture, Forestry and Fishing.",Historical scope equivalence not independently established. Agriculture included in selected table.,Historical classification equivalence not approved,0–4; 5–19; 20–199; 200+ persons; overlapping 0–19 subtotal excluded,D,2009-10,data_2009-10/extracted/81670do007_200910/81670DO007_200910.xls | Table_1 | Original workbook only,Original values and headers checked; full historical questionnaire and coverage equivalence is not established. Snapshot only.,None,Codex source-cell audit; conservative research gate,2026-09-14,"[{""row"": 1, ""values"": [""Australian Bureau of Statistics"", """", """", """", """", """", """", """", """", """", """", """", """"]}, {""row"": 2, ""values"": [""81670DO007_200910 Selected Characteristics of Australian Business, 2009-10"", """", """", """", """", """", """", """", """", """", """", """", """"]}, {""row"": 3, ""values"": [""Released at 11:30 am (Canberra time) Thurs 15 Sep 2011"", """", """", """", """", """", """", """", """", """", """", """", """"]}, {""row"": 4, ""values"": [""Table 1 Business Use of Information Technology, innovation status by key indicators, by employment size, by industry, 2009–10"", """", """", """", """", """", """", """", """", """", """", """", """"]}, {""row"": 5, ""values"": ["""", ""Innovation–active businesses"", """", """", """", ""Non–Innovation active businesses"", """", """", """", ""All businesses"", """", """", """"]}, {""row"": 6, ""values"": ["""", ""Proportion of businesses with:"", """", ""Proportion of businesses which:"", """", ""Proportion of businesses with:"", """", ""Proportion of businesses which:"", """", ""Proportion of businesses with:"", """", ""Proportion of businesses which:"", """"]}, {""row"": 7, ""values"": ["""", ""internet access"", ""web presence"", ""placed orders via the internet"", ""received orders via the intenet"", ""internet access"", ""web presence"", ""placed orders via the internet"", ""received orders via the intenet"", ""internet access"", ""web presence"", ""placed orders via the internet"", ""received orders via the intenet""]}, {""row"": 8, ""values"": ["""", ""%"", ""%"", ""%"", ""%"", ""%"", ""%"", ""%"", ""%"", ""%"", ""%"", ""%"", ""%""]}, {""row"": 9, ""values"": [""Employment size"", """", """", """", """", """", """", """", """", """", """", """", """"]}]","[{""sourceRow"": 4, ""sourceColumn"": 0, ""cell"": ""A4"", ""text"": ""Proportions are of all businesses in each output category. See Glossary for definitions of innovation status.""}, {""sourceRow"": 7, ""sourceColumn"": 1, ""cell"": ""B7"", ""text"": ""As at 30 June 2010.""}, {""sourceRow"": 7, ""sourceColumn"": 2, ""cell"": ""C7"", ""text"": ""As at 30 June 2010.""}, {""sourceRow"": 7, ""sourceColumn"": 3, ""cell"": ""D7"", ""text"": ""During the financial year ending 30 June 2010.""}, {""sourceRow"": 7, ""sourceColumn"": 4, ""cell"": ""E7"", ""text"": ""During the financial year ending 30 June 2010.""}, {""sourceRow"": 7, ""sourceColumn"": 5, ""cell"": ""F7"", ""text"": ""As at 30 June 2010.""}, {""sourceRow"": 7, ""sourceColumn"": 6, ""cell"": ""G7"", ""text"": ""As at 30 June 2010.""}, {""sourceRow"": 7, ""sourceColumn"": 7, ""cell"": ""H7"", ""text"": ""During the financial year ending 30 June 2010.""}, {""sourceRow"": 7, ""sourceColumn"": 8, ""cell"": ""I7"", ""text"": ""During the financial year ending 30 June 2010.""}, {""sourceRow"": 7, ""sourceColumn"": 9, ""cell"": ""J7"", ""text"": ""As at 30 June 2010.""}, {""sourceRow"": 7, ""sourceColumn"": 10, ""cell"": ""K7"", ""text"": ""As at 30 June 2010.""}, {""sourceRow"": 7, ""sourceColumn"": 11, ""cell"": ""L7"", ""text"": ""During the financial year ending 30 June 2010.""}, {""sourceRow"": 7, ""sourceColumn"": 12, ""cell"": ""M7"", ""text"": ""During the financial year ending 30 June 2010.""}]",Not independently verified for this item
internet,Basic connectivity,2010-11:4-1:8,2010-11,2010–11,All businesses / Proportion of businesses with: / internet access,internet access,"All businesses in the selected category and population. Coverage includes Agriculture, Forestry and Fishing.",Historical scope equivalence not independently established. Agriculture included in selected table.,Historical classification equivalence not approved,0–4; 5–19; 20–199; 200+ persons; overlapping 0–19 subtotal excluded,D,2010-11,data_2010-11/extracted/81670do004_201011/81670DO004_201011.XLS | Table_1 | Original workbook only,Original values and headers checked; full historical questionnaire and coverage equivalence is not established. Snapshot only.,None,Codex source-cell audit; conservative research gate,2026-09-14,"[{""row"": 1, ""values"": [""Australian Bureau of Statistics"", """", """", """", """", """", """", """", """", """", """", """", """"]}, {""row"": 2, ""values"": [""81670DO004_201011 Selected Characteristics of Australian Business, 2010-11"", """", """", """", """", """", """", """", """", """", """", """", """"]}, {""row"": 3, ""values"": [""Released at 11:30 am (Canberra time) Thurs 13 Sep 2012"", """", """", """", """", """", """", """", """", """", """", """", """"]}, {""row"": 4, ""values"": [""Table 1 Business Use of Information Technology, innovation status by key indicators, by employment size, by industry, 2010–11"", """", """", """", """", """", """", """", """", """", """", """", """"]}, {""row"": 5, ""values"": ["""", ""Innovation–active businesses"", """", """", """", ""Non Innovation–active businesses"", """", """", """", ""All businesses"", """", """", """"]}, {""row"": 6, ""values"": ["""", ""Proportion of businesses with:"", """", ""Proportion of businesses which:"", """", ""Proportion of businesses with:"", """", ""Proportion of businesses which:"", """", ""Proportion of businesses with:"", """", ""Proportion of businesses which:"", """"]}, {""row"": 7, ""values"": ["""", ""internet access"", ""web presence"", ""placed orders via the internet"", ""received orders via the internet"", ""internet access"", ""web presence"", ""placed orders via the internet"", ""received orders via the internet"", ""internet access"", ""web presence"", ""placed orders via the internet"", ""received orders via the internet""]}, {""row"": 8, ""values"": ["""", ""%"", ""%"", ""%"", ""%"", ""%"", ""%"", ""%"", ""%"", ""%"", ""%"", ""%"", ""%""]}, {""row"": 9, ""values"": [""Employment size"", """", """", """", """", """", """", """", """", """", """", """", """"]}]","[{""sourceRow"": 4, ""sourceColumn"": 0, ""cell"": ""A4"", ""text"": ""Proportions are of all businesses in each output category. See Glossary for definition of innovation status.""}, {""sourceRow"": 7, ""sourceColumn"": 1, ""cell"": ""B7"", ""text"": ""As at the end of the reference period 30 June 2011.""}, {""sourceRow"": 7, ""sourceColumn"": 2, ""cell"": ""C7"", ""text"": ""As at the end of the reference period 30 June 2011.""}, {""sourceRow"": 7, ""sourceColumn"": 3, ""cell"": ""D7"", ""text"": ""During the year ending 30 June 2011.""}, {""sourceRow"": 7, ""sourceColumn"": 4, ""cell"": ""E7"", ""text"": ""During the year ending 30 June 2011.""}, {""sourceRow"": 7, ""sourceColumn"": 5, ""cell"": ""F7"", ""text"": ""As at the end of the reference period 30 June 2011.""}, {""sourceRow"": 7, ""sourceColumn"": 6, ""cell"": ""G7"", ""text"": ""As at the end of the reference period 30 June 2011.""}, {""sourceRow"": 7, ""sourceColumn"": 7, ""cell"": ""H7"", ""text"": ""During the year ending 30 June 2011.""}, {""sourceRow"": 7, ""sourceColumn"": 8, ""cell"": ""I7"", ""text"": ""During the year ending 30 June 2011.""}, {""sourceRow"": 7, ""sourceColumn"": 9, ""cell"": ""J7"", ""text"": ""As at the end of the reference period 30 June 2011.""}, {""sourceRow"": 7, ""sourceColumn"": 10, ""cell"": ""K7"", ""text"": ""As at the end of the reference period 30 June 2011.""}, {""sourceRow"": 7, ""sourceColumn"": 11, ""cell"": ""L7"", ""text"": ""During the year ending 30 June 2011.""}, {""sourceRow"": 7, ""sourceColumn"": 12, ""cell"": ""M7"", ""text"": ""During the year ending 30 June 2011.""}]",Not independently verified for this item
web,Basic connectivity,2010-11:4-1:9,2010-11,2010–11,All businesses / Proportion of businesses with: / web presence,web presence,"All businesses in the selected category and population. Coverage includes Agriculture, Forestry and Fishing.",Historical scope equivalence not independently established. Agriculture included in selected table.,Historical classification equivalence not approved,0–4; 5–19; 20–199; 200+ persons; overlapping 0–19 subtotal excluded,D,2010-11,data_2010-11/extracted/81670do004_201011/81670DO004_201011.XLS | Table_1 | Original workbook only,Original values and headers checked; full historical questionnaire and coverage equivalence is not established. Snapshot only.,None,Codex source-cell audit; conservative research gate,2026-09-14,"[{""row"": 1, ""values"": [""Australian Bureau of Statistics"", """", """", """", """", """", """", """", """", """", """", """", """"]}, {""row"": 2, ""values"": [""81670DO004_201011 Selected Characteristics of Australian Business, 2010-11"", """", """", """", """", """", """", """", """", """", """", """", """"]}, {""row"": 3, ""values"": [""Released at 11:30 am (Canberra time) Thurs 13 Sep 2012"", """", """", """", """", """", """", """", """", """", """", """", """"]}, {""row"": 4, ""values"": [""Table 1 Business Use of Information Technology, innovation status by key indicators, by employment size, by industry, 2010–11"", """", """", """", """", """", """", """", """", """", """", """", """"]}, {""row"": 5, ""values"": ["""", ""Innovation–active businesses"", """", """", """", ""Non Innovation–active businesses"", """", """", """", ""All businesses"", """", """", """"]}, {""row"": 6, ""values"": ["""", ""Proportion of businesses with:"", """", ""Proportion of businesses which:"", """", ""Proportion of businesses with:"", """", ""Proportion of businesses which:"", """", ""Proportion of businesses with:"", """", ""Proportion of businesses which:"", """"]}, {""row"": 7, ""values"": ["""", ""internet access"", ""web presence"", ""placed orders via the internet"", ""received orders via the internet"", ""internet access"", ""web presence"", ""placed orders via the internet"", ""received orders via the internet"", ""internet access"", ""web presence"", ""placed orders via the internet"", ""received orders via the internet""]}, {""row"": 8, ""values"": ["""", ""%"", ""%"", ""%"", ""%"", ""%"", ""%"", ""%"", ""%"", ""%"", ""%"", ""%"", ""%""]}, {""row"": 9, ""values"": [""Employment size"", """", """", """", """", """", """", """", """", """", """", """", """"]}]","[{""sourceRow"": 4, ""sourceColumn"": 0, ""cell"": ""A4"", ""text"": ""Proportions are of all businesses in each output category. See Glossary for definition of innovation status.""}, {""sourceRow"": 7, ""sourceColumn"": 1, ""cell"": ""B7"", ""text"": ""As at the end of the reference period 30 June 2011.""}, {""sourceRow"": 7, ""sourceColumn"": 2, ""cell"": ""C7"", ""text"": ""As at the end of the reference period 30 June 2011.""}, {""sourceRow"": 7, ""sourceColumn"": 3, ""cell"": ""D7"", ""text"": ""During the year ending 30 June 2011.""}, {""sourceRow"": 7, ""sourceColumn"": 4, ""cell"": ""E7"", ""text"": ""During the year ending 30 June 2011.""}, {""sourceRow"": 7, ""sourceColumn"": 5, ""cell"": ""F7"", ""text"": ""As at the end of the reference period 30 June 2011.""}, {""sourceRow"": 7, ""sourceColumn"": 6, ""cell"": ""G7"", ""text"": ""As at the end of the reference period 30 June 2011.""}, {""sourceRow"": 7, ""sourceColumn"": 7, ""cell"": ""H7"", ""text"": ""During the year ending 30 June 2011.""}, {""sourceRow"": 7, ""sourceColumn"": 8, ""cell"": ""I7"", ""text"": ""During the year ending 30 June 2011.""}, {""sourceRow"": 7, ""sourceColumn"": 9, ""cell"": ""J7"", ""text"": ""As at the end of the reference period 30 June 2011.""}, {""sourceRow"": 7, ""sourceColumn"": 10, ""cell"": ""K7"", ""text"": ""As at the end of the reference period 30 June 2011.""}, {""sourceRow"": 7, ""sourceColumn"": 11, ""cell"": ""L7"", ""text"": ""During the year ending 30 June 2011.""}, {""sourceRow"": 7, ""sourceColumn"": 12, ""cell"": ""M7"", ""text"": ""During the year ending 30 June 2011.""}]",Not independently verified for this item
placed,Digital transactions,2010-11:4-1:10,2010-11,2010–11,All businesses / Proportion of businesses which: / placed orders via the internet,placed orders via the internet,"All businesses in the selected category and population. Coverage includes Agriculture, Forestry and Fishing.",Historical scope equivalence not independently established. Agriculture included in selected table.,Historical classification equivalence not approved,0–4; 5–19; 20–199; 200+ persons; overlapping 0–19 subtotal excluded,D,2010-11,data_2010-11/extracted/81670do004_201011/81670DO004_201011.XLS | Table_1 | Original workbook only,Original values and headers checked; full historical questionnaire and coverage equivalence is not established. Snapshot only.,None,Codex source-cell audit; conservative research gate,2026-09-14,"[{""row"": 1, ""values"": [""Australian Bureau of Statistics"", """", """", """", """", """", """", """", """", """", """", """", """"]}, {""row"": 2, ""values"": [""81670DO004_201011 Selected Characteristics of Australian Business, 2010-11"", """", """", """", """", """", """", """", """", """", """", """", """"]}, {""row"": 3, ""values"": [""Released at 11:30 am (Canberra time) Thurs 13 Sep 2012"", """", """", """", """", """", """", """", """", """", """", """", """"]}, {""row"": 4, ""values"": [""Table 1 Business Use of Information Technology, innovation status by key indicators, by employment size, by industry, 2010–11"", """", """", """", """", """", """", """", """", """", """", """", """"]}, {""row"": 5, ""values"": ["""", ""Innovation–active businesses"", """", """", """", ""Non Innovation–active businesses"", """", """", """", ""All businesses"", """", """", """"]}, {""row"": 6, ""values"": ["""", ""Proportion of businesses with:"", """", ""Proportion of businesses which:"", """", ""Proportion of businesses with:"", """", ""Proportion of businesses which:"", """", ""Proportion of businesses with:"", """", ""Proportion of businesses which:"", """"]}, {""row"": 7, ""values"": ["""", ""internet access"", ""web presence"", ""placed orders via the internet"", ""received orders via the internet"", ""internet access"", ""web presence"", ""placed orders via the internet"", ""received orders via the internet"", ""internet access"", ""web presence"", ""placed orders via the internet"", ""received orders via the internet""]}, {""row"": 8, ""values"": ["""", ""%"", ""%"", ""%"", ""%"", ""%"", ""%"", ""%"", ""%"", ""%"", ""%"", ""%"", ""%""]}, {""row"": 9, ""values"": [""Employment size"", """", """", """", """", """", """", """", """", """", """", """", """"]}]","[{""sourceRow"": 4, ""sourceColumn"": 0, ""cell"": ""A4"", ""text"": ""Proportions are of all businesses in each output category. See Glossary for definition of innovation status.""}, {""sourceRow"": 7, ""sourceColumn"": 1, ""cell"": ""B7"", ""text"": ""As at the end of the reference period 30 June 2011.""}, {""sourceRow"": 7, ""sourceColumn"": 2, ""cell"": ""C7"", ""text"": ""As at the end of the reference period 30 June 2011.""}, {""sourceRow"": 7, ""sourceColumn"": 3, ""cell"": ""D7"", ""text"": ""During the year ending 30 June 2011.""}, {""sourceRow"": 7, ""sourceColumn"": 4, ""cell"": ""E7"", ""text"": ""During the year ending 30 June 2011.""}, {""sourceRow"": 7, ""sourceColumn"": 5, ""cell"": ""F7"", ""text"": ""As at the end of the reference period 30 June 2011.""}, {""sourceRow"": 7, ""sourceColumn"": 6, ""cell"": ""G7"", ""text"": ""As at the end of the reference period 30 June 2011.""}, {""sourceRow"": 7, ""sourceColumn"": 7, ""cell"": ""H7"", ""text"": ""During the year ending 30 June 2011.""}, {""sourceRow"": 7, ""sourceColumn"": 8, ""cell"": ""I7"", ""text"": ""During the year ending 30 June 2011.""}, {""sourceRow"": 7, ""sourceColumn"": 9, ""cell"": ""J7"", ""text"": ""As at the end of the reference period 30 June 2011.""}, {""sourceRow"": 7, ""sourceColumn"": 10, ""cell"": ""K7"", ""text"": ""As at the end of the reference period 30 June 2011.""}, {""sourceRow"": 7, ""sourceColumn"": 11, ""cell"": ""L7"", ""text"": ""During the year ending 30 June 2011.""}, {""sourceRow"": 7, ""sourceColumn"": 12, ""cell"": ""M7"", ""text"": ""During the year ending 30 June 2011.""}]",Not independently verified for this item
received,Digital transactions,2010-11:4-1:11,2010-11,2010–11,All businesses / Proportion of businesses which: / received orders via the internet,received orders via the internet,"All businesses in the selected category and population. Coverage includes Agriculture, Forestry and Fishing.",Historical scope equivalence not independently established. Agriculture included in selected table.,Historical classification equivalence not approved,0–4; 5–19; 20–199; 200+ persons; overlapping 0–19 subtotal excluded,D,2010-11,data_2010-11/extracted/81670do004_201011/81670DO004_201011.XLS | Table_1 | Original workbook only,Original values and headers checked; full historical questionnaire and coverage equivalence is not established. Snapshot only.,None,Codex source-cell audit; conservative research gate,2026-09-14,"[{""row"": 1, ""values"": [""Australian Bureau of Statistics"", """", """", """", """", """", """", """", """", """", """", """", """"]}, {""row"": 2, ""values"": [""81670DO004_201011 Selected Characteristics of Australian Business, 2010-11"", """", """", """", """", """", """", """", """", """", """", """", """"]}, {""row"": 3, ""values"": [""Released at 11:30 am (Canberra time) Thurs 13 Sep 2012"", """", """", """", """", """", """", """", """", """", """", """", """"]}, {""row"": 4, ""values"": [""Table 1 Business Use of Information Technology, innovation status by key indicators, by employment size, by industry, 2010–11"", """", """", """", """", """", """", """", """", """", """", """", """"]}, {""row"": 5, ""values"": ["""", ""Innovation–active businesses"", """", """", """", ""Non Innovation–active businesses"", """", """", """", ""All businesses"", """", """", """"]}, {""row"": 6, ""values"": ["""", ""Proportion of businesses with:"", """", ""Proportion of businesses which:"", """", ""Proportion of businesses with:"", """", ""Proportion of businesses which:"", """", ""Proportion of businesses with:"", """", ""Proportion of businesses which:"", """"]}, {""row"": 7, ""values"": ["""", ""internet access"", ""web presence"", ""placed orders via the internet"", ""received orders via the internet"", ""internet access"", ""web presence"", ""placed orders via the internet"", ""received orders via the internet"", ""internet access"", ""web presence"", ""placed orders via the internet"", ""received orders via the internet""]}, {""row"": 8, ""values"": ["""", ""%"", ""%"", ""%"", ""%"", ""%"", ""%"", ""%"", ""%"", ""%"", ""%"", ""%"", ""%""]}, {""row"": 9, ""values"": [""Employment size"", """", """", """", """", """", """", """", """", """", """", """", """"]}]","[{""sourceRow"": 4, ""sourceColumn"": 0, ""cell"": ""A4"", ""text"": ""Proportions are of all businesses in each output category. See Glossary for definition of innovation status.""}, {""sourceRow"": 7, ""sourceColumn"": 1, ""cell"": ""B7"", ""text"": ""As at the end of the reference period 30 June 2011.""}, {""sourceRow"": 7, ""sourceColumn"": 2, ""cell"": ""C7"", ""text"": ""As at the end of the reference period 30 June 2011.""}, {""sourceRow"": 7, ""sourceColumn"": 3, ""cell"": ""D7"", ""text"": ""During the year ending 30 June 2011.""}, {""sourceRow"": 7, ""sourceColumn"": 4, ""cell"": ""E7"", ""text"": ""During the year ending 30 June 2011.""}, {""sourceRow"": 7, ""sourceColumn"": 5, ""cell"": ""F7"", ""text"": ""As at the end of the reference period 30 June 2011.""}, {""sourceRow"": 7, ""sourceColumn"": 6, ""cell"": ""G7"", ""text"": ""As at the end of the reference period 30 June 2011.""}, {""sourceRow"": 7, ""sourceColumn"": 7, ""cell"": ""H7"", ""text"": ""During the year ending 30 June 2011.""}, {""sourceRow"": 7, ""sourceColumn"": 8, ""cell"": ""I7"", ""text"": ""During the year ending 30 June 2011.""}, {""sourceRow"": 7, ""sourceColumn"": 9, ""cell"": ""J7"", ""text"": ""As at the end of the reference period 30 June 2011.""}, {""sourceRow"": 7, ""sourceColumn"": 10, ""cell"": ""K7"", ""text"": ""As at the end of the reference period 30 June 2011.""}, {""sourceRow"": 7, ""sourceColumn"": 11, ""cell"": ""L7"", ""text"": ""During the year ending 30 June 2011.""}, {""sourceRow"": 7, ""sourceColumn"": 12, ""cell"": ""M7"", ""text"": ""During the year ending 30 June 2011.""}]",Not independently verified for this item
internet,Basic connectivity,2011-12:4-1:10,2011-12,2011–12,All businesses / Proportion of businesses with: / internet access,internet access,"All businesses in the selected category and population. Coverage includes Agriculture, Forestry and Fishing.",Historical scope equivalence not independently established. Agriculture included in selected table.,Historical classification equivalence not approved,0–4; 5–19; 20–199; 200+ persons; overlapping 0–19 subtotal excluded,D,2011-12,data_2011-12/extracted/81670do004_201112/81670DO004_201112.xls | Table_1 | Original workbook only,Original values and headers checked; full historical questionnaire and coverage equivalence is not established. Snapshot only.,None,Codex source-cell audit; conservative research gate,2026-09-14,"[{""row"": 1, ""values"": [""Australian Bureau of Statistics"", """", """", """", """", """", """", """", """", """", """", """", """", """", """", """"]}, {""row"": 2, ""values"": [""81670DO004_201112 Selected Characteristics of Australian Business, 2011-12"", """", """", """", """", """", """", """", """", """", """", """", """", """", """", """"]}, {""row"": 3, ""values"": [""Released at 11:30 am (Canberra time) Thurs 19 Sep 2013"", """", """", """", """", """", """", """", """", """", """", """", """", """", """", """"]}, {""row"": 4, ""values"": [""Table 1 Business use of information technology, innovation status by key indicators, by employment size, by industry, 2011-12"", """", """", """", """", """", """", """", """", """", """", """", """", """", """", """"]}, {""row"": 5, ""values"": ["""", ""Innovation-active businesses"", """", """", """", """", ""Non innovation-active businesses"", """", """", """", """", ""All businesses"", """", """", """", """"]}, {""row"": 6, ""values"": ["""", ""Proportion of businesses with:"", """", """", ""Proportion of businesses that:"", """", ""Proportion of businesses with:"", """", """", ""Proportion of businesses that:"", """", ""Proportion of businesses with:"", """", """", ""Proportion of businesses that:"", """"]}, {""row"": 7, ""values"": ["""", ""internet access"", ""web presence"", ""social media presence"", ""placed orders via the internet"", ""recieved orders via the internet"", ""internet access"", ""web presence"", ""social media presence"", ""placed orders via the internet"", ""recieved orders via the internet"", ""internet access"", ""web presence"", ""social media presence"", ""placed orders via the internet"", ""recieved orders via the internet""]}, {""row"": 8, ""values"": ["""", ""%"", ""%"", ""%"", ""%"", ""%"", ""%"", ""%"", ""%"", ""%"", ""%"", ""%"", ""%"", ""%"", ""%"", ""%""]}, {""row"": 9, ""values"": [""Employment size"", """", """", """", """", """", """", """", """", """", """", """", """", """", """", """"]}]","[{""sourceRow"": 4, ""sourceColumn"": 0, ""cell"": ""A4"", ""text"": ""Proportions are of all businesses in each output category. See Glossary for definition of innovation status.""}, {""sourceRow"": 7, ""sourceColumn"": 1, ""cell"": ""B7"", ""text"": ""As at the end of the reference period 30 June 2012.""}, {""sourceRow"": 7, ""sourceColumn"": 2, ""cell"": ""C7"", ""text"": ""As at the end of the reference period 30 June 2012.""}, {""sourceRow"": 7, ""sourceColumn"": 3, ""cell"": ""D7"", ""text"": ""As at the end of the reference period 30 June 2012.""}, {""sourceRow"": 7, ""sourceColumn"": 4, ""cell"": ""E7"", ""text"": ""During the year ending 30 June 2012.""}, {""sourceRow"": 7, ""sourceColumn"": 5, ""cell"": ""F7"", ""text"": ""During the year ending 30 June 2012.""}, {""sourceRow"": 7, ""sourceColumn"": 6, ""cell"": ""G7"", ""text"": ""As at the end of the reference period 30 June 2012.""}, {""sourceRow"": 7, ""sourceColumn"": 7, ""cell"": ""H7"", ""text"": ""As at the end of the reference period 30 June 2012.""}, {""sourceRow"": 7, ""sourceColumn"": 8, ""cell"": ""I7"", ""text"": ""As at the end of the reference period 30 June 2012.""}, {""sourceRow"": 7, ""sourceColumn"": 9, ""cell"": ""J7"", ""text"": ""During the year ending 30 June 2012.""}, {""sourceRow"": 7, ""sourceColumn"": 10, ""cell"": ""K7"", ""text"": ""During the year ending 30 June 2012.""}, {""sourceRow"": 7, ""sourceColumn"": 11, ""cell"": ""L7"", ""text"": ""As at the end of the reference period 30 June 2012.""}, {""sourceRow"": 7, ""sourceColumn"": 12, ""cell"": ""M7"", ""text"": ""As at the end of the reference period 30 June 2012.""}, {""sourceRow"": 7, ""sourceColumn"": 13, ""cell"": ""N7"", ""text"": ""As at the end of the reference period 30 June 2012.""}, {""sourceRow"": 7, ""sourceColumn"": 14, ""cell"": ""O7"", ""text"": ""During the year ending 30 June 2012.""}, {""sourceRow"": 7, ""sourceColumn"": 15, ""cell"": ""P7"", ""text"": ""During the year ending 30 June 2012.""}]",Not independently verified for this item
web,Basic connectivity,2011-12:4-1:11,2011-12,2011–12,All businesses / Proportion of businesses with: / web presence,web presence,"All businesses in the selected category and population. Coverage includes Agriculture, Forestry and Fishing.",Historical scope equivalence not independently established. Agriculture included in selected table.,Historical classification equivalence not approved,0–4; 5–19; 20–199; 200+ persons; overlapping 0–19 subtotal excluded,D,2011-12,data_2011-12/extracted/81670do004_201112/81670DO004_201112.xls | Table_1 | Original workbook only,Original values and headers checked; full historical questionnaire and coverage equivalence is not established. Snapshot only.,None,Codex source-cell audit; conservative research gate,2026-09-14,"[{""row"": 1, ""values"": [""Australian Bureau of Statistics"", """", """", """", """", """", """", """", """", """", """", """", """", """", """", """"]}, {""row"": 2, ""values"": [""81670DO004_201112 Selected Characteristics of Australian Business, 2011-12"", """", """", """", """", """", """", """", """", """", """", """", """", """", """", """"]}, {""row"": 3, ""values"": [""Released at 11:30 am (Canberra time) Thurs 19 Sep 2013"", """", """", """", """", """", """", """", """", """", """", """", """", """", """", """"]}, {""row"": 4, ""values"": [""Table 1 Business use of information technology, innovation status by key indicators, by employment size, by industry, 2011-12"", """", """", """", """", """", """", """", """", """", """", """", """", """", """", """"]}, {""row"": 5, ""values"": ["""", ""Innovation-active businesses"", """", """", """", """", ""Non innovation-active businesses"", """", """", """", """", ""All businesses"", """", """", """", """"]}, {""row"": 6, ""values"": ["""", ""Proportion of businesses with:"", """", """", ""Proportion of businesses that:"", """", ""Proportion of businesses with:"", """", """", ""Proportion of businesses that:"", """", ""Proportion of businesses with:"", """", """", ""Proportion of businesses that:"", """"]}, {""row"": 7, ""values"": ["""", ""internet access"", ""web presence"", ""social media presence"", ""placed orders via the internet"", ""recieved orders via the internet"", ""internet access"", ""web presence"", ""social media presence"", ""placed orders via the internet"", ""recieved orders via the internet"", ""internet access"", ""web presence"", ""social media presence"", ""placed orders via the internet"", ""recieved orders via the internet""]}, {""row"": 8, ""values"": ["""", ""%"", ""%"", ""%"", ""%"", ""%"", ""%"", ""%"", ""%"", ""%"", ""%"", ""%"", ""%"", ""%"", ""%"", ""%""]}, {""row"": 9, ""values"": [""Employment size"", """", """", """", """", """", """", """", """", """", """", """", """", """", """", """"]}]","[{""sourceRow"": 4, ""sourceColumn"": 0, ""cell"": ""A4"", ""text"": ""Proportions are of all businesses in each output category. See Glossary for definition of innovation status.""}, {""sourceRow"": 7, ""sourceColumn"": 1, ""cell"": ""B7"", ""text"": ""As at the end of the reference period 30 June 2012.""}, {""sourceRow"": 7, ""sourceColumn"": 2, ""cell"": ""C7"", ""text"": ""As at the end of the reference period 30 June 2012.""}, {""sourceRow"": 7, ""sourceColumn"": 3, ""cell"": ""D7"", ""text"": ""As at the end of the reference period 30 June 2012.""}, {""sourceRow"": 7, ""sourceColumn"": 4, ""cell"": ""E7"", ""text"": ""During the year ending 30 June 2012.""}, {""sourceRow"": 7, ""sourceColumn"": 5, ""cell"": ""F7"", ""text"": ""During the year ending 30 June 2012.""}, {""sourceRow"": 7, ""sourceColumn"": 6, ""cell"": ""G7"", ""text"": ""As at the end of the reference period 30 June 2012.""}, {""sourceRow"": 7, ""sourceColumn"": 7, ""cell"": ""H7"", ""text"": ""As at the end of the reference period 30 June 2012.""}, {""sourceRow"": 7, ""sourceColumn"": 8, ""cell"": ""I7"", ""text"": ""As at the end of the reference period 30 June 2012.""}, {""sourceRow"": 7, ""sourceColumn"": 9, ""cell"": ""J7"", ""text"": ""During the year ending 30 June 2012.""}, {""sourceRow"": 7, ""sourceColumn"": 10, ""cell"": ""K7"", ""text"": ""During the year ending 30 June 2012.""}, {""sourceRow"": 7, ""sourceColumn"": 11, ""cell"": ""L7"", ""text"": ""As at the end of the reference period 30 June 2012.""}, {""sourceRow"": 7, ""sourceColumn"": 12, ""cell"": ""M7"", ""text"": ""As at the end of the reference period 30 June 2012.""}, {""sourceRow"": 7, ""sourceColumn"": 13, ""cell"": ""N7"", ""text"": ""As at the end of the reference period 30 June 2012.""}, {""sourceRow"": 7, ""sourceColumn"": 14, ""cell"": ""O7"", ""text"": ""During the year ending 30 June 2012.""}, {""sourceRow"": 7, ""sourceColumn"": 15, ""cell"": ""P7"", ""text"": ""During the year ending 30 June 2012.""}]",Not independently verified for this item
social,Basic connectivity,2011-12:4-1:12,2011-12,2011–12,All businesses / Proportion of businesses with: / social media presence,social media presence,"All businesses in the selected category and population. Coverage includes Agriculture, Forestry and Fishing.",Historical scope equivalence not independently established. Agriculture included in selected table.,Historical classification equivalence not approved,0–4; 5–19; 20–199; 200+ persons; overlapping 0–19 subtotal excluded,D,2011-12,data_2011-12/extracted/81670do004_201112/81670DO004_201112.xls | Table_1 | Original workbook only,Original values and headers checked; full historical questionnaire and coverage equivalence is not established. Snapshot only.,None,Codex source-cell audit; conservative research gate,2026-09-14,"[{""row"": 1, ""values"": [""Australian Bureau of Statistics"", """", """", """", """", """", """", """", """", """", """", """", """", """", """", """"]}, {""row"": 2, ""values"": [""81670DO004_201112 Selected Characteristics of Australian Business, 2011-12"", """", """", """", """", """", """", """", """", """", """", """", """", """", """", """"]}, {""row"": 3, ""values"": [""Released at 11:30 am (Canberra time) Thurs 19 Sep 2013"", """", """", """", """", """", """", """", """", """", """", """", """", """", """", """"]}, {""row"": 4, ""values"": [""Table 1 Business use of information technology, innovation status by key indicators, by employment size, by industry, 2011-12"", """", """", """", """", """", """", """", """", """", """", """", """", """", """", """"]}, {""row"": 5, ""values"": ["""", ""Innovation-active businesses"", """", """", """", """", ""Non innovation-active businesses"", """", """", """", """", ""All businesses"", """", """", """", """"]}, {""row"": 6, ""values"": ["""", ""Proportion of businesses with:"", """", """", ""Proportion of businesses that:"", """", ""Proportion of businesses with:"", """", """", ""Proportion of businesses that:"", """", ""Proportion of businesses with:"", """", """", ""Proportion of businesses that:"", """"]}, {""row"": 7, ""values"": ["""", ""internet access"", ""web presence"", ""social media presence"", ""placed orders via the internet"", ""recieved orders via the internet"", ""internet access"", ""web presence"", ""social media presence"", ""placed orders via the internet"", ""recieved orders via the internet"", ""internet access"", ""web presence"", ""social media presence"", ""placed orders via the internet"", ""recieved orders via the internet""]}, {""row"": 8, ""values"": ["""", ""%"", ""%"", ""%"", ""%"", ""%"", ""%"", ""%"", ""%"", ""%"", ""%"", ""%"", ""%"", ""%"", ""%"", ""%""]}, {""row"": 9, ""values"": [""Employment size"", """", """", """", """", """", """", """", """", """", """", """", """", """", """", """"]}]","[{""sourceRow"": 4, ""sourceColumn"": 0, ""cell"": ""A4"", ""text"": ""Proportions are of all businesses in each output category. See Glossary for definition of innovation status.""}, {""sourceRow"": 7, ""sourceColumn"": 1, ""cell"": ""B7"", ""text"": ""As at the end of the reference period 30 June 2012.""}, {""sourceRow"": 7, ""sourceColumn"": 2, ""cell"": ""C7"", ""text"": ""As at the end of the reference period 30 June 2012.""}, {""sourceRow"": 7, ""sourceColumn"": 3, ""cell"": ""D7"", ""text"": ""As at the end of the reference period 30 June 2012.""}, {""sourceRow"": 7, ""sourceColumn"": 4, ""cell"": ""E7"", ""text"": ""During the year ending 30 June 2012.""}, {""sourceRow"": 7, ""sourceColumn"": 5, ""cell"": ""F7"", ""text"": ""During the year ending 30 June 2012.""}, {""sourceRow"": 7, ""sourceColumn"": 6, ""cell"": ""G7"", ""text"": ""As at the end of the reference period 30 June 2012.""}, {""sourceRow"": 7, ""sourceColumn"": 7, ""cell"": ""H7"", ""text"": ""As at the end of the reference period 30 June 2012.""}, {""sourceRow"": 7, ""sourceColumn"": 8, ""cell"": ""I7"", ""text"": ""As at the end of the reference period 30 June 2012.""}, {""sourceRow"": 7, ""sourceColumn"": 9, ""cell"": ""J7"", ""text"": ""During the year ending 30 June 2012.""}, {""sourceRow"": 7, ""sourceColumn"": 10, ""cell"": ""K7"", ""text"": ""During the year ending 30 June 2012.""}, {""sourceRow"": 7, ""sourceColumn"": 11, ""cell"": ""L7"", ""text"": ""As at the end of the reference period 30 June 2012.""}, {""sourceRow"": 7, ""sourceColumn"": 12, ""cell"": ""M7"", ""text"": ""As at the end of the reference period 30 June 2012.""}, {""sourceRow"": 7, ""sourceColumn"": 13, ""cell"": ""N7"", ""text"": ""As at the end of the reference period 30 June 2012.""}, {""sourceRow"": 7, ""sourceColumn"": 14, ""cell"": ""O7"", ""text"": ""During the year ending 30 June 2012.""}, {""sourceRow"": 7, ""sourceColumn"": 15, ""cell"": ""P7"", ""text"": ""During the year ending 30 June 2012.""}]",Not independently verified for this item
placed,Digital transactions,2011-12:4-1:13,2011-12,2011–12,All businesses / Proportion of businesses that: / placed orders via the internet,placed orders via the internet,"All businesses in the selected category and population. Coverage includes Agriculture, Forestry and Fishing.",Historical scope equivalence not independently established. Agriculture included in selected table.,Historical classification equivalence not approved,0–4; 5–19; 20–199; 200+ persons; overlapping 0–19 subtotal excluded,D,2011-12,data_2011-12/extracted/81670do004_201112/81670DO004_201112.xls | Table_1 | Original workbook only,Original values and headers checked; full historical questionnaire and coverage equivalence is not established. Snapshot only.,None,Codex source-cell audit; conservative research gate,2026-09-14,"[{""row"": 1, ""values"": [""Australian Bureau of Statistics"", """", """", """", """", """", """", """", """", """", """", """", """", """", """", """"]}, {""row"": 2, ""values"": [""81670DO004_201112 Selected Characteristics of Australian Business, 2011-12"", """", """", """", """", """", """", """", """", """", """", """", """", """", """", """"]}, {""row"": 3, ""values"": [""Released at 11:30 am (Canberra time) Thurs 19 Sep 2013"", """", """", """", """", """", """", """", """", """", """", """", """", """", """", """"]}, {""row"": 4, ""values"": [""Table 1 Business use of information technology, innovation status by key indicators, by employment size, by industry, 2011-12"", """", """", """", """", """", """", """", """", """", """", """", """", """", """", """"]}, {""row"": 5, ""values"": ["""", ""Innovation-active businesses"", """", """", """", """", ""Non innovation-active businesses"", """", """", """", """", ""All businesses"", """", """", """", """"]}, {""row"": 6, ""values"": ["""", ""Proportion of businesses with:"", """", """", ""Proportion of businesses that:"", """", ""Proportion of businesses with:"", """", """", ""Proportion of businesses that:"", """", ""Proportion of businesses with:"", """", """", ""Proportion of businesses that:"", """"]}, {""row"": 7, ""values"": ["""", ""internet access"", ""web presence"", ""social media presence"", ""placed orders via the internet"", ""recieved orders via the internet"", ""internet access"", ""web presence"", ""social media presence"", ""placed orders via the internet"", ""recieved orders via the internet"", ""internet access"", ""web presence"", ""social media presence"", ""placed orders via the internet"", ""recieved orders via the internet""]}, {""row"": 8, ""values"": ["""", ""%"", ""%"", ""%"", ""%"", ""%"", ""%"", ""%"", ""%"", ""%"", ""%"", ""%"", ""%"", ""%"", ""%"", ""%""]}, {""row"": 9, ""values"": [""Employment size"", """", """", """", """", """", """", """", """", """", """", """", """", """", """", """"]}]","[{""sourceRow"": 4, ""sourceColumn"": 0, ""cell"": ""A4"", ""text"": ""Proportions are of all businesses in each output category. See Glossary for definition of innovation status.""}, {""sourceRow"": 7, ""sourceColumn"": 1, ""cell"": ""B7"", ""text"": ""As at the end of the reference period 30 June 2012.""}, {""sourceRow"": 7, ""sourceColumn"": 2, ""cell"": ""C7"", ""text"": ""As at the end of the reference period 30 June 2012.""}, {""sourceRow"": 7, ""sourceColumn"": 3, ""cell"": ""D7"", ""text"": ""As at the end of the reference period 30 June 2012.""}, {""sourceRow"": 7, ""sourceColumn"": 4, ""cell"": ""E7"", ""text"": ""During the year ending 30 June 2012.""}, {""sourceRow"": 7, ""sourceColumn"": 5, ""cell"": ""F7"", ""text"": ""During the year ending 30 June 2012.""}, {""sourceRow"": 7, ""sourceColumn"": 6, ""cell"": ""G7"", ""text"": ""As at the end of the reference period 30 June 2012.""}, {""sourceRow"": 7, ""sourceColumn"": 7, ""cell"": ""H7"", ""text"": ""As at the end of the reference period 30 June 2012.""}, {""sourceRow"": 7, ""sourceColumn"": 8, ""cell"": ""I7"", ""text"": ""As at the end of the reference period 30 June 2012.""}, {""sourceRow"": 7, ""sourceColumn"": 9, ""cell"": ""J7"", ""text"": ""During the year ending 30 June 2012.""}, {""sourceRow"": 7, ""sourceColumn"": 10, ""cell"": ""K7"", ""text"": ""During the year ending 30 June 2012.""}, {""sourceRow"": 7, ""sourceColumn"": 11, ""cell"": ""L7"", ""text"": ""As at the end of the reference period 30 June 2012.""}, {""sourceRow"": 7, ""sourceColumn"": 12, ""cell"": ""M7"", ""text"": ""As at the end of the reference period 30 June 2012.""}, {""sourceRow"": 7, ""sourceColumn"": 13, ""cell"": ""N7"", ""text"": ""As at the end of the reference period 30 June 2012.""}, {""sourceRow"": 7, ""sourceColumn"": 14, ""cell"": ""O7"", ""text"": ""During the year ending 30 June 2012.""}, {""sourceRow"": 7, ""sourceColumn"": 15, ""cell"": ""P7"", ""text"": ""During the year ending 30 June 2012.""}]",Not independently verified for this item
received,Digital transactions,2011-12:4-1:14,2011-12,2011–12,All businesses / Proportion of businesses that: / recieved orders via the internet,recieved orders via the internet,"All businesses in the selected category and population. Coverage includes Agriculture, Forestry and Fishing.",Historical scope equivalence not independently established. Agriculture included in selected table.,Historical classification equivalence not approved,0–4; 5–19; 20–199; 200+ persons; overlapping 0–19 subtotal excluded,D,2011-12,data_2011-12/extracted/81670do004_201112/81670DO004_201112.xls | Table_1 | Original workbook only,Original values and headers checked; full historical questionnaire and coverage equivalence is not established. Snapshot only.,None,Codex source-cell audit; conservative research gate,2026-09-14,"[{""row"": 1, ""values"": [""Australian Bureau of Statistics"", """", """", """", """", """", """", """", """", """", """", """", """", """", """", """"]}, {""row"": 2, ""values"": [""81670DO004_201112 Selected Characteristics of Australian Business, 2011-12"", """", """", """", """", """", """", """", """", """", """", """", """", """", """", """"]}, {""row"": 3, ""values"": [""Released at 11:30 am (Canberra time) Thurs 19 Sep 2013"", """", """", """", """", """", """", """", """", """", """", """", """", """", """", """"]}, {""row"": 4, ""values"": [""Table 1 Business use of information technology, innovation status by key indicators, by employment size, by industry, 2011-12"", """", """", """", """", """", """", """", """", """", """", """", """", """", """", """"]}, {""row"": 5, ""values"": ["""", ""Innovation-active businesses"", """", """", """", """", ""Non innovation-active businesses"", """", """", """", """", ""All businesses"", """", """", """", """"]}, {""row"": 6, ""values"": ["""", ""Proportion of businesses with:"", """", """", ""Proportion of businesses that:"", """", ""Proportion of businesses with:"", """", """", ""Proportion of businesses that:"", """", ""Proportion of businesses with:"", """", """", ""Proportion of businesses that:"", """"]}, {""row"": 7, ""values"": ["""", ""internet access"", ""web presence"", ""social media presence"", ""placed orders via the internet"", ""recieved orders via the internet"", ""internet access"", ""web presence"", ""social media presence"", ""placed orders via the internet"", ""recieved orders via the internet"", ""internet access"", ""web presence"", ""social media presence"", ""placed orders via the internet"", ""recieved orders via the internet""]}, {""row"": 8, ""values"": ["""", ""%"", ""%"", ""%"", ""%"", ""%"", ""%"", ""%"", ""%"", ""%"", ""%"", ""%"", ""%"", ""%"", ""%"", ""%""]}, {""row"": 9, ""values"": [""Employment size"", """", """", """", """", """", """", """", """", """", """", """", """", """", """", """"]}]","[{""sourceRow"": 4, ""sourceColumn"": 0, ""cell"": ""A4"", ""text"": ""Proportions are of all businesses in each output category. See Glossary for definition of innovation status.""}, {""sourceRow"": 7, ""sourceColumn"": 1, ""cell"": ""B7"", ""text"": ""As at the end of the reference period 30 June 2012.""}, {""sourceRow"": 7, ""sourceColumn"": 2, ""cell"": ""C7"", ""text"": ""As at the end of the reference period 30 June 2012.""}, {""sourceRow"": 7, ""sourceColumn"": 3, ""cell"": ""D7"", ""text"": ""As at the end of the reference period 30 June 2012.""}, {""sourceRow"": 7, ""sourceColumn"": 4, ""cell"": ""E7"", ""text"": ""During the year ending 30 June 2012.""}, {""sourceRow"": 7, ""sourceColumn"": 5, ""cell"": ""F7"", ""text"": ""During the year ending 30 June 2012.""}, {""sourceRow"": 7, ""sourceColumn"": 6, ""cell"": ""G7"", ""text"": ""As at the end of the reference period 30 June 2012.""}, {""sourceRow"": 7, ""sourceColumn"": 7, ""cell"": ""H7"", ""text"": ""As at the end of the reference period 30 June 2012.""}, {""sourceRow"": 7, ""sourceColumn"": 8, ""cell"": ""I7"", ""text"": ""As at the end of the reference period 30 June 2012.""}, {""sourceRow"": 7, ""sourceColumn"": 9, ""cell"": ""J7"", ""text"": ""During the year ending 30 June 2012.""}, {""sourceRow"": 7, ""sourceColumn"": 10, ""cell"": ""K7"", ""text"": ""During the year ending 30 June 2012.""}, {""sourceRow"": 7, ""sourceColumn"": 11, ""cell"": ""L7"", ""text"": ""As at the end of the reference period 30 June 2012.""}, {""sourceRow"": 7, ""sourceColumn"": 12, ""cell"": ""M7"", ""text"": ""As at the end of the reference period 30 June 2012.""}, {""sourceRow"": 7, ""sourceColumn"": 13, ""cell"": ""N7"", ""text"": ""As at the end of the reference period 30 June 2012.""}, {""sourceRow"": 7, ""sourceColumn"": 14, ""cell"": ""O7"", ""text"": ""During the year ending 30 June 2012.""}, {""sourceRow"": 7, ""sourceColumn"": 15, ""cell"": ""P7"", ""text"": ""During the year ending 30 June 2012.""}]",Not independently verified for this item
internet,Basic connectivity,2012-13:7-1:10,2012-13,2012–13,All businesses / Proportion of businesses with: / internet access,internet access,"All businesses in the selected category and population. Coverage includes Agriculture, Forestry and Fishing.",Historical scope equivalence not independently established. Agriculture included in selected table.,Historical classification equivalence not approved,0–4; 5–19; 20–199; 200+ persons; overlapping 0–19 subtotal excluded,D,2012-13,data_2012-13/extracted/81670do007_201213/81670DO007_201213.xls | Table_1 | Original workbook only,Original values and headers checked; full historical questionnaire and coverage equivalence is not established. Snapshot only.,None,Codex source-cell audit; conservative research gate,2026-09-14,"[{""row"": 1, ""values"": [""Australian Bureau of Statistics"", """", """", """", """", """", """", """", """", """", """", """", """", """", """", """"]}, {""row"": 2, ""values"": [""81670DO007_201213 Selected Characteristics of Australian Business, 2012-13"", """", """", """", """", """", """", """", """", """", """", """", """", """", """", """"]}, {""row"": 3, ""values"": [""Released at 11:30 am (Canberra time) Thurs 18 Sep 2014"", """", """", """", """", """", """", """", """", """", """", """", """", """", """", """"]}, {""row"": 4, ""values"": [""Table 1 Business use of information technology, innovation status by key indicators, by employment size, by industry, 2012-13"", """", """", """", """", """", """", """", """", """", """", """", """", """", """", """"]}, {""row"": 5, ""values"": ["""", ""Innovation-active businesses"", """", """", """", """", ""Non innovation-active businesses"", """", """", """", """", ""All businesses"", """", """", """", """"]}, {""row"": 6, ""values"": ["""", ""Proportion of businesses with:"", """", """", ""Proportion of businesses that:"", """", ""Proportion of businesses with:"", """", """", ""Proportion of businesses that:"", """", ""Proportion of businesses with:"", """", """", ""Proportion of businesses that:"", """"]}, {""row"": 7, ""values"": ["""", ""internet access"", ""web presence"", ""social media presence"", ""placed orders via the internet"", ""recieved orders via the internet"", ""internet access"", ""web presence"", ""social media presence"", ""placed orders via the internet"", ""recieved orders via the internet"", ""internet access"", ""web presence"", ""social media presence"", ""placed orders via the internet"", ""recieved orders via the internet""]}, {""row"": 8, ""values"": ["""", ""%"", ""%"", ""%"", ""%"", ""%"", ""%"", ""%"", ""%"", ""%"", ""%"", ""%"", ""%"", ""%"", ""%"", ""%""]}, {""row"": 9, ""values"": [""Employment size"", """", """", """", """", """", """", """", """", """", """", """", """", """", """", """"]}]","[{""sourceRow"": 4, ""sourceColumn"": 0, ""cell"": ""A4"", ""text"": ""Proportions are of all businesses in each output category. See Glossary for definition of innovation status.""}, {""sourceRow"": 7, ""sourceColumn"": 1, ""cell"": ""B7"", ""text"": ""As at the end of the reference period 30 June 2013.""}, {""sourceRow"": 7, ""sourceColumn"": 2, ""cell"": ""C7"", ""text"": ""As at the end of the reference period 30 June 2013.""}, {""sourceRow"": 7, ""sourceColumn"": 3, ""cell"": ""D7"", ""text"": ""As at the end of the reference period 30 June 2013.""}, {""sourceRow"": 7, ""sourceColumn"": 4, ""cell"": ""E7"", ""text"": ""During the year ending 30 June 2013.""}, {""sourceRow"": 7, ""sourceColumn"": 5, ""cell"": ""F7"", ""text"": ""During the year ending 30 June 2013.""}, {""sourceRow"": 7, ""sourceColumn"": 6, ""cell"": ""G7"", ""text"": ""As at the end of the reference period 30 June 2013.""}, {""sourceRow"": 7, ""sourceColumn"": 7, ""cell"": ""H7"", ""text"": ""As at the end of the reference period 30 June 2013.""}, {""sourceRow"": 7, ""sourceColumn"": 8, ""cell"": ""I7"", ""text"": ""As at the end of the reference period 30 June 2013.""}, {""sourceRow"": 7, ""sourceColumn"": 9, ""cell"": ""J7"", ""text"": ""During the year ending 30 June 2013.""}, {""sourceRow"": 7, ""sourceColumn"": 10, ""cell"": ""K7"", ""text"": ""During the year ending 30 June 2013.""}, {""sourceRow"": 7, ""sourceColumn"": 11, ""cell"": ""L7"", ""text"": ""As at the end of the reference period 30 June 2013.""}, {""sourceRow"": 7, ""sourceColumn"": 12, ""cell"": ""M7"", ""text"": ""As at the end of the reference period 30 June 2013.""}, {""sourceRow"": 7, ""sourceColumn"": 13, ""cell"": ""N7"", ""text"": ""As at the end of the reference period 30 June 2013.""}, {""sourceRow"": 7, ""sourceColumn"": 14, ""cell"": ""O7"", ""text"": ""During the year ending 30 June 2013.""}, {""sourceRow"": 7, ""sourceColumn"": 15, ""cell"": ""P7"", ""text"": ""During the year ending 30 June 2013.""}]",Not independently verified for this item
web,Basic connectivity,2012-13:7-1:11,2012-13,2012–13,All businesses / Proportion of businesses with: / web presence,web presence,"All businesses in the selected category and population. Coverage includes Agriculture, Forestry and Fishing.",Historical scope equivalence not independently established. Agriculture included in selected table.,Historical classification equivalence not approved,0–4; 5–19; 20–199; 200+ persons; overlapping 0–19 subtotal excluded,D,2012-13,data_2012-13/extracted/81670do007_201213/81670DO007_201213.xls | Table_1 | Original workbook only,Original values and headers checked; full historical questionnaire and coverage equivalence is not established. Snapshot only.,None,Codex source-cell audit; conservative research gate,2026-09-14,"[{""row"": 1, ""values"": [""Australian Bureau of Statistics"", """", """", """", """", """", """", """", """", """", """", """", """", """", """", """"]}, {""row"": 2, ""values"": [""81670DO007_201213 Selected Characteristics of Australian Business, 2012-13"", """", """", """", """", """", """", """", """", """", """", """", """", """", """", """"]}, {""row"": 3, ""values"": [""Released at 11:30 am (Canberra time) Thurs 18 Sep 2014"", """", """", """", """", """", """", """", """", """", """", """", """", """", """", """"]}, {""row"": 4, ""values"": [""Table 1 Business use of information technology, innovation status by key indicators, by employment size, by industry, 2012-13"", """", """", """", """", """", """", """", """", """", """", """", """", """", """", """"]}, {""row"": 5, ""values"": ["""", ""Innovation-active businesses"", """", """", """", """", ""Non innovation-active businesses"", """", """", """", """", ""All businesses"", """", """", """", """"]}, {""row"": 6, ""values"": ["""", ""Proportion of businesses with:"", """", """", ""Proportion of businesses that:"", """", ""Proportion of businesses with:"", """", """", ""Proportion of businesses that:"", """", ""Proportion of businesses with:"", """", """", ""Proportion of businesses that:"", """"]}, {""row"": 7, ""values"": ["""", ""internet access"", ""web presence"", ""social media presence"", ""placed orders via the internet"", ""recieved orders via the internet"", ""internet access"", ""web presence"", ""social media presence"", ""placed orders via the internet"", ""recieved orders via the internet"", ""internet access"", ""web presence"", ""social media presence"", ""placed orders via the internet"", ""recieved orders via the internet""]}, {""row"": 8, ""values"": ["""", ""%"", ""%"", ""%"", ""%"", ""%"", ""%"", ""%"", ""%"", ""%"", ""%"", ""%"", ""%"", ""%"", ""%"", ""%""]}, {""row"": 9, ""values"": [""Employment size"", """", """", """", """", """", """", """", """", """", """", """", """", """", """", """"]}]","[{""sourceRow"": 4, ""sourceColumn"": 0, ""cell"": ""A4"", ""text"": ""Proportions are of all businesses in each output category. See Glossary for definition of innovation status.""}, {""sourceRow"": 7, ""sourceColumn"": 1, ""cell"": ""B7"", ""text"": ""As at the end of the reference period 30 June 2013.""}, {""sourceRow"": 7, ""sourceColumn"": 2, ""cell"": ""C7"", ""text"": ""As at the end of the reference period 30 June 2013.""}, {""sourceRow"": 7, ""sourceColumn"": 3, ""cell"": ""D7"", ""text"": ""As at the end of the reference period 30 June 2013.""}, {""sourceRow"": 7, ""sourceColumn"": 4, ""cell"": ""E7"", ""text"": ""During the year ending 30 June 2013.""}, {""sourceRow"": 7, ""sourceColumn"": 5, ""cell"": ""F7"", ""text"": ""During the year ending 30 June 2013.""}, {""sourceRow"": 7, ""sourceColumn"": 6, ""cell"": ""G7"", ""text"": ""As at the end of the reference period 30 June 2013.""}, {""sourceRow"": 7, ""sourceColumn"": 7, ""cell"": ""H7"", ""text"": ""As at the end of the reference period 30 June 2013.""}, {""sourceRow"": 7, ""sourceColumn"": 8, ""cell"": ""I7"", ""text"": ""As at the end of the reference period 30 June 2013.""}, {""sourceRow"": 7, ""sourceColumn"": 9, ""cell"": ""J7"", ""text"": ""During the year ending 30 June 2013.""}, {""sourceRow"": 7, ""sourceColumn"": 10, ""cell"": ""K7"", ""text"": ""During the year ending 30 June 2013.""}, {""sourceRow"": 7, ""sourceColumn"": 11, ""cell"": ""L7"", ""text"": ""As at the end of the reference period 30 June 2013.""}, {""sourceRow"": 7, ""sourceColumn"": 12, ""cell"": ""M7"", ""text"": ""As at the end of the reference period 30 June 2013.""}, {""sourceRow"": 7, ""sourceColumn"": 13, ""cell"": ""N7"", ""text"": ""As at the end of the reference period 30 June 2013.""}, {""sourceRow"": 7, ""sourceColumn"": 14, ""cell"": ""O7"", ""text"": ""During the year ending 30 June 2013.""}, {""sourceRow"": 7, ""sourceColumn"": 15, ""cell"": ""P7"", ""text"": ""During the year ending 30 June 2013.""}]",Not independently verified for this item
social,Basic connectivity,2012-13:7-1:12,2012-13,2012–13,All businesses / Proportion of businesses with: / social media presence,social media presence,"All businesses in the selected category and population. Coverage includes Agriculture, Forestry and Fishing.",Historical scope equivalence not independently established. Agriculture included in selected table.,Historical classification equivalence not approved,0–4; 5–19; 20–199; 200+ persons; overlapping 0–19 subtotal excluded,D,2012-13,data_2012-13/extracted/81670do007_201213/81670DO007_201213.xls | Table_1 | Original workbook only,Original values and headers checked; full historical questionnaire and coverage equivalence is not established. Snapshot only.,None,Codex source-cell audit; conservative research gate,2026-09-14,"[{""row"": 1, ""values"": [""Australian Bureau of Statistics"", """", """", """", """", """", """", """", """", """", """", """", """", """", """", """"]}, {""row"": 2, ""values"": [""81670DO007_201213 Selected Characteristics of Australian Business, 2012-13"", """", """", """", """", """", """", """", """", """", """", """", """", """", """", """"]}, {""row"": 3, ""values"": [""Released at 11:30 am (Canberra time) Thurs 18 Sep 2014"", """", """", """", """", """", """", """", """", """", """", """", """", """", """", """"]}, {""row"": 4, ""values"": [""Table 1 Business use of information technology, innovation status by key indicators, by employment size, by industry, 2012-13"", """", """", """", """", """", """", """", """", """", """", """", """", """", """", """"]}, {""row"": 5, ""values"": ["""", ""Innovation-active businesses"", """", """", """", """", ""Non innovation-active businesses"", """", """", """", """", ""All businesses"", """", """", """", """"]}, {""row"": 6, ""values"": ["""", ""Proportion of businesses with:"", """", """", ""Proportion of businesses that:"", """", ""Proportion of businesses with:"", """", """", ""Proportion of businesses that:"", """", ""Proportion of businesses with:"", """", """", ""Proportion of businesses that:"", """"]}, {""row"": 7, ""values"": ["""", ""internet access"", ""web presence"", ""social media presence"", ""placed orders via the internet"", ""recieved orders via the internet"", ""internet access"", ""web presence"", ""social media presence"", ""placed orders via the internet"", ""recieved orders via the internet"", ""internet access"", ""web presence"", ""social media presence"", ""placed orders via the internet"", ""recieved orders via the internet""]}, {""row"": 8, ""values"": ["""", ""%"", ""%"", ""%"", ""%"", ""%"", ""%"", ""%"", ""%"", ""%"", ""%"", ""%"", ""%"", ""%"", ""%"", ""%""]}, {""row"": 9, ""values"": [""Employment size"", """", """", """", """", """", """", """", """", """", """", """", """", """", """", """"]}]","[{""sourceRow"": 4, ""sourceColumn"": 0, ""cell"": ""A4"", ""text"": ""Proportions are of all businesses in each output category. See Glossary for definition of innovation status.""}, {""sourceRow"": 7, ""sourceColumn"": 1, ""cell"": ""B7"", ""text"": ""As at the end of the reference period 30 June 2013.""}, {""sourceRow"": 7, ""sourceColumn"": 2, ""cell"": ""C7"", ""text"": ""As at the end of the reference period 30 June 2013.""}, {""sourceRow"": 7, ""sourceColumn"": 3, ""cell"": ""D7"", ""text"": ""As at the end of the reference period 30 June 2013.""}, {""sourceRow"": 7, ""sourceColumn"": 4, ""cell"": ""E7"", ""text"": ""During the year ending 30 June 2013.""}, {""sourceRow"": 7, ""sourceColumn"": 5, ""cell"": ""F7"", ""text"": ""During the year ending 30 June 2013.""}, {""sourceRow"": 7, ""sourceColumn"": 6, ""cell"": ""G7"", ""text"": ""As at the end of the reference period 30 June 2013.""}, {""sourceRow"": 7, ""sourceColumn"": 7, ""cell"": ""H7"", ""text"": ""As at the end of the reference period 30 June 2013.""}, {""sourceRow"": 7, ""sourceColumn"": 8, ""cell"": ""I7"", ""text"": ""As at the end of the reference period 30 June 2013.""}, {""sourceRow"": 7, ""sourceColumn"": 9, ""cell"": ""J7"", ""text"": ""During the year ending 30 June 2013.""}, {""sourceRow"": 7, ""sourceColumn"": 10, ""cell"": ""K7"", ""text"": ""During the year ending 30 June 2013.""}, {""sourceRow"": 7, ""sourceColumn"": 11, ""cell"": ""L7"", ""text"": ""As at the end of the reference period 30 June 2013.""}, {""sourceRow"": 7, ""sourceColumn"": 12, ""cell"": ""M7"", ""text"": ""As at the end of the reference period 30 June 2013.""}, {""sourceRow"": 7, ""sourceColumn"": 13, ""cell"": ""N7"", ""text"": ""As at the end of the reference period 30 June 2013.""}, {""sourceRow"": 7, ""sourceColumn"": 14, ""cell"": ""O7"", ""text"": ""During the year ending 30 June 2013.""}, {""sourceRow"": 7, ""sourceColumn"": 15, ""cell"": ""P7"", ""text"": ""During the year ending 30 June 2013.""}]",Not independently verified for this item
placed,Digital transactions,2012-13:7-1:13,2012-13,2012–13,All businesses / Proportion of businesses that: / placed orders via the internet,placed orders via the internet,"All businesses in the selected category and population. Coverage includes Agriculture, Forestry and Fishing.",Historical scope equivalence not independently established. Agriculture included in selected table.,Historical classification equivalence not approved,0–4; 5–19; 20–199; 200+ persons; overlapping 0–19 subtotal excluded,D,2012-13,data_2012-13/extracted/81670do007_201213/81670DO007_201213.xls | Table_1 | Original workbook only,Original values and headers checked; full historical questionnaire and coverage equivalence is not established. Snapshot only.,None,Codex source-cell audit; conservative research gate,2026-09-14,"[{""row"": 1, ""values"": [""Australian Bureau of Statistics"", """", """", """", """", """", """", """", """", """", """", """", """", """", """", """"]}, {""row"": 2, ""values"": [""81670DO007_201213 Selected Characteristics of Australian Business, 2012-13"", """", """", """", """", """", """", """", """", """", """", """", """", """", """", """"]}, {""row"": 3, ""values"": [""Released at 11:30 am (Canberra time) Thurs 18 Sep 2014"", """", """", """", """", """", """", """", """", """", """", """", """", """", """", """"]}, {""row"": 4, ""values"": [""Table 1 Business use of information technology, innovation status by key indicators, by employment size, by industry, 2012-13"", """", """", """", """", """", """", """", """", """", """", """", """", """", """", """"]}, {""row"": 5, ""values"": ["""", ""Innovation-active businesses"", """", """", """", """", ""Non innovation-active businesses"", """", """", """", """", ""All businesses"", """", """", """", """"]}, {""row"": 6, ""values"": ["""", ""Proportion of businesses with:"", """", """", ""Proportion of businesses that:"", """", ""Proportion of businesses with:"", """", """", ""Proportion of businesses that:"", """", ""Proportion of businesses with:"", """", """", ""Proportion of businesses that:"", """"]}, {""row"": 7, ""values"": ["""", ""internet access"", ""web presence"", ""social media presence"", ""placed orders via the internet"", ""recieved orders via the internet"", ""internet access"", ""web presence"", ""social media presence"", ""placed orders via the internet"", ""recieved orders via the internet"", ""internet access"", ""web presence"", ""social media presence"", ""placed orders via the internet"", ""recieved orders via the internet""]}, {""row"": 8, ""values"": ["""", ""%"", ""%"", ""%"", ""%"", ""%"", ""%"", ""%"", ""%"", ""%"", ""%"", ""%"", ""%"", ""%"", ""%"", ""%""]}, {""row"": 9, ""values"": [""Employment size"", """", """", """", """", """", """", """", """", """", """", """", """", """", """", """"]}]","[{""sourceRow"": 4, ""sourceColumn"": 0, ""cell"": ""A4"", ""text"": ""Proportions are of all businesses in each output category. See Glossary for definition of innovation status.""}, {""sourceRow"": 7, ""sourceColumn"": 1, ""cell"": ""B7"", ""text"": ""As at the end of the reference period 30 June 2013.""}, {""sourceRow"": 7, ""sourceColumn"": 2, ""cell"": ""C7"", ""text"": ""As at the end of the reference period 30 June 2013.""}, {""sourceRow"": 7, ""sourceColumn"": 3, ""cell"": ""D7"", ""text"": ""As at the end of the reference period 30 June 2013.""}, {""sourceRow"": 7, ""sourceColumn"": 4, ""cell"": ""E7"", ""text"": ""During the year ending 30 June 2013.""}, {""sourceRow"": 7, ""sourceColumn"": 5, ""cell"": ""F7"", ""text"": ""During the year ending 30 June 2013.""}, {""sourceRow"": 7, ""sourceColumn"": 6, ""cell"": ""G7"", ""text"": ""As at the end of the reference period 30 June 2013.""}, {""sourceRow"": 7, ""sourceColumn"": 7, ""cell"": ""H7"", ""text"": ""As at the end of the reference period 30 June 2013.""}, {""sourceRow"": 7, ""sourceColumn"": 8, ""cell"": ""I7"", ""text"": ""As at the end of the reference period 30 June 2013.""}, {""sourceRow"": 7, ""sourceColumn"": 9, ""cell"": ""J7"", ""text"": ""During the year ending 30 June 2013.""}, {""sourceRow"": 7, ""sourceColumn"": 10, ""cell"": ""K7"", ""text"": ""During the year ending 30 June 2013.""}, {""sourceRow"": 7, ""sourceColumn"": 11, ""cell"": ""L7"", ""text"": ""As at the end of the reference period 30 June 2013.""}, {""sourceRow"": 7, ""sourceColumn"": 12, ""cell"": ""M7"", ""text"": ""As at the end of the reference period 30 June 2013.""}, {""sourceRow"": 7, ""sourceColumn"": 13, ""cell"": ""N7"", ""text"": ""As at the end of the reference period 30 June 2013.""}, {""sourceRow"": 7, ""sourceColumn"": 14, ""cell"": ""O7"", ""text"": ""During the year ending 30 June 2013.""}, {""sourceRow"": 7, ""sourceColumn"": 15, ""cell"": ""P7"", ""text"": ""During the year ending 30 June 2013.""}]",Not independently verified for this item
received,Digital transactions,2012-13:7-1:14,2012-13,2012–13,All businesses / Proportion of businesses that: / recieved orders via the internet,recieved orders via the internet,"All businesses in the selected category and population. Coverage includes Agriculture, Forestry and Fishing.",Historical scope equivalence not independently established. Agriculture included in selected table.,Historical classification equivalence not approved,0–4; 5–19; 20–199; 200+ persons; overlapping 0–19 subtotal excluded,D,2012-13,data_2012-13/extracted/81670do007_201213/81670DO007_201213.xls | Table_1 | Original workbook only,Original values and headers checked; full historical questionnaire and coverage equivalence is not established. Snapshot only.,None,Codex source-cell audit; conservative research gate,2026-09-14,"[{""row"": 1, ""values"": [""Australian Bureau of Statistics"", """", """", """", """", """", """", """", """", """", """", """", """", """", """", """"]}, {""row"": 2, ""values"": [""81670DO007_201213 Selected Characteristics of Australian Business, 2012-13"", """", """", """", """", """", """", """", """", """", """", """", """", """", """", """"]}, {""row"": 3, ""values"": [""Released at 11:30 am (Canberra time) Thurs 18 Sep 2014"", """", """", """", """", """", """", """", """", """", """", """", """", """", """", """"]}, {""row"": 4, ""values"": [""Table 1 Business use of information technology, innovation status by key indicators, by employment size, by industry, 2012-13"", """", """", """", """", """", """", """", """", """", """", """", """", """", """", """"]}, {""row"": 5, ""values"": ["""", ""Innovation-active businesses"", """", """", """", """", ""Non innovation-active businesses"", """", """", """", """", ""All businesses"", """", """", """", """"]}, {""row"": 6, ""values"": ["""", ""Proportion of businesses with:"", """", """", ""Proportion of businesses that:"", """", ""Proportion of businesses with:"", """", """", ""Proportion of businesses that:"", """", ""Proportion of businesses with:"", """", """", ""Proportion of businesses that:"", """"]}, {""row"": 7, ""values"": ["""", ""internet access"", ""web presence"", ""social media presence"", ""placed orders via the internet"", ""recieved orders via the internet"", ""internet access"", ""web presence"", ""social media presence"", ""placed orders via the internet"", ""recieved orders via the internet"", ""internet access"", ""web presence"", ""social media presence"", ""placed orders via the internet"", ""recieved orders via the internet""]}, {""row"": 8, ""values"": ["""", ""%"", ""%"", ""%"", ""%"", ""%"", ""%"", ""%"", ""%"", ""%"", ""%"", ""%"", ""%"", ""%"", ""%"", ""%""]}, {""row"": 9, ""values"": [""Employment size"", """", """", """", """", """", """", """", """", """", """", """", """", """", """", """"]}]","[{""sourceRow"": 4, ""sourceColumn"": 0, ""cell"": ""A4"", ""text"": ""Proportions are of all businesses in each output category. See Glossary for definition of innovation status.""}, {""sourceRow"": 7, ""sourceColumn"": 1, ""cell"": ""B7"", ""text"": ""As at the end of the reference period 30 June 2013.""}, {""sourceRow"": 7, ""sourceColumn"": 2, ""cell"": ""C7"", ""text"": ""As at the end of the reference period 30 June 2013.""}, {""sourceRow"": 7, ""sourceColumn"": 3, ""cell"": ""D7"", ""text"": ""As at the end of the reference period 30 June 2013.""}, {""sourceRow"": 7, ""sourceColumn"": 4, ""cell"": ""E7"", ""text"": ""During the year ending 30 June 2013.""}, {""sourceRow"": 7, ""sourceColumn"": 5, ""cell"": ""F7"", ""text"": ""During the year ending 30 June 2013.""}, {""sourceRow"": 7, ""sourceColumn"": 6, ""cell"": ""G7"", ""text"": ""As at the end of the reference period 30 June 2013.""}, {""sourceRow"": 7, ""sourceColumn"": 7, ""cell"": ""H7"", ""text"": ""As at the end of the reference period 30 June 2013.""}, {""sourceRow"": 7, ""sourceColumn"": 8, ""cell"": ""I7"", ""text"": ""As at the end of the reference period 30 June 2013.""}, {""sourceRow"": 7, ""sourceColumn"": 9, ""cell"": ""J7"", ""text"": ""During the year ending 30 June 2013.""}, {""sourceRow"": 7, ""sourceColumn"": 10, ""cell"": ""K7"", ""text"": ""During the year ending 30 June 2013.""}, {""sourceRow"": 7, ""sourceColumn"": 11, ""cell"": ""L7"", ""text"": ""As at the end of the reference period 30 June 2013.""}, {""sourceRow"": 7, ""sourceColumn"": 12, ""cell"": ""M7"", ""text"": ""As at the end of the reference period 30 June 2013.""}, {""sourceRow"": 7, ""sourceColumn"": 13, ""cell"": ""N7"", ""text"": ""As at the end of the reference period 30 June 2013.""}, {""sourceRow"": 7, ""sourceColumn"": 14, ""cell"": ""O7"", ""text"": ""During the year ending 30 June 2013.""}, {""sourceRow"": 7, ""sourceColumn"": 15, ""cell"": ""P7"", ""text"": ""During the year ending 30 June 2013.""}]",Not independently verified for this item
internet,Basic connectivity,2013-14:4-1:10,2013-14,2013–14,All businesses / Proportion of businesses with: / internet access,internet access,"All businesses in the selected category and population. Coverage includes Agriculture, Forestry and Fishing.",Historical scope equivalence not independently established. Agriculture included in selected table.,Historical classification equivalence not approved,0–4; 5–19; 20–199; 200+ persons; overlapping 0–19 subtotal excluded,D,2013-14,data_2013-14/extracted/81670do004_201314/81670DO004_201314.xls | Table_1 | Original workbook only,Original values and headers checked; full historical questionnaire and coverage equivalence is not established. Snapshot only.,None,Codex source-cell audit; conservative research gate,2026-09-14,"[{""row"": 1, ""values"": [""Australian Bureau of Statistics"", """", """", """", """", """", """", """", """", """", """", """", """", """", """", """"]}, {""row"": 2, ""values"": [""81670DO004_201314 Selected Characteristics of Australian Business, 2013-14"", """", """", """", """", """", """", """", """", """", """", """", """", """", """", """"]}, {""row"": 3, ""values"": [""Released at 11:30 am (Canberra time) Thurs 20 Aug 2015"", """", """", """", """", """", """", """", """", """", """", """", """", """", """", """"]}, {""row"": 4, ""values"": [""Table 1 Business use of information technology, innovation status by key indicators, by employment size, by industry, 2013-14"", """", """", """", """", """", """", """", """", """", """", """", """", """", """", """"]}, {""row"": 5, ""values"": ["""", ""Innovation-active businesses"", """", """", """", """", ""Non innovation-active businesses"", """", """", """", """", ""All businesses"", """", """", """", """"]}, {""row"": 6, ""values"": ["""", ""Proportion of businesses with:"", """", """", ""Proportion of businesses that:"", """", ""Proportion of businesses with:"", """", """", ""Proportion of businesses that:"", """", ""Proportion of businesses with:"", """", """", ""Proportion of businesses that:"", """"]}, {""row"": 7, ""values"": ["""", ""internet access"", ""web presence"", ""social media presence"", ""placed orders via the internet"", ""received orders via the internet"", ""internet access"", ""web presence"", ""social media presence"", ""placed orders via the internet"", ""received orders via the internet"", ""internet access"", ""web presence"", ""social media presence"", ""placed orders via the internet"", ""received orders via the internet""]}, {""row"": 8, ""values"": ["""", ""%"", ""%"", ""%"", ""%"", ""%"", ""%"", ""%"", ""%"", ""%"", ""%"", ""%"", ""%"", ""%"", ""%"", ""%""]}, {""row"": 9, ""values"": [""Employment size"", """", """", """", """", """", """", """", """", """", """", """", """", """", """", """"]}]","[{""sourceRow"": 4, ""sourceColumn"": 0, ""cell"": ""A4"", ""text"": ""Proportions are of all businesses in each output category. See Glossary for definition of innovation status.""}, {""sourceRow"": 7, ""sourceColumn"": 1, ""cell"": ""B7"", ""text"": ""As at the end of the reference period 30 June 2014.""}, {""sourceRow"": 7, ""sourceColumn"": 2, ""cell"": ""C7"", ""text"": ""As at the end of the reference period 30 June 2014.""}, {""sourceRow"": 7, ""sourceColumn"": 3, ""cell"": ""D7"", ""text"": ""As at the end of the reference period 30 June 2014.""}, {""sourceRow"": 7, ""sourceColumn"": 4, ""cell"": ""E7"", ""text"": ""During the year ending 30 June 2014.""}, {""sourceRow"": 7, ""sourceColumn"": 5, ""cell"": ""F7"", ""text"": ""During the year ending 30 June 2014.""}, {""sourceRow"": 7, ""sourceColumn"": 6, ""cell"": ""G7"", ""text"": ""As at the end of the reference period 30 June 2014.""}, {""sourceRow"": 7, ""sourceColumn"": 7, ""cell"": ""H7"", ""text"": ""As at the end of the reference period 30 June 2014.""}, {""sourceRow"": 7, ""sourceColumn"": 8, ""cell"": ""I7"", ""text"": ""As at the end of the reference period 30 June 2014.""}, {""sourceRow"": 7, ""sourceColumn"": 9, ""cell"": ""J7"", ""text"": ""During the year ending 30 June 2014.""}, {""sourceRow"": 7, ""sourceColumn"": 10, ""cell"": ""K7"", ""text"": ""During the year ending 30 June 2014.""}, {""sourceRow"": 7, ""sourceColumn"": 11, ""cell"": ""L7"", ""text"": ""As at the end of the reference period 30 June 2014.""}, {""sourceRow"": 7, ""sourceColumn"": 12, ""cell"": ""M7"", ""text"": ""As at the end of the reference period 30 June 2014.""}, {""sourceRow"": 7, ""sourceColumn"": 13, ""cell"": ""N7"", ""text"": ""As at the end of the reference period 30 June 2014.""}, {""sourceRow"": 7, ""sourceColumn"": 14, ""cell"": ""O7"", ""text"": ""During the year ending 30 June 2014.""}, {""sourceRow"": 7, ""sourceColumn"": 15, ""cell"": ""P7"", ""text"": ""During the year ending 30 June 2014.""}]",Not independently verified for this item
web,Basic connectivity,2013-14:4-1:11,2013-14,2013–14,All businesses / Proportion of businesses with: / web presence,web presence,"All businesses in the selected category and population. Coverage includes Agriculture, Forestry and Fishing.",Historical scope equivalence not independently established. Agriculture included in selected table.,Historical classification equivalence not approved,0–4; 5–19; 20–199; 200+ persons; overlapping 0–19 subtotal excluded,D,2013-14,data_2013-14/extracted/81670do004_201314/81670DO004_201314.xls | Table_1 | Original workbook only,Original values and headers checked; full historical questionnaire and coverage equivalence is not established. Snapshot only.,None,Codex source-cell audit; conservative research gate,2026-09-14,"[{""row"": 1, ""values"": [""Australian Bureau of Statistics"", """", """", """", """", """", """", """", """", """", """", """", """", """", """", """"]}, {""row"": 2, ""values"": [""81670DO004_201314 Selected Characteristics of Australian Business, 2013-14"", """", """", """", """", """", """", """", """", """", """", """", """", """", """", """"]}, {""row"": 3, ""values"": [""Released at 11:30 am (Canberra time) Thurs 20 Aug 2015"", """", """", """", """", """", """", """", """", """", """", """", """", """", """", """"]}, {""row"": 4, ""values"": [""Table 1 Business use of information technology, innovation status by key indicators, by employment size, by industry, 2013-14"", """", """", """", """", """", """", """", """", """", """", """", """", """", """", """"]}, {""row"": 5, ""values"": ["""", ""Innovation-active businesses"", """", """", """", """", ""Non innovation-active businesses"", """", """", """", """", ""All businesses"", """", """", """", """"]}, {""row"": 6, ""values"": ["""", ""Proportion of businesses with:"", """", """", ""Proportion of businesses that:"", """", ""Proportion of businesses with:"", """", """", ""Proportion of businesses that:"", """", ""Proportion of businesses with:"", """", """", ""Proportion of businesses that:"", """"]}, {""row"": 7, ""values"": ["""", ""internet access"", ""web presence"", ""social media presence"", ""placed orders via the internet"", ""received orders via the internet"", ""internet access"", ""web presence"", ""social media presence"", ""placed orders via the internet"", ""received orders via the internet"", ""internet access"", ""web presence"", ""social media presence"", ""placed orders via the internet"", ""received orders via the internet""]}, {""row"": 8, ""values"": ["""", ""%"", ""%"", ""%"", ""%"", ""%"", ""%"", ""%"", ""%"", ""%"", ""%"", ""%"", ""%"", ""%"", ""%"", ""%""]}, {""row"": 9, ""values"": [""Employment size"", """", """", """", """", """", """", """", """", """", """", """", """", """", """", """"]}]","[{""sourceRow"": 4, ""sourceColumn"": 0, ""cell"": ""A4"", ""text"": ""Proportions are of all businesses in each output category. See Glossary for definition of innovation status.""}, {""sourceRow"": 7, ""sourceColumn"": 1, ""cell"": ""B7"", ""text"": ""As at the end of the reference period 30 June 2014.""}, {""sourceRow"": 7, ""sourceColumn"": 2, ""cell"": ""C7"", ""text"": ""As at the end of the reference period 30 June 2014.""}, {""sourceRow"": 7, ""sourceColumn"": 3, ""cell"": ""D7"", ""text"": ""As at the end of the reference period 30 June 2014.""}, {""sourceRow"": 7, ""sourceColumn"": 4, ""cell"": ""E7"", ""text"": ""During the year ending 30 June 2014.""}, {""sourceRow"": 7, ""sourceColumn"": 5, ""cell"": ""F7"", ""text"": ""During the year ending 30 June 2014.""}, {""sourceRow"": 7, ""sourceColumn"": 6, ""cell"": ""G7"", ""text"": ""As at the end of the reference period 30 June 2014.""}, {""sourceRow"": 7, ""sourceColumn"": 7, ""cell"": ""H7"", ""text"": ""As at the end of the reference period 30 June 2014.""}, {""sourceRow"": 7, ""sourceColumn"": 8, ""cell"": ""I7"", ""text"": ""As at the end of the reference period 30 June 2014.""}, {""sourceRow"": 7, ""sourceColumn"": 9, ""cell"": ""J7"", ""text"": ""During the year ending 30 June 2014.""}, {""sourceRow"": 7, ""sourceColumn"": 10, ""cell"": ""K7"", ""text"": ""During the year ending 30 June 2014.""}, {""sourceRow"": 7, ""sourceColumn"": 11, ""cell"": ""L7"", ""text"": ""As at the end of the reference period 30 June 2014.""}, {""sourceRow"": 7, ""sourceColumn"": 12, ""cell"": ""M7"", ""text"": ""As at the end of the reference period 30 June 2014.""}, {""sourceRow"": 7, ""sourceColumn"": 13, ""cell"": ""N7"", ""text"": ""As at the end of the reference period 30 June 2014.""}, {""sourceRow"": 7, ""sourceColumn"": 14, ""cell"": ""O7"", ""text"": ""During the year ending 30 June 2014.""}, {""sourceRow"": 7, ""sourceColumn"": 15, ""cell"": ""P7"", ""text"": ""During the year ending 30 June 2014.""}]",Not independently verified for this item
social,Basic connectivity,2013-14:4-1:12,2013-14,2013–14,All businesses / Proportion of businesses with: / social media presence,social media presence,"All businesses in the selected category and population. Coverage includes Agriculture, Forestry and Fishing.",Historical scope equivalence not independently established. Agriculture included in selected table.,Historical classification equivalence not approved,0–4; 5–19; 20–199; 200+ persons; overlapping 0–19 subtotal excluded,D,2013-14,data_2013-14/extracted/81670do004_201314/81670DO004_201314.xls | Table_1 | Original workbook only,Original values and headers checked; full historical questionnaire and coverage equivalence is not established. Snapshot only.,None,Codex source-cell audit; conservative research gate,2026-09-14,"[{""row"": 1, ""values"": [""Australian Bureau of Statistics"", """", """", """", """", """", """", """", """", """", """", """", """", """", """", """"]}, {""row"": 2, ""values"": [""81670DO004_201314 Selected Characteristics of Australian Business, 2013-14"", """", """", """", """", """", """", """", """", """", """", """", """", """", """", """"]}, {""row"": 3, ""values"": [""Released at 11:30 am (Canberra time) Thurs 20 Aug 2015"", """", """", """", """", """", """", """", """", """", """", """", """", """", """", """"]}, {""row"": 4, ""values"": [""Table 1 Business use of information technology, innovation status by key indicators, by employment size, by industry, 2013-14"", """", """", """", """", """", """", """", """", """", """", """", """", """", """", """"]}, {""row"": 5, ""values"": ["""", ""Innovation-active businesses"", """", """", """", """", ""Non innovation-active businesses"", """", """", """", """", ""All businesses"", """", """", """", """"]}, {""row"": 6, ""values"": ["""", ""Proportion of businesses with:"", """", """", ""Proportion of businesses that:"", """", ""Proportion of businesses with:"", """", """", ""Proportion of businesses that:"", """", ""Proportion of businesses with:"", """", """", ""Proportion of businesses that:"", """"]}, {""row"": 7, ""values"": ["""", ""internet access"", ""web presence"", ""social media presence"", ""placed orders via the internet"", ""received orders via the internet"", ""internet access"", ""web presence"", ""social media presence"", ""placed orders via the internet"", ""received orders via the internet"", ""internet access"", ""web presence"", ""social media presence"", ""placed orders via the internet"", ""received orders via the internet""]}, {""row"": 8, ""values"": ["""", ""%"", ""%"", ""%"", ""%"", ""%"", ""%"", ""%"", ""%"", ""%"", ""%"", ""%"", ""%"", ""%"", ""%"", ""%""]}, {""row"": 9, ""values"": [""Employment size"", """", """", """", """", """", """", """", """", """", """", """", """", """", """", """"]}]","[{""sourceRow"": 4, ""sourceColumn"": 0, ""cell"": ""A4"", ""text"": ""Proportions are of all businesses in each output category. See Glossary for definition of innovation status.""}, {""sourceRow"": 7, ""sourceColumn"": 1, ""cell"": ""B7"", ""text"": ""As at the end of the reference period 30 June 2014.""}, {""sourceRow"": 7, ""sourceColumn"": 2, ""cell"": ""C7"", ""text"": ""As at the end of the reference period 30 June 2014.""}, {""sourceRow"": 7, ""sourceColumn"": 3, ""cell"": ""D7"", ""text"": ""As at the end of the reference period 30 June 2014.""}, {""sourceRow"": 7, ""sourceColumn"": 4, ""cell"": ""E7"", ""text"": ""During the year ending 30 June 2014.""}, {""sourceRow"": 7, ""sourceColumn"": 5, ""cell"": ""F7"", ""text"": ""During the year ending 30 June 2014.""}, {""sourceRow"": 7, ""sourceColumn"": 6, ""cell"": ""G7"", ""text"": ""As at the end of the reference period 30 June 2014.""}, {""sourceRow"": 7, ""sourceColumn"": 7, ""cell"": ""H7"", ""text"": ""As at the end of the reference period 30 June 2014.""}, {""sourceRow"": 7, ""sourceColumn"": 8, ""cell"": ""I7"", ""text"": ""As at the end of the reference period 30 June 2014.""}, {""sourceRow"": 7, ""sourceColumn"": 9, ""cell"": ""J7"", ""text"": ""During the year ending 30 June 2014.""}, {""sourceRow"": 7, ""sourceColumn"": 10, ""cell"": ""K7"", ""text"": ""During the year ending 30 June 2014.""}, {""sourceRow"": 7, ""sourceColumn"": 11, ""cell"": ""L7"", ""text"": ""As at the end of the reference period 30 June 2014.""}, {""sourceRow"": 7, ""sourceColumn"": 12, ""cell"": ""M7"", ""text"": ""As at the end of the reference period 30 June 2014.""}, {""sourceRow"": 7, ""sourceColumn"": 13, ""cell"": ""N7"", ""text"": ""As at the end of the reference period 30 June 2014.""}, {""sourceRow"": 7, ""sourceColumn"": 14, ""cell"": ""O7"", ""text"": ""During the year ending 30 June 2014.""}, {""sourceRow"": 7, ""sourceColumn"": 15, ""cell"": ""P7"", ""text"": ""During the year ending 30 June 2014.""}]",Not independently verified for this item
placed,Digital transactions,2013-14:4-1:13,2013-14,2013–14,All businesses / Proportion of businesses that: / placed orders via the internet,placed orders via the internet,"All businesses in the selected category and population. Coverage includes Agriculture, Forestry and Fishing.",Historical scope equivalence not independently established. Agriculture included in selected table.,Historical classification equivalence not approved,0–4; 5–19; 20–199; 200+ persons; overlapping 0–19 subtotal excluded,D,2013-14,data_2013-14/extracted/81670do004_201314/81670DO004_201314.xls | Table_1 | Original workbook only,Original values and headers checked; full historical questionnaire and coverage equivalence is not established. Snapshot only.,None,Codex source-cell audit; conservative research gate,2026-09-14,"[{""row"": 1, ""values"": [""Australian Bureau of Statistics"", """", """", """", """", """", """", """", """", """", """", """", """", """", """", """"]}, {""row"": 2, ""values"": [""81670DO004_201314 Selected Characteristics of Australian Business, 2013-14"", """", """", """", """", """", """", """", """", """", """", """", """", """", """", """"]}, {""row"": 3, ""values"": [""Released at 11:30 am (Canberra time) Thurs 20 Aug 2015"", """", """", """", """", """", """", """", """", """", """", """", """", """", """", """"]}, {""row"": 4, ""values"": [""Table 1 Business use of information technology, innovation status by key indicators, by employment size, by industry, 2013-14"", """", """", """", """", """", """", """", """", """", """", """", """", """", """", """"]}, {""row"": 5, ""values"": ["""", ""Innovation-active businesses"", """", """", """", """", ""Non innovation-active businesses"", """", """", """", """", ""All businesses"", """", """", """", """"]}, {""row"": 6, ""values"": ["""", ""Proportion of businesses with:"", """", """", ""Proportion of businesses that:"", """", ""Proportion of businesses with:"", """", """", ""Proportion of businesses that:"", """", ""Proportion of businesses with:"", """", """", ""Proportion of businesses that:"", """"]}, {""row"": 7, ""values"": ["""", ""internet access"", ""web presence"", ""social media presence"", ""placed orders via the internet"", ""received orders via the internet"", ""internet access"", ""web presence"", ""social media presence"", ""placed orders via the internet"", ""received orders via the internet"", ""internet access"", ""web presence"", ""social media presence"", ""placed orders via the internet"", ""received orders via the internet""]}, {""row"": 8, ""values"": ["""", ""%"", ""%"", ""%"", ""%"", ""%"", ""%"", ""%"", ""%"", ""%"", ""%"", ""%"", ""%"", ""%"", ""%"", ""%""]}, {""row"": 9, ""values"": [""Employment size"", """", """", """", """", """", """", """", """", """", """", """", """", """", """", """"]}]","[{""sourceRow"": 4, ""sourceColumn"": 0, ""cell"": ""A4"", ""text"": ""Proportions are of all businesses in each output category. See Glossary for definition of innovation status.""}, {""sourceRow"": 7, ""sourceColumn"": 1, ""cell"": ""B7"", ""text"": ""As at the end of the reference period 30 June 2014.""}, {""sourceRow"": 7, ""sourceColumn"": 2, ""cell"": ""C7"", ""text"": ""As at the end of the reference period 30 June 2014.""}, {""sourceRow"": 7, ""sourceColumn"": 3, ""cell"": ""D7"", ""text"": ""As at the end of the reference period 30 June 2014.""}, {""sourceRow"": 7, ""sourceColumn"": 4, ""cell"": ""E7"", ""text"": ""During the year ending 30 June 2014.""}, {""sourceRow"": 7, ""sourceColumn"": 5, ""cell"": ""F7"", ""text"": ""During the year ending 30 June 2014.""}, {""sourceRow"": 7, ""sourceColumn"": 6, ""cell"": ""G7"", ""text"": ""As at the end of the reference period 30 June 2014.""}, {""sourceRow"": 7, ""sourceColumn"": 7, ""cell"": ""H7"", ""text"": ""As at the end of the reference period 30 June 2014.""}, {""sourceRow"": 7, ""sourceColumn"": 8, ""cell"": ""I7"", ""text"": ""As at the end of the reference period 30 June 2014.""}, {""sourceRow"": 7, ""sourceColumn"": 9, ""cell"": ""J7"", ""text"": ""During the year ending 30 June 2014.""}, {""sourceRow"": 7, ""sourceColumn"": 10, ""cell"": ""K7"", ""text"": ""During the year ending 30 June 2014.""}, {""sourceRow"": 7, ""sourceColumn"": 11, ""cell"": ""L7"", ""text"": ""As at the end of the reference period 30 June 2014.""}, {""sourceRow"": 7, ""sourceColumn"": 12, ""cell"": ""M7"", ""text"": ""As at the end of the reference period 30 June 2014.""}, {""sourceRow"": 7, ""sourceColumn"": 13, ""cell"": ""N7"", ""text"": ""As at the end of the reference period 30 June 2014.""}, {""sourceRow"": 7, ""sourceColumn"": 14, ""cell"": ""O7"", ""text"": ""During the year ending 30 June 2014.""}, {""sourceRow"": 7, ""sourceColumn"": 15, ""cell"": ""P7"", ""text"": ""During the year ending 30 June 2014.""}]",Not independently verified for this item
received,Digital transactions,2013-14:4-1:14,2013-14,2013–14,All businesses / Proportion of businesses that: / received orders via the internet,received orders via the internet,"All businesses in the selected category and population. Coverage includes Agriculture, Forestry and Fishing.",Historical scope equivalence not independently established. Agriculture included in selected table.,Historical classification equivalence not approved,0–4; 5–19; 20–199; 200+ persons; overlapping 0–19 subtotal excluded,D,2013-14,data_2013-14/extracted/81670do004_201314/81670DO004_201314.xls | Table_1 | Original workbook only,Original values and headers checked; full historical questionnaire and coverage equivalence is not established. Snapshot only.,None,Codex source-cell audit; conservative research gate,2026-09-14,"[{""row"": 1, ""values"": [""Australian Bureau of Statistics"", """", """", """", """", """", """", """", """", """", """", """", """", """", """", """"]}, {""row"": 2, ""values"": [""81670DO004_201314 Selected Characteristics of Australian Business, 2013-14"", """", """", """", """", """", """", """", """", """", """", """", """", """", """", """"]}, {""row"": 3, ""values"": [""Released at 11:30 am (Canberra time) Thurs 20 Aug 2015"", """", """", """", """", """", """", """", """", """", """", """", """", """", """", """"]}, {""row"": 4, ""values"": [""Table 1 Business use of information technology, innovation status by key indicators, by employment size, by industry, 2013-14"", """", """", """", """", """", """", """", """", """", """", """", """", """", """", """"]}, {""row"": 5, ""values"": ["""", ""Innovation-active businesses"", """", """", """", """", ""Non innovation-active businesses"", """", """", """", """", ""All businesses"", """", """", """", """"]}, {""row"": 6, ""values"": ["""", ""Proportion of businesses with:"", """", """", ""Proportion of businesses that:"", """", ""Proportion of businesses with:"", """", """", ""Proportion of businesses that:"", """", ""Proportion of businesses with:"", """", """", ""Proportion of businesses that:"", """"]}, {""row"": 7, ""values"": ["""", ""internet access"", ""web presence"", ""social media presence"", ""placed orders via the internet"", ""received orders via the internet"", ""internet access"", ""web presence"", ""social media presence"", ""placed orders via the internet"", ""received orders via the internet"", ""internet access"", ""web presence"", ""social media presence"", ""placed orders via the internet"", ""received orders via the internet""]}, {""row"": 8, ""values"": ["""", ""%"", ""%"", ""%"", ""%"", ""%"", ""%"", ""%"", ""%"", ""%"", ""%"", ""%"", ""%"", ""%"", ""%"", ""%""]}, {""row"": 9, ""values"": [""Employment size"", """", """", """", """", """", """", """", """", """", """", """", """", """", """", """"]}]","[{""sourceRow"": 4, ""sourceColumn"": 0, ""cell"": ""A4"", ""text"": ""Proportions are of all businesses in each output category. See Glossary for definition of innovation status.""}, {""sourceRow"": 7, ""sourceColumn"": 1, ""cell"": ""B7"", ""text"": ""As at the end of the reference period 30 June 2014.""}, {""sourceRow"": 7, ""sourceColumn"": 2, ""cell"": ""C7"", ""text"": ""As at the end of the reference period 30 June 2014.""}, {""sourceRow"": 7, ""sourceColumn"": 3, ""cell"": ""D7"", ""text"": ""As at the end of the reference period 30 June 2014.""}, {""sourceRow"": 7, ""sourceColumn"": 4, ""cell"": ""E7"", ""text"": ""During the year ending 30 June 2014.""}, {""sourceRow"": 7, ""sourceColumn"": 5, ""cell"": ""F7"", ""text"": ""During the year ending 30 June 2014.""}, {""sourceRow"": 7, ""sourceColumn"": 6, ""cell"": ""G7"", ""text"": ""As at the end of the reference period 30 June 2014.""}, {""sourceRow"": 7, ""sourceColumn"": 7, ""cell"": ""H7"", ""text"": ""As at the end of the reference period 30 June 2014.""}, {""sourceRow"": 7, ""sourceColumn"": 8, ""cell"": ""I7"", ""text"": ""As at the end of the reference period 30 June 2014.""}, {""sourceRow"": 7, ""sourceColumn"": 9, ""cell"": ""J7"", ""text"": ""During the year ending 30 June 2014.""}, {""sourceRow"": 7, ""sourceColumn"": 10, ""cell"": ""K7"", ""text"": ""During the year ending 30 June 2014.""}, {""sourceRow"": 7, ""sourceColumn"": 11, ""cell"": ""L7"", ""text"": ""As at the end of the reference period 30 June 2014.""}, {""sourceRow"": 7, ""sourceColumn"": 12, ""cell"": ""M7"", ""text"": ""As at the end of the reference period 30 June 2014.""}, {""sourceRow"": 7, ""sourceColumn"": 13, ""cell"": ""N7"", ""text"": ""As at the end of the reference period 30 June 2014.""}, {""sourceRow"": 7, ""sourceColumn"": 14, ""cell"": ""O7"", ""text"": ""During the year ending 30 June 2014.""}, {""sourceRow"": 7, ""sourceColumn"": 15, ""cell"": ""P7"", ""text"": ""During the year ending 30 June 2014.""}]",Not independently verified for this item
internet,Basic connectivity,2014-15:7-1:10,2014-15,2014–15,All businesses / Proportion of businesses with: / internet access,internet access,"All businesses in the selected category and population. Coverage includes Agriculture, Forestry and Fishing.",Historical scope equivalence not independently established. Agriculture included in selected table.,Historical classification equivalence not approved,0–4; 5–19; 20–199; 200+ persons; overlapping 0–19 subtotal excluded,D,2014-15,data_2014-15/extracted/81670do007_201415/81670DO007_201415.xls | Table_1 | Original workbook only,Original values and headers checked; full historical questionnaire and coverage equivalence is not established. Snapshot only.,None,Codex source-cell audit; conservative research gate,2026-09-14,"[{""row"": 1, ""values"": [""Australian Bureau of Statistics"", """", """", """", """", """", """", """", """", """", """", """", """", """", """", """"]}, {""row"": 2, ""values"": [""81670DO007_201415 Selected Characteristics of Australian Business, 2014-15"", """", """", """", """", """", """", """", """", """", """", """", """", """", """", """"]}, {""row"": 3, ""values"": [""Released at 11:30 am (Canberra time) Thurs 18 Aug 2016"", """", """", """", """", """", """", """", """", """", """", """", """", """", """", """"]}, {""row"": 4, ""values"": [""Table 1 Business use of information technology, innovation status by key indicators, by employment size, by industry, 2014-15"", """", """", """", """", """", """", """", """", """", """", """", """", """", """", """"]}, {""row"": 5, ""values"": ["""", ""Innovation-active businesses"", """", """", """", """", ""Non innovation-active businesses"", """", """", """", """", ""All businesses"", """", """", """", """"]}, {""row"": 6, ""values"": ["""", ""Proportion of businesses with:"", """", """", ""Proportion of businesses that:"", """", ""Proportion of businesses with:"", """", """", ""Proportion of businesses that:"", """", ""Proportion of businesses with:"", """", """", ""Proportion of businesses that:"", """"]}, {""row"": 7, ""values"": ["""", ""internet access"", ""web presence"", ""social media presence"", ""placed orders via the internet"", ""received orders via the internet"", ""internet access"", ""web presence"", ""social media presence"", ""placed orders via the internet"", ""received orders via the internet"", ""internet access"", ""web presence"", ""social media presence"", ""placed orders via the internet"", ""received orders via the internet""]}, {""row"": 8, ""values"": ["""", ""%"", ""%"", ""%"", ""%"", ""%"", ""%"", ""%"", ""%"", ""%"", ""%"", ""%"", ""%"", ""%"", ""%"", ""%""]}, {""row"": 9, ""values"": [""Employment size"", """", """", """", """", """", """", """", """", """", """", """", """", """", """", """"]}]","[{""sourceRow"": 4, ""sourceColumn"": 0, ""cell"": ""A4"", ""text"": ""Proportions are of all businesses in each output category. See Glossary for definition of innovation status.""}, {""sourceRow"": 7, ""sourceColumn"": 1, ""cell"": ""B7"", ""text"": ""As at the end of the reference period 30 June 2015.""}, {""sourceRow"": 7, ""sourceColumn"": 2, ""cell"": ""C7"", ""text"": ""As at the end of the reference period 30 June 2015.""}, {""sourceRow"": 7, ""sourceColumn"": 3, ""cell"": ""D7"", ""text"": ""As at the end of the reference period 30 June 2015.""}, {""sourceRow"": 7, ""sourceColumn"": 4, ""cell"": ""E7"", ""text"": ""During the year ending 30 June 2015.""}, {""sourceRow"": 7, ""sourceColumn"": 5, ""cell"": ""F7"", ""text"": ""During the year ending 30 June 2015.""}, {""sourceRow"": 7, ""sourceColumn"": 6, ""cell"": ""G7"", ""text"": ""As at the end of the reference period 30 June 2015.""}, {""sourceRow"": 7, ""sourceColumn"": 7, ""cell"": ""H7"", ""text"": ""As at the end of the reference period 30 June 2015.""}, {""sourceRow"": 7, ""sourceColumn"": 8, ""cell"": ""I7"", ""text"": ""As at the end of the reference period 30 June 2015.""}, {""sourceRow"": 7, ""sourceColumn"": 9, ""cell"": ""J7"", ""text"": ""During the year ending 30 June 2015.""}, {""sourceRow"": 7, ""sourceColumn"": 10, ""cell"": ""K7"", ""text"": ""During the year ending 30 June 2015.""}, {""sourceRow"": 7, ""sourceColumn"": 11, ""cell"": ""L7"", ""text"": ""As at the end of the reference period 30 June 2015.""}, {""sourceRow"": 7, ""sourceColumn"": 12, ""cell"": ""M7"", ""text"": ""As at the end of the reference period 30 June 2015.""}, {""sourceRow"": 7, ""sourceColumn"": 13, ""cell"": ""N7"", ""text"": ""As at the end of the reference period 30 June 2015.""}, {""sourceRow"": 7, ""sourceColumn"": 14, ""cell"": ""O7"", ""text"": ""During the year ending 30 June 2015.""}, {""sourceRow"": 7, ""sourceColumn"": 15, ""cell"": ""P7"", ""text"": ""During the year ending 30 June 2015.""}]",Not independently verified for this item
web,Basic connectivity,2014-15:7-1:11,2014-15,2014–15,All businesses / Proportion of businesses with: / web presence,web presence,"All businesses in the selected category and population. Coverage includes Agriculture, Forestry and Fishing.",Historical scope equivalence not independently established. Agriculture included in selected table.,Historical classification equivalence not approved,0–4; 5–19; 20–199; 200+ persons; overlapping 0–19 subtotal excluded,D,2014-15,data_2014-15/extracted/81670do007_201415/81670DO007_201415.xls | Table_1 | Original workbook only,Original values and headers checked; full historical questionnaire and coverage equivalence is not established. Snapshot only.,None,Codex source-cell audit; conservative research gate,2026-09-14,"[{""row"": 1, ""values"": [""Australian Bureau of Statistics"", """", """", """", """", """", """", """", """", """", """", """", """", """", """", """"]}, {""row"": 2, ""values"": [""81670DO007_201415 Selected Characteristics of Australian Business, 2014-15"", """", """", """", """", """", """", """", """", """", """", """", """", """", """", """"]}, {""row"": 3, ""values"": [""Released at 11:30 am (Canberra time) Thurs 18 Aug 2016"", """", """", """", """", """", """", """", """", """", """", """", """", """", """", """"]}, {""row"": 4, ""values"": [""Table 1 Business use of information technology, innovation status by key indicators, by employment size, by industry, 2014-15"", """", """", """", """", """", """", """", """", """", """", """", """", """", """", """"]}, {""row"": 5, ""values"": ["""", ""Innovation-active businesses"", """", """", """", """", ""Non innovation-active businesses"", """", """", """", """", ""All businesses"", """", """", """", """"]}, {""row"": 6, ""values"": ["""", ""Proportion of businesses with:"", """", """", ""Proportion of businesses that:"", """", ""Proportion of businesses with:"", """", """", ""Proportion of businesses that:"", """", ""Proportion of businesses with:"", """", """", ""Proportion of businesses that:"", """"]}, {""row"": 7, ""values"": ["""", ""internet access"", ""web presence"", ""social media presence"", ""placed orders via the internet"", ""received orders via the internet"", ""internet access"", ""web presence"", ""social media presence"", ""placed orders via the internet"", ""received orders via the internet"", ""internet access"", ""web presence"", ""social media presence"", ""placed orders via the internet"", ""received orders via the internet""]}, {""row"": 8, ""values"": ["""", ""%"", ""%"", ""%"", ""%"", ""%"", ""%"", ""%"", ""%"", ""%"", ""%"", ""%"", ""%"", ""%"", ""%"", ""%""]}, {""row"": 9, ""values"": [""Employment size"", """", """", """", """", """", """", """", """", """", """", """", """", """", """", """"]}]","[{""sourceRow"": 4, ""sourceColumn"": 0, ""cell"": ""A4"", ""text"": ""Proportions are of all businesses in each output category. See Glossary for definition of innovation status.""}, {""sourceRow"": 7, ""sourceColumn"": 1, ""cell"": ""B7"", ""text"": ""As at the end of the reference period 30 June 2015.""}, {""sourceRow"": 7, ""sourceColumn"": 2, ""cell"": ""C7"", ""text"": ""As at the end of the reference period 30 June 2015.""}, {""sourceRow"": 7, ""sourceColumn"": 3, ""cell"": ""D7"", ""text"": ""As at the end of the reference period 30 June 2015.""}, {""sourceRow"": 7, ""sourceColumn"": 4, ""cell"": ""E7"", ""text"": ""During the year ending 30 June 2015.""}, {""sourceRow"": 7, ""sourceColumn"": 5, ""cell"": ""F7"", ""text"": ""During the year ending 30 June 2015.""}, {""sourceRow"": 7, ""sourceColumn"": 6, ""cell"": ""G7"", ""text"": ""As at the end of the reference period 30 June 2015.""}, {""sourceRow"": 7, ""sourceColumn"": 7, ""cell"": ""H7"", ""text"": ""As at the end of the reference period 30 June 2015.""}, {""sourceRow"": 7, ""sourceColumn"": 8, ""cell"": ""I7"", ""text"": ""As at the end of the reference period 30 June 2015.""}, {""sourceRow"": 7, ""sourceColumn"": 9, ""cell"": ""J7"", ""text"": ""During the year ending 30 June 2015.""}, {""sourceRow"": 7, ""sourceColumn"": 10, ""cell"": ""K7"", ""text"": ""During the year ending 30 June 2015.""}, {""sourceRow"": 7, ""sourceColumn"": 11, ""cell"": ""L7"", ""text"": ""As at the end of the reference period 30 June 2015.""}, {""sourceRow"": 7, ""sourceColumn"": 12, ""cell"": ""M7"", ""text"": ""As at the end of the reference period 30 June 2015.""}, {""sourceRow"": 7, ""sourceColumn"": 13, ""cell"": ""N7"", ""text"": ""As at the end of the reference period 30 June 2015.""}, {""sourceRow"": 7, ""sourceColumn"": 14, ""cell"": ""O7"", ""text"": ""During the year ending 30 June 2015.""}, {""sourceRow"": 7, ""sourceColumn"": 15, ""cell"": ""P7"", ""text"": ""During the year ending 30 June 2015.""}]",Not independently verified for this item
social,Basic connectivity,2014-15:7-1:12,2014-15,2014–15,All businesses / Proportion of businesses with: / social media presence,social media presence,"All businesses in the selected category and population. Coverage includes Agriculture, Forestry and Fishing.",Historical scope equivalence not independently established. Agriculture included in selected table.,Historical classification equivalence not approved,0–4; 5–19; 20–199; 200+ persons; overlapping 0–19 subtotal excluded,D,2014-15,data_2014-15/extracted/81670do007_201415/81670DO007_201415.xls | Table_1 | Original workbook only,Original values and headers checked; full historical questionnaire and coverage equivalence is not established. Snapshot only.,None,Codex source-cell audit; conservative research gate,2026-09-14,"[{""row"": 1, ""values"": [""Australian Bureau of Statistics"", """", """", """", """", """", """", """", """", """", """", """", """", """", """", """"]}, {""row"": 2, ""values"": [""81670DO007_201415 Selected Characteristics of Australian Business, 2014-15"", """", """", """", """", """", """", """", """", """", """", """", """", """", """", """"]}, {""row"": 3, ""values"": [""Released at 11:30 am (Canberra time) Thurs 18 Aug 2016"", """", """", """", """", """", """", """", """", """", """", """", """", """", """", """"]}, {""row"": 4, ""values"": [""Table 1 Business use of information technology, innovation status by key indicators, by employment size, by industry, 2014-15"", """", """", """", """", """", """", """", """", """", """", """", """", """", """", """"]}, {""row"": 5, ""values"": ["""", ""Innovation-active businesses"", """", """", """", """", ""Non innovation-active businesses"", """", """", """", """", ""All businesses"", """", """", """", """"]}, {""row"": 6, ""values"": ["""", ""Proportion of businesses with:"", """", """", ""Proportion of businesses that:"", """", ""Proportion of businesses with:"", """", """", ""Proportion of businesses that:"", """", ""Proportion of businesses with:"", """", """", ""Proportion of businesses that:"", """"]}, {""row"": 7, ""values"": ["""", ""internet access"", ""web presence"", ""social media presence"", ""placed orders via the internet"", ""received orders via the internet"", ""internet access"", ""web presence"", ""social media presence"", ""placed orders via the internet"", ""received orders via the internet"", ""internet access"", ""web presence"", ""social media presence"", ""placed orders via the internet"", ""received orders via the internet""]}, {""row"": 8, ""values"": ["""", ""%"", ""%"", ""%"", ""%"", ""%"", ""%"", ""%"", ""%"", ""%"", ""%"", ""%"", ""%"", ""%"", ""%"", ""%""]}, {""row"": 9, ""values"": [""Employment size"", """", """", """", """", """", """", """", """", """", """", """", """", """", """", """"]}]","[{""sourceRow"": 4, ""sourceColumn"": 0, ""cell"": ""A4"", ""text"": ""Proportions are of all businesses in each output category. See Glossary for definition of innovation status.""}, {""sourceRow"": 7, ""sourceColumn"": 1, ""cell"": ""B7"", ""text"": ""As at the end of the reference period 30 June 2015.""}, {""sourceRow"": 7, ""sourceColumn"": 2, ""cell"": ""C7"", ""text"": ""As at the end of the reference period 30 June 2015.""}, {""sourceRow"": 7, ""sourceColumn"": 3, ""cell"": ""D7"", ""text"": ""As at the end of the reference period 30 June 2015.""}, {""sourceRow"": 7, ""sourceColumn"": 4, ""cell"": ""E7"", ""text"": ""During the year ending 30 June 2015.""}, {""sourceRow"": 7, ""sourceColumn"": 5, ""cell"": ""F7"", ""text"": ""During the year ending 30 June 2015.""}, {""sourceRow"": 7, ""sourceColumn"": 6, ""cell"": ""G7"", ""text"": ""As at the end of the reference period 30 June 2015.""}, {""sourceRow"": 7, ""sourceColumn"": 7, ""cell"": ""H7"", ""text"": ""As at the end of the reference period 30 June 2015.""}, {""sourceRow"": 7, ""sourceColumn"": 8, ""cell"": ""I7"", ""text"": ""As at the end of the reference period 30 June 2015.""}, {""sourceRow"": 7, ""sourceColumn"": 9, ""cell"": ""J7"", ""text"": ""During the year ending 30 June 2015.""}, {""sourceRow"": 7, ""sourceColumn"": 10, ""cell"": ""K7"", ""text"": ""During the year ending 30 June 2015.""}, {""sourceRow"": 7, ""sourceColumn"": 11, ""cell"": ""L7"", ""text"": ""As at the end of the reference period 30 June 2015.""}, {""sourceRow"": 7, ""sourceColumn"": 12, ""cell"": ""M7"", ""text"": ""As at the end of the reference period 30 June 2015.""}, {""sourceRow"": 7, ""sourceColumn"": 13, ""cell"": ""N7"", ""text"": ""As at the end of the reference period 30 June 2015.""}, {""sourceRow"": 7, ""sourceColumn"": 14, ""cell"": ""O7"", ""text"": ""During the year ending 30 June 2015.""}, {""sourceRow"": 7, ""sourceColumn"": 15, ""cell"": ""P7"", ""text"": ""During the year ending 30 June 2015.""}]",Not independently verified for this item
placed,Digital transactions,2014-15:7-1:13,2014-15,2014–15,All businesses / Proportion of businesses that: / placed orders via the internet,placed orders via the internet,"All businesses in the selected category and population. Coverage includes Agriculture, Forestry and Fishing.",Historical scope equivalence not independently established. Agriculture included in selected table.,Historical classification equivalence not approved,0–4; 5–19; 20–199; 200+ persons; overlapping 0–19 subtotal excluded,D,2014-15,data_2014-15/extracted/81670do007_201415/81670DO007_201415.xls | Table_1 | Original workbook only,Original values and headers checked; full historical questionnaire and coverage equivalence is not established. Snapshot only.,None,Codex source-cell audit; conservative research gate,2026-09-14,"[{""row"": 1, ""values"": [""Australian Bureau of Statistics"", """", """", """", """", """", """", """", """", """", """", """", """", """", """", """"]}, {""row"": 2, ""values"": [""81670DO007_201415 Selected Characteristics of Australian Business, 2014-15"", """", """", """", """", """", """", """", """", """", """", """", """", """", """", """"]}, {""row"": 3, ""values"": [""Released at 11:30 am (Canberra time) Thurs 18 Aug 2016"", """", """", """", """", """", """", """", """", """", """", """", """", """", """", """"]}, {""row"": 4, ""values"": [""Table 1 Business use of information technology, innovation status by key indicators, by employment size, by industry, 2014-15"", """", """", """", """", """", """", """", """", """", """", """", """", """", """", """"]}, {""row"": 5, ""values"": ["""", ""Innovation-active businesses"", """", """", """", """", ""Non innovation-active businesses"", """", """", """", """", ""All businesses"", """", """", """", """"]}, {""row"": 6, ""values"": ["""", ""Proportion of businesses with:"", """", """", ""Proportion of businesses that:"", """", ""Proportion of businesses with:"", """", """", ""Proportion of businesses that:"", """", ""Proportion of businesses with:"", """", """", ""Proportion of businesses that:"", """"]}, {""row"": 7, ""values"": ["""", ""internet access"", ""web presence"", ""social media presence"", ""placed orders via the internet"", ""received orders via the internet"", ""internet access"", ""web presence"", ""social media presence"", ""placed orders via the internet"", ""received orders via the internet"", ""internet access"", ""web presence"", ""social media presence"", ""placed orders via the internet"", ""received orders via the internet""]}, {""row"": 8, ""values"": ["""", ""%"", ""%"", ""%"", ""%"", ""%"", ""%"", ""%"", ""%"", ""%"", ""%"", ""%"", ""%"", ""%"", ""%"", ""%""]}, {""row"": 9, ""values"": [""Employment size"", """", """", """", """", """", """", """", """", """", """", """", """", """", """", """"]}]","[{""sourceRow"": 4, ""sourceColumn"": 0, ""cell"": ""A4"", ""text"": ""Proportions are of all businesses in each output category. See Glossary for definition of innovation status.""}, {""sourceRow"": 7, ""sourceColumn"": 1, ""cell"": ""B7"", ""text"": ""As at the end of the reference period 30 June 2015.""}, {""sourceRow"": 7, ""sourceColumn"": 2, ""cell"": ""C7"", ""text"": ""As at the end of the reference period 30 June 2015.""}, {""sourceRow"": 7, ""sourceColumn"": 3, ""cell"": ""D7"", ""text"": ""As at the end of the reference period 30 June 2015.""}, {""sourceRow"": 7, ""sourceColumn"": 4, ""cell"": ""E7"", ""text"": ""During the year ending 30 June 2015.""}, {""sourceRow"": 7, ""sourceColumn"": 5, ""cell"": ""F7"", ""text"": ""During the year ending 30 June 2015.""}, {""sourceRow"": 7, ""sourceColumn"": 6, ""cell"": ""G7"", ""text"": ""As at the end of the reference period 30 June 2015.""}, {""sourceRow"": 7, ""sourceColumn"": 7, ""cell"": ""H7"", ""text"": ""As at the end of the reference period 30 June 2015.""}, {""sourceRow"": 7, ""sourceColumn"": 8, ""cell"": ""I7"", ""text"": ""As at the end of the reference period 30 June 2015.""}, {""sourceRow"": 7, ""sourceColumn"": 9, ""cell"": ""J7"", ""text"": ""During the year ending 30 June 2015.""}, {""sourceRow"": 7, ""sourceColumn"": 10, ""cell"": ""K7"", ""text"": ""During the year ending 30 June 2015.""}, {""sourceRow"": 7, ""sourceColumn"": 11, ""cell"": ""L7"", ""text"": ""As at the end of the reference period 30 June 2015.""}, {""sourceRow"": 7, ""sourceColumn"": 12, ""cell"": ""M7"", ""text"": ""As at the end of the reference period 30 June 2015.""}, {""sourceRow"": 7, ""sourceColumn"": 13, ""cell"": ""N7"", ""text"": ""As at the end of the reference period 30 June 2015.""}, {""sourceRow"": 7, ""sourceColumn"": 14, ""cell"": ""O7"", ""text"": ""During the year ending 30 June 2015.""}, {""sourceRow"": 7, ""sourceColumn"": 15, ""cell"": ""P7"", ""text"": ""During the year ending 30 June 2015.""}]",Not independently verified for this item
received,Digital transactions,2014-15:7-1:14,2014-15,2014–15,All businesses / Proportion of businesses that: / received orders via the internet,received orders via the internet,"All businesses in the selected category and population. Coverage includes Agriculture, Forestry and Fishing.",Historical scope equivalence not independently established. Agriculture included in selected table.,Historical classification equivalence not approved,0–4; 5–19; 20–199; 200+ persons; overlapping 0–19 subtotal excluded,D,2014-15,data_2014-15/extracted/81670do007_201415/81670DO007_201415.xls | Table_1 | Original workbook only,Original values and headers checked; full historical questionnaire and coverage equivalence is not established. Snapshot only.,None,Codex source-cell audit; conservative research gate,2026-09-14,"[{""row"": 1, ""values"": [""Australian Bureau of Statistics"", """", """", """", """", """", """", """", """", """", """", """", """", """", """", """"]}, {""row"": 2, ""values"": [""81670DO007_201415 Selected Characteristics of Australian Business, 2014-15"", """", """", """", """", """", """", """", """", """", """", """", """", """", """", """"]}, {""row"": 3, ""values"": [""Released at 11:30 am (Canberra time) Thurs 18 Aug 2016"", """", """", """", """", """", """", """", """", """", """", """", """", """", """", """"]}, {""row"": 4, ""values"": [""Table 1 Business use of information technology, innovation status by key indicators, by employment size, by industry, 2014-15"", """", """", """", """", """", """", """", """", """", """", """", """", """", """", """"]}, {""row"": 5, ""values"": ["""", ""Innovation-active businesses"", """", """", """", """", ""Non innovation-active businesses"", """", """", """", """", ""All businesses"", """", """", """", """"]}, {""row"": 6, ""values"": ["""", ""Proportion of businesses with:"", """", """", ""Proportion of businesses that:"", """", ""Proportion of businesses with:"", """", """", ""Proportion of businesses that:"", """", ""Proportion of businesses with:"", """", """", ""Proportion of businesses that:"", """"]}, {""row"": 7, ""values"": ["""", ""internet access"", ""web presence"", ""social media presence"", ""placed orders via the internet"", ""received orders via the internet"", ""internet access"", ""web presence"", ""social media presence"", ""placed orders via the internet"", ""received orders via the internet"", ""internet access"", ""web presence"", ""social media presence"", ""placed orders via the internet"", ""received orders via the internet""]}, {""row"": 8, ""values"": ["""", ""%"", ""%"", ""%"", ""%"", ""%"", ""%"", ""%"", ""%"", ""%"", ""%"", ""%"", ""%"", ""%"", ""%"", ""%""]}, {""row"": 9, ""values"": [""Employment size"", """", """", """", """", """", """", """", """", """", """", """", """", """", """", """"]}]","[{""sourceRow"": 4, ""sourceColumn"": 0, ""cell"": ""A4"", ""text"": ""Proportions are of all businesses in each output category. See Glossary for definition of innovation status.""}, {""sourceRow"": 7, ""sourceColumn"": 1, ""cell"": ""B7"", ""text"": ""As at the end of the reference period 30 June 2015.""}, {""sourceRow"": 7, ""sourceColumn"": 2, ""cell"": ""C7"", ""text"": ""As at the end of the reference period 30 June 2015.""}, {""sourceRow"": 7, ""sourceColumn"": 3, ""cell"": ""D7"", ""text"": ""As at the end of the reference period 30 June 2015.""}, {""sourceRow"": 7, ""sourceColumn"": 4, ""cell"": ""E7"", ""text"": ""During the year ending 30 June 2015.""}, {""sourceRow"": 7, ""sourceColumn"": 5, ""cell"": ""F7"", ""text"": ""During the year ending 30 June 2015.""}, {""sourceRow"": 7, ""sourceColumn"": 6, ""cell"": ""G7"", ""text"": ""As at the end of the reference period 30 June 2015.""}, {""sourceRow"": 7, ""sourceColumn"": 7, ""cell"": ""H7"", ""text"": ""As at the end of the reference period 30 June 2015.""}, {""sourceRow"": 7, ""sourceColumn"": 8, ""cell"": ""I7"", ""text"": ""As at the end of the reference period 30 June 2015.""}, {""sourceRow"": 7, ""sourceColumn"": 9, ""cell"": ""J7"", ""text"": ""During the year ending 30 June 2015.""}, {""sourceRow"": 7, ""sourceColumn"": 10, ""cell"": ""K7"", ""text"": ""During the year ending 30 June 2015.""}, {""sourceRow"": 7, ""sourceColumn"": 11, ""cell"": ""L7"", ""text"": ""As at the end of the reference period 30 June 2015.""}, {""sourceRow"": 7, ""sourceColumn"": 12, ""cell"": ""M7"", ""text"": ""As at the end of the reference period 30 June 2015.""}, {""sourceRow"": 7, ""sourceColumn"": 13, ""cell"": ""N7"", ""text"": ""As at the end of the reference period 30 June 2015.""}, {""sourceRow"": 7, ""sourceColumn"": 14, ""cell"": ""O7"", ""text"": ""During the year ending 30 June 2015.""}, {""sourceRow"": 7, ""sourceColumn"": 15, ""cell"": ""P7"", ""text"": ""During the year ending 30 June 2015.""}]",Not independently verified for this item
internet,Basic connectivity,2015-16:4-1:0,2015-16,2015–16,All businesses / Proportion of businesses with / internet access,internet access,"All businesses in the selected category and population. Coverage includes Agriculture, Forestry and Fishing.",Historical scope equivalence not independently established. Agriculture included in selected table.,Historical classification equivalence not approved,0–4; 5–19; 20–199; 200+ persons; overlapping 0–19 subtotal excluded,D,2015-16,data_2015-16/extracted/8167_0do004_business use of information technology_201516/8167_0DO004_Business use of information technology_201516.xls | Table_1 | Original workbook only,Original values and headers checked; full historical questionnaire and coverage equivalence is not established. Snapshot only.,None,Codex source-cell audit; conservative research gate,2026-09-14,"[{""row"": 1, ""values"": [""Australian Bureau of Statistics"", """", """", """", """", """", """", """", """", """", """", """", """", """", """", """"]}, {""row"": 2, ""values"": [""81670DO004_201516 Selected Characteristics of Australian Business, 2015-16"", """", """", """", """", """", """", """", """", """", """", """", """", """", """", """"]}, {""row"": 3, ""values"": [""Released at 11:30 am (Canberra time) Thurs 17 Aug 2017"", """", """", """", """", """", """", """", """", """", """", """", """", """", """", """"]}, {""row"": 4, ""values"": [""Table 1 Business use of information technology, by innovation status, by key indicators, by employment size, by industry, 2015-16"", """", """", """", """", """", """", """", """", """", """", """", """", """", """", """"]}, {""row"": 5, ""values"": ["""", ""All businesses"", """", """", """", """", ""Innovation-active businesses"", """", """", """", """", ""Non innovation-active businesses"", """", """", """", """"]}, {""row"": 6, ""values"": ["""", ""Proportion of businesses with"", """", """", ""Proportion of businesses that"", """", ""Proportion of businesses with"", """", """", ""Proportion of businesses that"", """", ""Proportion of businesses with"", """", """", ""Proportion of businesses that"", """"]}, {""row"": 7, ""values"": ["""", ""internet access"", ""web presence"", ""social media presence"", ""placed orders via the internet"", ""received orders via the internet"", ""internet access"", ""web presence"", ""social media presence"", ""placed orders via the internet"", ""received orders via the internet"", ""internet access"", ""web presence"", ""social media presence"", ""placed orders via the internet"", ""received orders via the internet""]}, {""row"": 8, ""values"": ["""", ""%"", ""%"", ""%"", ""%"", ""%"", ""%"", ""%"", ""%"", ""%"", ""%"", ""%"", ""%"", ""%"", ""%"", ""%""]}]","[{""sourceRow"": 4, ""sourceColumn"": 0, ""cell"": ""A4"", ""text"": ""Proportions are of all businesses in each output category. See Glossary for definitions of innovation status.""}, {""sourceRow"": 6, ""sourceColumn"": 1, ""cell"": ""B6"", ""text"": ""As at the end of the reference period, 30 June 2016.""}, {""sourceRow"": 6, ""sourceColumn"": 6, ""cell"": ""G6"", ""text"": ""As at the end of the reference period, 30 June 2016.""}, {""sourceRow"": 6, ""sourceColumn"": 11, ""cell"": ""L6"", ""text"": ""As at the end of the reference period, 30 June 2016.""}]",Not independently verified for this item
web,Basic connectivity,2015-16:4-1:1,2015-16,2015–16,All businesses / Proportion of businesses with / web presence,web presence,"All businesses in the selected category and population. Coverage includes Agriculture, Forestry and Fishing.",Historical scope equivalence not independently established. Agriculture included in selected table.,Historical classification equivalence not approved,0–4; 5–19; 20–199; 200+ persons; overlapping 0–19 subtotal excluded,D,2015-16,data_2015-16/extracted/8167_0do004_business use of information technology_201516/8167_0DO004_Business use of information technology_201516.xls | Table_1 | Original workbook only,Original values and headers checked; full historical questionnaire and coverage equivalence is not established. Snapshot only.,None,Codex source-cell audit; conservative research gate,2026-09-14,"[{""row"": 1, ""values"": [""Australian Bureau of Statistics"", """", """", """", """", """", """", """", """", """", """", """", """", """", """", """"]}, {""row"": 2, ""values"": [""81670DO004_201516 Selected Characteristics of Australian Business, 2015-16"", """", """", """", """", """", """", """", """", """", """", """", """", """", """", """"]}, {""row"": 3, ""values"": [""Released at 11:30 am (Canberra time) Thurs 17 Aug 2017"", """", """", """", """", """", """", """", """", """", """", """", """", """", """", """"]}, {""row"": 4, ""values"": [""Table 1 Business use of information technology, by innovation status, by key indicators, by employment size, by industry, 2015-16"", """", """", """", """", """", """", """", """", """", """", """", """", """", """", """"]}, {""row"": 5, ""values"": ["""", ""All businesses"", """", """", """", """", ""Innovation-active businesses"", """", """", """", """", ""Non innovation-active businesses"", """", """", """", """"]}, {""row"": 6, ""values"": ["""", ""Proportion of businesses with"", """", """", ""Proportion of businesses that"", """", ""Proportion of businesses with"", """", """", ""Proportion of businesses that"", """", ""Proportion of businesses with"", """", """", ""Proportion of businesses that"", """"]}, {""row"": 7, ""values"": ["""", ""internet access"", ""web presence"", ""social media presence"", ""placed orders via the internet"", ""received orders via the internet"", ""internet access"", ""web presence"", ""social media presence"", ""placed orders via the internet"", ""received orders via the internet"", ""internet access"", ""web presence"", ""social media presence"", ""placed orders via the internet"", ""received orders via the internet""]}, {""row"": 8, ""values"": ["""", ""%"", ""%"", ""%"", ""%"", ""%"", ""%"", ""%"", ""%"", ""%"", ""%"", ""%"", ""%"", ""%"", ""%"", ""%""]}]","[{""sourceRow"": 4, ""sourceColumn"": 0, ""cell"": ""A4"", ""text"": ""Proportions are of all businesses in each output category. See Glossary for definitions of innovation status.""}, {""sourceRow"": 6, ""sourceColumn"": 1, ""cell"": ""B6"", ""text"": ""As at the end of the reference period, 30 June 2016.""}, {""sourceRow"": 6, ""sourceColumn"": 6, ""cell"": ""G6"", ""text"": ""As at the end of the reference period, 30 June 2016.""}, {""sourceRow"": 6, ""sourceColumn"": 11, ""cell"": ""L6"", ""text"": ""As at the end of the reference period, 30 June 2016.""}]",Not independently verified for this item
social,Basic connectivity,2015-16:4-1:2,2015-16,2015–16,All businesses / Proportion of businesses with / social media presence,social media presence,"All businesses in the selected category and population. Coverage includes Agriculture, Forestry and Fishing.",Historical scope equivalence not independently established. Agriculture included in selected table.,Historical classification equivalence not approved,0–4; 5–19; 20–199; 200+ persons; overlapping 0–19 subtotal excluded,D,2015-16,data_2015-16/extracted/8167_0do004_business use of information technology_201516/8167_0DO004_Business use of information technology_201516.xls | Table_1 | Original workbook only,Original values and headers checked; full historical questionnaire and coverage equivalence is not established. Snapshot only.,None,Codex source-cell audit; conservative research gate,2026-09-14,"[{""row"": 1, ""values"": [""Australian Bureau of Statistics"", """", """", """", """", """", """", """", """", """", """", """", """", """", """", """"]}, {""row"": 2, ""values"": [""81670DO004_201516 Selected Characteristics of Australian Business, 2015-16"", """", """", """", """", """", """", """", """", """", """", """", """", """", """", """"]}, {""row"": 3, ""values"": [""Released at 11:30 am (Canberra time) Thurs 17 Aug 2017"", """", """", """", """", """", """", """", """", """", """", """", """", """", """", """"]}, {""row"": 4, ""values"": [""Table 1 Business use of information technology, by innovation status, by key indicators, by employment size, by industry, 2015-16"", """", """", """", """", """", """", """", """", """", """", """", """", """", """", """"]}, {""row"": 5, ""values"": ["""", ""All businesses"", """", """", """", """", ""Innovation-active businesses"", """", """", """", """", ""Non innovation-active businesses"", """", """", """", """"]}, {""row"": 6, ""values"": ["""", ""Proportion of businesses with"", """", """", ""Proportion of businesses that"", """", ""Proportion of businesses with"", """", """", ""Proportion of businesses that"", """", ""Proportion of businesses with"", """", """", ""Proportion of businesses that"", """"]}, {""row"": 7, ""values"": ["""", ""internet access"", ""web presence"", ""social media presence"", ""placed orders via the internet"", ""received orders via the internet"", ""internet access"", ""web presence"", ""social media presence"", ""placed orders via the internet"", ""received orders via the internet"", ""internet access"", ""web presence"", ""social media presence"", ""placed orders via the internet"", ""received orders via the internet""]}, {""row"": 8, ""values"": ["""", ""%"", ""%"", ""%"", ""%"", ""%"", ""%"", ""%"", ""%"", ""%"", ""%"", ""%"", ""%"", ""%"", ""%"", ""%""]}]","[{""sourceRow"": 4, ""sourceColumn"": 0, ""cell"": ""A4"", ""text"": ""Proportions are of all businesses in each output category. See Glossary for definitions of innovation status.""}, {""sourceRow"": 6, ""sourceColumn"": 1, ""cell"": ""B6"", ""text"": ""As at the end of the reference period, 30 June 2016.""}, {""sourceRow"": 6, ""sourceColumn"": 6, ""cell"": ""G6"", ""text"": ""As at the end of the reference period, 30 June 2016.""}, {""sourceRow"": 6, ""sourceColumn"": 11, ""cell"": ""L6"", ""text"": ""As at the end of the reference period, 30 June 2016.""}]",Not independently verified for this item
placed,Digital transactions,2015-16:4-1:3,2015-16,2015–16,All businesses / Proportion of businesses that / placed orders via the internet,placed orders via the internet,"All businesses in the selected category and population. Coverage includes Agriculture, Forestry and Fishing.",Historical scope equivalence not independently established. Agriculture included in selected table.,Historical classification equivalence not approved,0–4; 5–19; 20–199; 200+ persons; overlapping 0–19 subtotal excluded,D,2015-16,data_2015-16/extracted/8167_0do004_business use of information technology_201516/8167_0DO004_Business use of information technology_201516.xls | Table_1 | Original workbook only,Original values and headers checked; full historical questionnaire and coverage equivalence is not established. Snapshot only.,None,Codex source-cell audit; conservative research gate,2026-09-14,"[{""row"": 1, ""values"": [""Australian Bureau of Statistics"", """", """", """", """", """", """", """", """", """", """", """", """", """", """", """"]}, {""row"": 2, ""values"": [""81670DO004_201516 Selected Characteristics of Australian Business, 2015-16"", """", """", """", """", """", """", """", """", """", """", """", """", """", """", """"]}, {""row"": 3, ""values"": [""Released at 11:30 am (Canberra time) Thurs 17 Aug 2017"", """", """", """", """", """", """", """", """", """", """", """", """", """", """", """"]}, {""row"": 4, ""values"": [""Table 1 Business use of information technology, by innovation status, by key indicators, by employment size, by industry, 2015-16"", """", """", """", """", """", """", """", """", """", """", """", """", """", """", """"]}, {""row"": 5, ""values"": ["""", ""All businesses"", """", """", """", """", ""Innovation-active businesses"", """", """", """", """", ""Non innovation-active businesses"", """", """", """", """"]}, {""row"": 6, ""values"": ["""", ""Proportion of businesses with"", """", """", ""Proportion of businesses that"", """", ""Proportion of businesses with"", """", """", ""Proportion of businesses that"", """", ""Proportion of businesses with"", """", """", ""Proportion of businesses that"", """"]}, {""row"": 7, ""values"": ["""", ""internet access"", ""web presence"", ""social media presence"", ""placed orders via the internet"", ""received orders via the internet"", ""internet access"", ""web presence"", ""social media presence"", ""placed orders via the internet"", ""received orders via the internet"", ""internet access"", ""web presence"", ""social media presence"", ""placed orders via the internet"", ""received orders via the internet""]}, {""row"": 8, ""values"": ["""", ""%"", ""%"", ""%"", ""%"", ""%"", ""%"", ""%"", ""%"", ""%"", ""%"", ""%"", ""%"", ""%"", ""%"", ""%""]}]","[{""sourceRow"": 4, ""sourceColumn"": 0, ""cell"": ""A4"", ""text"": ""Proportions are of all businesses in each output category. See Glossary for definitions of innovation status.""}, {""sourceRow"": 6, ""sourceColumn"": 1, ""cell"": ""B6"", ""text"": ""As at the end of the reference period, 30 June 2016.""}, {""sourceRow"": 6, ""sourceColumn"": 6, ""cell"": ""G6"", ""text"": ""As at the end of the reference period, 30 June 2016.""}, {""sourceRow"": 6, ""sourceColumn"": 11, ""cell"": ""L6"", ""text"": ""As at the end of the reference period, 30 June 2016.""}]",Not independently verified for this item
received,Digital transactions,2015-16:4-1:4,2015-16,2015–16,All businesses / Proportion of businesses that / received orders via the internet,received orders via the internet,"All businesses in the selected category and population. Coverage includes Agriculture, Forestry and Fishing.",Historical scope equivalence not independently established. Agriculture included in selected table.,Historical classification equivalence not approved,0–4; 5–19; 20–199; 200+ persons; overlapping 0–19 subtotal excluded,D,2015-16,data_2015-16/extracted/8167_0do004_business use of information technology_201516/8167_0DO004_Business use of information technology_201516.xls | Table_1 | Original workbook only,Original values and headers checked; full historical questionnaire and coverage equivalence is not established. Snapshot only.,None,Codex source-cell audit; conservative research gate,2026-09-14,"[{""row"": 1, ""values"": [""Australian Bureau of Statistics"", """", """", """", """", """", """", """", """", """", """", """", """", """", """", """"]}, {""row"": 2, ""values"": [""81670DO004_201516 Selected Characteristics of Australian Business, 2015-16"", """", """", """", """", """", """", """", """", """", """", """", """", """", """", """"]}, {""row"": 3, ""values"": [""Released at 11:30 am (Canberra time) Thurs 17 Aug 2017"", """", """", """", """", """", """", """", """", """", """", """", """", """", """", """"]}, {""row"": 4, ""values"": [""Table 1 Business use of information technology, by innovation status, by key indicators, by employment size, by industry, 2015-16"", """", """", """", """", """", """", """", """", """", """", """", """", """", """", """"]}, {""row"": 5, ""values"": ["""", ""All businesses"", """", """", """", """", ""Innovation-active businesses"", """", """", """", """", ""Non innovation-active businesses"", """", """", """", """"]}, {""row"": 6, ""values"": ["""", ""Proportion of businesses with"", """", """", ""Proportion of businesses that"", """", ""Proportion of businesses with"", """", """", ""Proportion of businesses that"", """", ""Proportion of businesses with"", """", """", ""Proportion of businesses that"", """"]}, {""row"": 7, ""values"": ["""", ""internet access"", ""web presence"", ""social media presence"", ""placed orders via the internet"", ""received orders via the internet"", ""internet access"", ""web presence"", ""social media presence"", ""placed orders via the internet"", ""received orders via the internet"", ""internet access"", ""web presence"", ""social media presence"", ""placed orders via the internet"", ""received orders via the internet""]}, {""row"": 8, ""values"": ["""", ""%"", ""%"", ""%"", ""%"", ""%"", ""%"", ""%"", ""%"", ""%"", ""%"", ""%"", ""%"", ""%"", ""%"", ""%""]}]","[{""sourceRow"": 4, ""sourceColumn"": 0, ""cell"": ""A4"", ""text"": ""Proportions are of all businesses in each output category. See Glossary for definitions of innovation status.""}, {""sourceRow"": 6, ""sourceColumn"": 1, ""cell"": ""B6"", ""text"": ""As at the end of the reference period, 30 June 2016.""}, {""sourceRow"": 6, ""sourceColumn"": 6, ""cell"": ""G6"", ""text"": ""As at the end of the reference period, 30 June 2016.""}, {""sourceRow"": 6, ""sourceColumn"": 11, ""cell"": ""L6"", ""text"": ""As at the end of the reference period, 30 June 2016.""}]",Not independently verified for this item
internet,Basic connectivity,2016-17:4-1:0,2016-17,2016–17,All businesses / Proportion of businesses with / internet access,internet access,"All businesses in the selected category and population. Coverage includes Agriculture, Forestry and Fishing.",Historical scope equivalence not independently established. Agriculture included in selected table.,Historical classification equivalence not approved,0–4; 5–19; 20–199; 200+ persons; overlapping 0–19 subtotal excluded,D,2016-17,data_2016-17/extracted/81670do004_201617/81670DO004_201617.xls | Table_1 | Original workbook only,Original values and headers checked; full historical questionnaire and coverage equivalence is not established. Snapshot only.,None,Codex source-cell audit; conservative research gate,2026-09-14,"[{""row"": 1, ""values"": [""Australian Bureau of Statistics"", """", """", """", """", """", """", """", """", """", """", """", """", """", """", """"]}, {""row"": 2, ""values"": [""81670DO004_201617 Selected Characteristics of Australian Business, 2016-17"", """", """", """", """", """", """", """", """", """", """", """", """", """", """", """"]}, {""row"": 3, ""values"": [""Released at 11:30 am (Canberra time) Thurs 16 Aug 2018"", """", """", """", """", """", """", """", """", """", """", """", """", """", """", """"]}, {""row"": 4, ""values"": [""Table 1 Business use of Information Technology, by innovation status, by key indicators, by employment size, by industry – 2016-17"", """", """", """", """", """", """", """", """", """", """", """", """", """", """", """"]}, {""row"": 5, ""values"": ["""", ""All businesses"", """", """", """", """", ""Innovation-active businesses"", """", """", """", """", ""Non innovation-active businesses"", """", """", """", """"]}, {""row"": 6, ""values"": ["""", ""Proportion of businesses with"", """", """", ""Proportion of businesses that"", """", ""Proportion of businesses with"", """", """", ""Proportion of businesses that"", """", ""Proportion of businesses with"", """", """", ""Proportion of businesses that"", """"]}, {""row"": 7, ""values"": ["""", ""internet access"", ""web presence"", ""social media presence"", ""placed orders via the internet"", ""received orders via the internet"", ""internet access"", ""web presence"", ""social media presence"", ""placed orders via the internet"", ""received orders via the internet"", ""internet access"", ""web presence"", ""social media presence"", ""placed orders via the internet"", ""received orders via the internet""]}, {""row"": 8, ""values"": ["""", ""%"", ""%"", ""%"", ""%"", ""%"", ""%"", ""%"", ""%"", ""%"", ""%"", ""%"", ""%"", ""%"", ""%"", ""%""]}]","[{""sourceRow"": 4, ""sourceColumn"": 0, ""cell"": ""A4"", ""text"": ""Proportions are of all businesses in each output category. See Glossary for definitions of innovation status.""}, {""sourceRow"": 6, ""sourceColumn"": 1, ""cell"": ""B6"", ""text"": ""As at the end of the reference period, 30 June 2017.""}, {""sourceRow"": 6, ""sourceColumn"": 6, ""cell"": ""G6"", ""text"": ""As at the end of the reference period, 30 June 2017.""}, {""sourceRow"": 6, ""sourceColumn"": 11, ""cell"": ""L6"", ""text"": ""As at the end of the reference period, 30 June 2017.""}]",Not independently verified for this item
web,Basic connectivity,2016-17:4-1:1,2016-17,2016–17,All businesses / Proportion of businesses with / web presence,web presence,"All businesses in the selected category and population. Coverage includes Agriculture, Forestry and Fishing.",Historical scope equivalence not independently established. Agriculture included in selected table.,Historical classification equivalence not approved,0–4; 5–19; 20–199; 200+ persons; overlapping 0–19 subtotal excluded,D,2016-17,data_2016-17/extracted/81670do004_201617/81670DO004_201617.xls | Table_1 | Original workbook only,Original values and headers checked; full historical questionnaire and coverage equivalence is not established. Snapshot only.,None,Codex source-cell audit; conservative research gate,2026-09-14,"[{""row"": 1, ""values"": [""Australian Bureau of Statistics"", """", """", """", """", """", """", """", """", """", """", """", """", """", """", """"]}, {""row"": 2, ""values"": [""81670DO004_201617 Selected Characteristics of Australian Business, 2016-17"", """", """", """", """", """", """", """", """", """", """", """", """", """", """", """"]}, {""row"": 3, ""values"": [""Released at 11:30 am (Canberra time) Thurs 16 Aug 2018"", """", """", """", """", """", """", """", """", """", """", """", """", """", """", """"]}, {""row"": 4, ""values"": [""Table 1 Business use of Information Technology, by innovation status, by key indicators, by employment size, by industry – 2016-17"", """", """", """", """", """", """", """", """", """", """", """", """", """", """", """"]}, {""row"": 5, ""values"": ["""", ""All businesses"", """", """", """", """", ""Innovation-active businesses"", """", """", """", """", ""Non innovation-active businesses"", """", """", """", """"]}, {""row"": 6, ""values"": ["""", ""Proportion of businesses with"", """", """", ""Proportion of businesses that"", """", ""Proportion of businesses with"", """", """", ""Proportion of businesses that"", """", ""Proportion of businesses with"", """", """", ""Proportion of businesses that"", """"]}, {""row"": 7, ""values"": ["""", ""internet access"", ""web presence"", ""social media presence"", ""placed orders via the internet"", ""received orders via the internet"", ""internet access"", ""web presence"", ""social media presence"", ""placed orders via the internet"", ""received orders via the internet"", ""internet access"", ""web presence"", ""social media presence"", ""placed orders via the internet"", ""received orders via the internet""]}, {""row"": 8, ""values"": ["""", ""%"", ""%"", ""%"", ""%"", ""%"", ""%"", ""%"", ""%"", ""%"", ""%"", ""%"", ""%"", ""%"", ""%"", ""%""]}]","[{""sourceRow"": 4, ""sourceColumn"": 0, ""cell"": ""A4"", ""text"": ""Proportions are of all businesses in each output category. See Glossary for definitions of innovation status.""}, {""sourceRow"": 6, ""sourceColumn"": 1, ""cell"": ""B6"", ""text"": ""As at the end of the reference period, 30 June 2017.""}, {""sourceRow"": 6, ""sourceColumn"": 6, ""cell"": ""G6"", ""text"": ""As at the end of the reference period, 30 June 2017.""}, {""sourceRow"": 6, ""sourceColumn"": 11, ""cell"": ""L6"", ""text"": ""As at the end of the reference period, 30 June 2017.""}]",Not independently verified for this item
social,Basic connectivity,2016-17:4-1:2,2016-17,2016–17,All businesses / Proportion of businesses with / social media presence,social media presence,"All businesses in the selected category and population. Coverage includes Agriculture, Forestry and Fishing.",Historical scope equivalence not independently established. Agriculture included in selected table.,Historical classification equivalence not approved,0–4; 5–19; 20–199; 200+ persons; overlapping 0–19 subtotal excluded,D,2016-17,data_2016-17/extracted/81670do004_201617/81670DO004_201617.xls | Table_1 | Original workbook only,Original values and headers checked; full historical questionnaire and coverage equivalence is not established. Snapshot only.,None,Codex source-cell audit; conservative research gate,2026-09-14,"[{""row"": 1, ""values"": [""Australian Bureau of Statistics"", """", """", """", """", """", """", """", """", """", """", """", """", """", """", """"]}, {""row"": 2, ""values"": [""81670DO004_201617 Selected Characteristics of Australian Business, 2016-17"", """", """", """", """", """", """", """", """", """", """", """", """", """", """", """"]}, {""row"": 3, ""values"": [""Released at 11:30 am (Canberra time) Thurs 16 Aug 2018"", """", """", """", """", """", """", """", """", """", """", """", """", """", """", """"]}, {""row"": 4, ""values"": [""Table 1 Business use of Information Technology, by innovation status, by key indicators, by employment size, by industry – 2016-17"", """", """", """", """", """", """", """", """", """", """", """", """", """", """", """"]}, {""row"": 5, ""values"": ["""", ""All businesses"", """", """", """", """", ""Innovation-active businesses"", """", """", """", """", ""Non innovation-active businesses"", """", """", """", """"]}, {""row"": 6, ""values"": ["""", ""Proportion of businesses with"", """", """", ""Proportion of businesses that"", """", ""Proportion of businesses with"", """", """", ""Proportion of businesses that"", """", ""Proportion of businesses with"", """", """", ""Proportion of businesses that"", """"]}, {""row"": 7, ""values"": ["""", ""internet access"", ""web presence"", ""social media presence"", ""placed orders via the internet"", ""received orders via the internet"", ""internet access"", ""web presence"", ""social media presence"", ""placed orders via the internet"", ""received orders via the internet"", ""internet access"", ""web presence"", ""social media presence"", ""placed orders via the internet"", ""received orders via the internet""]}, {""row"": 8, ""values"": ["""", ""%"", ""%"", ""%"", ""%"", ""%"", ""%"", ""%"", ""%"", ""%"", ""%"", ""%"", ""%"", ""%"", ""%"", ""%""]}]","[{""sourceRow"": 4, ""sourceColumn"": 0, ""cell"": ""A4"", ""text"": ""Proportions are of all businesses in each output category. See Glossary for definitions of innovation status.""}, {""sourceRow"": 6, ""sourceColumn"": 1, ""cell"": ""B6"", ""text"": ""As at the end of the reference period, 30 June 2017.""}, {""sourceRow"": 6, ""sourceColumn"": 6, ""cell"": ""G6"", ""text"": ""As at the end of the reference period, 30 June 2017.""}, {""sourceRow"": 6, ""sourceColumn"": 11, ""cell"": ""L6"", ""text"": ""As at the end of the reference period, 30 June 2017.""}]",Not independently verified for this item
placed,Digital transactions,2016-17:4-1:3,2016-17,2016–17,All businesses / Proportion of businesses that / placed orders via the internet,placed orders via the internet,"All businesses in the selected category and population. Coverage includes Agriculture, Forestry and Fishing.",Historical scope equivalence not independently established. Agriculture included in selected table.,Historical classification equivalence not approved,0–4; 5–19; 20–199; 200+ persons; overlapping 0–19 subtotal excluded,D,2016-17,data_2016-17/extracted/81670do004_201617/81670DO004_201617.xls | Table_1 | Original workbook only,Original values and headers checked; full historical questionnaire and coverage equivalence is not established. Snapshot only.,None,Codex source-cell audit; conservative research gate,2026-09-14,"[{""row"": 1, ""values"": [""Australian Bureau of Statistics"", """", """", """", """", """", """", """", """", """", """", """", """", """", """", """"]}, {""row"": 2, ""values"": [""81670DO004_201617 Selected Characteristics of Australian Business, 2016-17"", """", """", """", """", """", """", """", """", """", """", """", """", """", """", """"]}, {""row"": 3, ""values"": [""Released at 11:30 am (Canberra time) Thurs 16 Aug 2018"", """", """", """", """", """", """", """", """", """", """", """", """", """", """", """"]}, {""row"": 4, ""values"": [""Table 1 Business use of Information Technology, by innovation status, by key indicators, by employment size, by industry – 2016-17"", """", """", """", """", """", """", """", """", """", """", """", """", """", """", """"]}, {""row"": 5, ""values"": ["""", ""All businesses"", """", """", """", """", ""Innovation-active businesses"", """", """", """", """", ""Non innovation-active businesses"", """", """", """", """"]}, {""row"": 6, ""values"": ["""", ""Proportion of businesses with"", """", """", ""Proportion of businesses that"", """", ""Proportion of businesses with"", """", """", ""Proportion of businesses that"", """", ""Proportion of businesses with"", """", """", ""Proportion of businesses that"", """"]}, {""row"": 7, ""values"": ["""", ""internet access"", ""web presence"", ""social media presence"", ""placed orders via the internet"", ""received orders via the internet"", ""internet access"", ""web presence"", ""social media presence"", ""placed orders via the internet"", ""received orders via the internet"", ""internet access"", ""web presence"", ""social media presence"", ""placed orders via the internet"", ""received orders via the internet""]}, {""row"": 8, ""values"": ["""", ""%"", ""%"", ""%"", ""%"", ""%"", ""%"", ""%"", ""%"", ""%"", ""%"", ""%"", ""%"", ""%"", ""%"", ""%""]}]","[{""sourceRow"": 4, ""sourceColumn"": 0, ""cell"": ""A4"", ""text"": ""Proportions are of all businesses in each output category. See Glossary for definitions of innovation status.""}, {""sourceRow"": 6, ""sourceColumn"": 1, ""cell"": ""B6"", ""text"": ""As at the end of the reference period, 30 June 2017.""}, {""sourceRow"": 6, ""sourceColumn"": 6, ""cell"": ""G6"", ""text"": ""As at the end of the reference period, 30 June 2017.""}, {""sourceRow"": 6, ""sourceColumn"": 11, ""cell"": ""L6"", ""text"": ""As at the end of the reference period, 30 June 2017.""}]",Not independently verified for this item
received,Digital transactions,2016-17:4-1:4,2016-17,2016–17,All businesses / Proportion of businesses that / received orders via the internet,received orders via the internet,"All businesses in the selected category and population. Coverage includes Agriculture, Forestry and Fishing.",Historical scope equivalence not independently established. Agriculture included in selected table.,Historical classification equivalence not approved,0–4; 5–19; 20–199; 200+ persons; overlapping 0–19 subtotal excluded,D,2016-17,data_2016-17/extracted/81670do004_201617/81670DO004_201617.xls | Table_1 | Original workbook only,Original values and headers checked; full historical questionnaire and coverage equivalence is not established. Snapshot only.,None,Codex source-cell audit; conservative research gate,2026-09-14,"[{""row"": 1, ""values"": [""Australian Bureau of Statistics"", """", """", """", """", """", """", """", """", """", """", """", """", """", """", """"]}, {""row"": 2, ""values"": [""81670DO004_201617 Selected Characteristics of Australian Business, 2016-17"", """", """", """", """", """", """", """", """", """", """", """", """", """", """", """"]}, {""row"": 3, ""values"": [""Released at 11:30 am (Canberra time) Thurs 16 Aug 2018"", """", """", """", """", """", """", """", """", """", """", """", """", """", """", """"]}, {""row"": 4, ""values"": [""Table 1 Business use of Information Technology, by innovation status, by key indicators, by employment size, by industry – 2016-17"", """", """", """", """", """", """", """", """", """", """", """", """", """", """", """"]}, {""row"": 5, ""values"": ["""", ""All businesses"", """", """", """", """", ""Innovation-active businesses"", """", """", """", """", ""Non innovation-active businesses"", """", """", """", """"]}, {""row"": 6, ""values"": ["""", ""Proportion of businesses with"", """", """", ""Proportion of businesses that"", """", ""Proportion of businesses with"", """", """", ""Proportion of businesses that"", """", ""Proportion of businesses with"", """", """", ""Proportion of businesses that"", """"]}, {""row"": 7, ""values"": ["""", ""internet access"", ""web presence"", ""social media presence"", ""placed orders via the internet"", ""received orders via the internet"", ""internet access"", ""web presence"", ""social media presence"", ""placed orders via the internet"", ""received orders via the internet"", ""internet access"", ""web presence"", ""social media presence"", ""placed orders via the internet"", ""received orders via the internet""]}, {""row"": 8, ""values"": ["""", ""%"", ""%"", ""%"", ""%"", ""%"", ""%"", ""%"", ""%"", ""%"", ""%"", ""%"", ""%"", ""%"", ""%"", ""%""]}]","[{""sourceRow"": 4, ""sourceColumn"": 0, ""cell"": ""A4"", ""text"": ""Proportions are of all businesses in each output category. See Glossary for definitions of innovation status.""}, {""sourceRow"": 6, ""sourceColumn"": 1, ""cell"": ""B6"", ""text"": ""As at the end of the reference period, 30 June 2017.""}, {""sourceRow"": 6, ""sourceColumn"": 6, ""cell"": ""G6"", ""text"": ""As at the end of the reference period, 30 June 2017.""}, {""sourceRow"": 6, ""sourceColumn"": 11, ""cell"": ""L6"", ""text"": ""As at the end of the reference period, 30 June 2017.""}]",Not independently verified for this item
internet,Basic connectivity,2017-18:1-1:1,2017-18,2017–18,All businesses / Proportion of businesses with: / internet access,internet access,"All businesses in the selected category and population. Coverage includes Agriculture, Forestry and Fishing.",Historical scope equivalence not independently established. Agriculture included in selected table.,Historical classification equivalence not approved,0–4; 5–19; 20–199; 200+ persons; overlapping 0–19 subtotal excluded,D,2017-18,data_2017-18/81670do001_201718.xls | Table_1 | Original workbook only,Original values and headers checked; full historical questionnaire and coverage equivalence is not established. Snapshot only.,None,Codex source-cell audit; conservative research gate,2026-09-14,"[{""row"": 1, ""values"": [""Australian Bureau of Statistics"", """", """", """", """", """", """", """", """", """", """", """", """", """", """", """", """"]}, {""row"": 2, ""values"": [""81670DO001_201718 Characteristics of Australian Business, 2017-18"", """", """", """", """", """", """", """", """", """", """", """", """", """", """", """", """"]}, {""row"": 3, ""values"": [""Released at 11:30 am (Canberra time) Tues 25 Jun 2019"", """", """", """", """", """", """", """", """", """", """", """", """", """", """", """", """"]}, {""row"": 4, ""values"": [""Table 1 Business Use of Information Technology, by innovation status, by key indicators, by employment size, by industry–2017-18"", """", """", """", """", """", """", """", """", """", """", """", """", """", """", """", """"]}, {""row"": 5, ""values"": ["""", """", ""All businesses"", """", """", """", """", ""Innovation-active businesses"", """", """", """", """", ""Non innovation-active businesses"", """", """", """", """"]}, {""row"": 6, ""values"": ["""", """", ""Proportion of businesses with:"", """", """", ""Proportion of businesses that:"", """", ""Proportion of businesses with:"", """", """", ""Proportion of businesses that:"", """", ""Proportion of businesses with:"", """", """", ""Proportion of businesses that:"", """"]}, {""row"": 7, ""values"": ["""", ""Estimated number of businesses"", ""internet access"", ""web presence"", ""social media presence"", ""placed orders via the internet"", ""received orders via the internet"", ""internet access"", ""web presence"", ""social media presence"", ""placed orders via the internet"", ""received orders via the internet"", ""internet access"", ""web presence"", ""social media presence"", ""placed orders via the internet"", ""received orders via the internet""]}, {""row"": 8, ""values"": ["""", ""'000"", ""%"", ""%"", ""%"", ""%"", ""%"", ""%"", ""%"", ""%"", ""%"", ""%"", ""%"", ""%"", ""%"", ""%"", ""%""]}]","[{""sourceRow"": 4, ""sourceColumn"": 0, ""cell"": ""A4"", ""text"": ""Proportions are of all businesses in each output category. See Glossary for definitions of innovation status.""}, {""sourceRow"": 6, ""sourceColumn"": 2, ""cell"": ""C6"", ""text"": ""As at the end of the reference period, 30 June 2018.""}, {""sourceRow"": 6, ""sourceColumn"": 7, ""cell"": ""H6"", ""text"": ""As at the end of the reference period, 30 June 2018.""}, {""sourceRow"": 6, ""sourceColumn"": 12, ""cell"": ""M6"", ""text"": ""As at the end of the reference period, 30 June 2018.""}, {""sourceRow"": 7, ""sourceColumn"": 1, ""cell"": ""B7"", ""text"": ""Business counts are provided for contextual information only and the total may not sum to the total of the components due to rounding. Refer to Explanatory Notes.""}]",Not independently verified for this item
web,Basic connectivity,2017-18:1-1:2,2017-18,2017–18,All businesses / Proportion of businesses with: / web presence,web presence,"All businesses in the selected category and population. Coverage includes Agriculture, Forestry and Fishing.",Historical scope equivalence not independently established. Agriculture included in selected table.,Historical classification equivalence not approved,0–4; 5–19; 20–199; 200+ persons; overlapping 0–19 subtotal excluded,D,2017-18,data_2017-18/81670do001_201718.xls | Table_1 | Original workbook only,Original values and headers checked; full historical questionnaire and coverage equivalence is not established. Snapshot only.,None,Codex source-cell audit; conservative research gate,2026-09-14,"[{""row"": 1, ""values"": [""Australian Bureau of Statistics"", """", """", """", """", """", """", """", """", """", """", """", """", """", """", """", """"]}, {""row"": 2, ""values"": [""81670DO001_201718 Characteristics of Australian Business, 2017-18"", """", """", """", """", """", """", """", """", """", """", """", """", """", """", """", """"]}, {""row"": 3, ""values"": [""Released at 11:30 am (Canberra time) Tues 25 Jun 2019"", """", """", """", """", """", """", """", """", """", """", """", """", """", """", """", """"]}, {""row"": 4, ""values"": [""Table 1 Business Use of Information Technology, by innovation status, by key indicators, by employment size, by industry–2017-18"", """", """", """", """", """", """", """", """", """", """", """", """", """", """", """", """"]}, {""row"": 5, ""values"": ["""", """", ""All businesses"", """", """", """", """", ""Innovation-active businesses"", """", """", """", """", ""Non innovation-active businesses"", """", """", """", """"]}, {""row"": 6, ""values"": ["""", """", ""Proportion of businesses with:"", """", """", ""Proportion of businesses that:"", """", ""Proportion of businesses with:"", """", """", ""Proportion of businesses that:"", """", ""Proportion of businesses with:"", """", """", ""Proportion of businesses that:"", """"]}, {""row"": 7, ""values"": ["""", ""Estimated number of businesses"", ""internet access"", ""web presence"", ""social media presence"", ""placed orders via the internet"", ""received orders via the internet"", ""internet access"", ""web presence"", ""social media presence"", ""placed orders via the internet"", ""received orders via the internet"", ""internet access"", ""web presence"", ""social media presence"", ""placed orders via the internet"", ""received orders via the internet""]}, {""row"": 8, ""values"": ["""", ""'000"", ""%"", ""%"", ""%"", ""%"", ""%"", ""%"", ""%"", ""%"", ""%"", ""%"", ""%"", ""%"", ""%"", ""%"", ""%""]}]","[{""sourceRow"": 4, ""sourceColumn"": 0, ""cell"": ""A4"", ""text"": ""Proportions are of all businesses in each output category. See Glossary for definitions of innovation status.""}, {""sourceRow"": 6, ""sourceColumn"": 2, ""cell"": ""C6"", ""text"": ""As at the end of the reference period, 30 June 2018.""}, {""sourceRow"": 6, ""sourceColumn"": 7, ""cell"": ""H6"", ""text"": ""As at the end of the reference period, 30 June 2018.""}, {""sourceRow"": 6, ""sourceColumn"": 12, ""cell"": ""M6"", ""text"": ""As at the end of the reference period, 30 June 2018.""}, {""sourceRow"": 7, ""sourceColumn"": 1, ""cell"": ""B7"", ""text"": ""Business counts are provided for contextual information only and the total may not sum to the total of the components due to rounding. Refer to Explanatory Notes.""}]",Not independently verified for this item
social,Basic connectivity,2017-18:1-1:3,2017-18,2017–18,All businesses / Proportion of businesses with: / social media presence,social media presence,"All businesses in the selected category and population. Coverage includes Agriculture, Forestry and Fishing.",Historical scope equivalence not independently established. Agriculture included in selected table.,Historical classification equivalence not approved,0–4; 5–19; 20–199; 200+ persons; overlapping 0–19 subtotal excluded,D,2017-18,data_2017-18/81670do001_201718.xls | Table_1 | Original workbook only,Original values and headers checked; full historical questionnaire and coverage equivalence is not established. Snapshot only.,None,Codex source-cell audit; conservative research gate,2026-09-14,"[{""row"": 1, ""values"": [""Australian Bureau of Statistics"", """", """", """", """", """", """", """", """", """", """", """", """", """", """", """", """"]}, {""row"": 2, ""values"": [""81670DO001_201718 Characteristics of Australian Business, 2017-18"", """", """", """", """", """", """", """", """", """", """", """", """", """", """", """", """"]}, {""row"": 3, ""values"": [""Released at 11:30 am (Canberra time) Tues 25 Jun 2019"", """", """", """", """", """", """", """", """", """", """", """", """", """", """", """", """"]}, {""row"": 4, ""values"": [""Table 1 Business Use of Information Technology, by innovation status, by key indicators, by employment size, by industry–2017-18"", """", """", """", """", """", """", """", """", """", """", """", """", """", """", """", """"]}, {""row"": 5, ""values"": ["""", """", ""All businesses"", """", """", """", """", ""Innovation-active businesses"", """", """", """", """", ""Non innovation-active businesses"", """", """", """", """"]}, {""row"": 6, ""values"": ["""", """", ""Proportion of businesses with:"", """", """", ""Proportion of businesses that:"", """", ""Proportion of businesses with:"", """", """", ""Proportion of businesses that:"", """", ""Proportion of businesses with:"", """", """", ""Proportion of businesses that:"", """"]}, {""row"": 7, ""values"": ["""", ""Estimated number of businesses"", ""internet access"", ""web presence"", ""social media presence"", ""placed orders via the internet"", ""received orders via the internet"", ""internet access"", ""web presence"", ""social media presence"", ""placed orders via the internet"", ""received orders via the internet"", ""internet access"", ""web presence"", ""social media presence"", ""placed orders via the internet"", ""received orders via the internet""]}, {""row"": 8, ""values"": ["""", ""'000"", ""%"", ""%"", ""%"", ""%"", ""%"", ""%"", ""%"", ""%"", ""%"", ""%"", ""%"", ""%"", ""%"", ""%"", ""%""]}]","[{""sourceRow"": 4, ""sourceColumn"": 0, ""cell"": ""A4"", ""text"": ""Proportions are of all businesses in each output category. See Glossary for definitions of innovation status.""}, {""sourceRow"": 6, ""sourceColumn"": 2, ""cell"": ""C6"", ""text"": ""As at the end of the reference period, 30 June 2018.""}, {""sourceRow"": 6, ""sourceColumn"": 7, ""cell"": ""H6"", ""text"": ""As at the end of the reference period, 30 June 2018.""}, {""sourceRow"": 6, ""sourceColumn"": 12, ""cell"": ""M6"", ""text"": ""As at the end of the reference period, 30 June 2018.""}, {""sourceRow"": 7, ""sourceColumn"": 1, ""cell"": ""B7"", ""text"": ""Business counts are provided for contextual information only and the total may not sum to the total of the components due to rounding. Refer to Explanatory Notes.""}]",Not independently verified for this item
placed,Digital transactions,2017-18:1-1:4,2017-18,2017–18,All businesses / Proportion of businesses that: / placed orders via the internet,placed orders via the internet,"All businesses in the selected category and population. Coverage includes Agriculture, Forestry and Fishing.",Historical scope equivalence not independently established. Agriculture included in selected table.,Historical classification equivalence not approved,0–4; 5–19; 20–199; 200+ persons; overlapping 0–19 subtotal excluded,D,2017-18,data_2017-18/81670do001_201718.xls | Table_1 | Original workbook only,Original values and headers checked; full historical questionnaire and coverage equivalence is not established. Snapshot only.,None,Codex source-cell audit; conservative research gate,2026-09-14,"[{""row"": 1, ""values"": [""Australian Bureau of Statistics"", """", """", """", """", """", """", """", """", """", """", """", """", """", """", """", """"]}, {""row"": 2, ""values"": [""81670DO001_201718 Characteristics of Australian Business, 2017-18"", """", """", """", """", """", """", """", """", """", """", """", """", """", """", """", """"]}, {""row"": 3, ""values"": [""Released at 11:30 am (Canberra time) Tues 25 Jun 2019"", """", """", """", """", """", """", """", """", """", """", """", """", """", """", """", """"]}, {""row"": 4, ""values"": [""Table 1 Business Use of Information Technology, by innovation status, by key indicators, by employment size, by industry–2017-18"", """", """", """", """", """", """", """", """", """", """", """", """", """", """", """", """"]}, {""row"": 5, ""values"": ["""", """", ""All businesses"", """", """", """", """", ""Innovation-active businesses"", """", """", """", """", ""Non innovation-active businesses"", """", """", """", """"]}, {""row"": 6, ""values"": ["""", """", ""Proportion of businesses with:"", """", """", ""Proportion of businesses that:"", """", ""Proportion of businesses with:"", """", """", ""Proportion of businesses that:"", """", ""Proportion of businesses with:"", """", """", ""Proportion of businesses that:"", """"]}, {""row"": 7, ""values"": ["""", ""Estimated number of businesses"", ""internet access"", ""web presence"", ""social media presence"", ""placed orders via the internet"", ""received orders via the internet"", ""internet access"", ""web presence"", ""social media presence"", ""placed orders via the internet"", ""received orders via the internet"", ""internet access"", ""web presence"", ""social media presence"", ""placed orders via the internet"", ""received orders via the internet""]}, {""row"": 8, ""values"": ["""", ""'000"", ""%"", ""%"", ""%"", ""%"", ""%"", ""%"", ""%"", ""%"", ""%"", ""%"", ""%"", ""%"", ""%"", ""%"", ""%""]}]","[{""sourceRow"": 4, ""sourceColumn"": 0, ""cell"": ""A4"", ""text"": ""Proportions are of all businesses in each output category. See Glossary for definitions of innovation status.""}, {""sourceRow"": 6, ""sourceColumn"": 2, ""cell"": ""C6"", ""text"": ""As at the end of the reference period, 30 June 2018.""}, {""sourceRow"": 6, ""sourceColumn"": 7, ""cell"": ""H6"", ""text"": ""As at the end of the reference period, 30 June 2018.""}, {""sourceRow"": 6, ""sourceColumn"": 12, ""cell"": ""M6"", ""text"": ""As at the end of the reference period, 30 June 2018.""}, {""sourceRow"": 7, ""sourceColumn"": 1, ""cell"": ""B7"", ""text"": ""Business counts are provided for contextual information only and the total may not sum to the total of the components due to rounding. Refer to Explanatory Notes.""}]",Not independently verified for this item
received,Digital transactions,2017-18:1-1:5,2017-18,2017–18,All businesses / Proportion of businesses that: / received orders via the internet,received orders via the internet,"All businesses in the selected category and population. Coverage includes Agriculture, Forestry and Fishing.",Historical scope equivalence not independently established. Agriculture included in selected table.,Historical classification equivalence not approved,0–4; 5–19; 20–199; 200+ persons; overlapping 0–19 subtotal excluded,D,2017-18,data_2017-18/81670do001_201718.xls | Table_1 | Original workbook only,Original values and headers checked; full historical questionnaire and coverage equivalence is not established. Snapshot only.,None,Codex source-cell audit; conservative research gate,2026-09-14,"[{""row"": 1, ""values"": [""Australian Bureau of Statistics"", """", """", """", """", """", """", """", """", """", """", """", """", """", """", """", """"]}, {""row"": 2, ""values"": [""81670DO001_201718 Characteristics of Australian Business, 2017-18"", """", """", """", """", """", """", """", """", """", """", """", """", """", """", """", """"]}, {""row"": 3, ""values"": [""Released at 11:30 am (Canberra time) Tues 25 Jun 2019"", """", """", """", """", """", """", """", """", """", """", """", """", """", """", """", """"]}, {""row"": 4, ""values"": [""Table 1 Business Use of Information Technology, by innovation status, by key indicators, by employment size, by industry–2017-18"", """", """", """", """", """", """", """", """", """", """", """", """", """", """", """", """"]}, {""row"": 5, ""values"": ["""", """", ""All businesses"", """", """", """", """", ""Innovation-active businesses"", """", """", """", """", ""Non innovation-active businesses"", """", """", """", """"]}, {""row"": 6, ""values"": ["""", """", ""Proportion of businesses with:"", """", """", ""Proportion of businesses that:"", """", ""Proportion of businesses with:"", """", """", ""Proportion of businesses that:"", """", ""Proportion of businesses with:"", """", """", ""Proportion of businesses that:"", """"]}, {""row"": 7, ""values"": ["""", ""Estimated number of businesses"", ""internet access"", ""web presence"", ""social media presence"", ""placed orders via the internet"", ""received orders via the internet"", ""internet access"", ""web presence"", ""social media presence"", ""placed orders via the internet"", ""received orders via the internet"", ""internet access"", ""web presence"", ""social media presence"", ""placed orders via the internet"", ""received orders via the internet""]}, {""row"": 8, ""values"": ["""", ""'000"", ""%"", ""%"", ""%"", ""%"", ""%"", ""%"", ""%"", ""%"", ""%"", ""%"", ""%"", ""%"", ""%"", ""%"", ""%""]}]","[{""sourceRow"": 4, ""sourceColumn"": 0, ""cell"": ""A4"", ""text"": ""Proportions are of all businesses in each output category. See Glossary for definitions of innovation status.""}, {""sourceRow"": 6, ""sourceColumn"": 2, ""cell"": ""C6"", ""text"": ""As at the end of the reference period, 30 June 2018.""}, {""sourceRow"": 6, ""sourceColumn"": 7, ""cell"": ""H6"", ""text"": ""As at the end of the reference period, 30 June 2018.""}, {""sourceRow"": 6, ""sourceColumn"": 12, ""cell"": ""M6"", ""text"": ""As at the end of the reference period, 30 June 2018.""}, {""sourceRow"": 7, ""sourceColumn"": 1, ""cell"": ""B7"", ""text"": ""Business counts are provided for contextual information only and the total may not sum to the total of the components due to rounding. Refer to Explanatory Notes.""}]",Not independently verified for this item
internet,Basic connectivity,2018-19:9-1:0,2018-19,2018–19,All businesses / Proportion of businesses with / internet access,internet access,"Businesses in the selected category and population. Coverage includes Agriculture, Forestry and Fishing.",Historical scope equivalence not independently established. Agriculture included in selected table.,Historical classification equivalence not approved,0–4; 5–19; 20–199; 200+ persons; overlapping 0–19 subtotal excluded,D,2018-19,data_2018-19/81670do009_201819.xls | Table_1 | Original workbook only,Original values and headers checked; full historical questionnaire and coverage equivalence is not established. Snapshot only.,None,Codex source-cell audit; conservative research gate,2026-09-14,"[{""row"": 1, ""values"": [""Australian Bureau of Statistics"", """", """", """", """", """", """", """", """", """", """", """", """", """", """", """"]}, {""row"": 2, ""values"": [""81670DO009_201819 Characteristics of Australian Business, 2018-19"", """", """", """", """", """", """", """", """", """", """", """", """", """", """", """"]}, {""row"": 3, ""values"": [""Released at 11:30 am (Canberra time) Fri 26 Jun 2020"", """", """", """", """", """", """", """", """", """", """", """", """", """", """", """"]}, {""row"": 4, ""values"": [""Table 1 Business use of Information Technology, by innovation status, by key indicators, by employment size, by industry – 2018-19"", """", """", """", """", """", """", """", """", """", """", """", """", """", """", """"]}, {""row"": 5, ""values"": ["""", ""All businesses"", """", """", """", """", ""Innovation-active businesses"", """", """", """", """", ""Non innovation-active businesses"", """", """", """", """"]}, {""row"": 6, ""values"": ["""", ""Proportion of businesses with"", """", """", ""Proportion of businesses that"", """", ""Proportion of businesses with"", """", """", ""Proportion of businesses that"", """", ""Proportion of businesses with"", """", """", ""Proportion of businesses that"", """"]}, {""row"": 7, ""values"": ["""", ""internet access"", ""web presence"", ""social media presence"", ""placed orders via the internet"", ""received orders via the internet"", ""internet access"", ""web presence"", ""social media presence"", ""placed orders via the internet"", ""received orders via the internet"", ""internet access"", ""web presence"", ""social media presence"", ""placed orders via the internet"", ""received orders via the internet""]}, {""row"": 8, ""values"": ["""", ""%"", ""%"", ""%"", ""%"", ""%"", ""%"", ""%"", ""%"", ""%"", ""%"", ""%"", ""%"", ""%"", ""%"", ""%""]}]","[{""sourceRow"": 4, ""sourceColumn"": 0, ""cell"": ""A4"", ""text"": ""Proportions are of all businesses in each output category. See Glossary for definitions of innovation status.""}, {""sourceRow"": 6, ""sourceColumn"": 1, ""cell"": ""B6"", ""text"": ""As at the end of the reference period, 30 June 2019.""}, {""sourceRow"": 6, ""sourceColumn"": 6, ""cell"": ""G6"", ""text"": ""As at the end of the reference period, 30 June 2019.""}, {""sourceRow"": 6, ""sourceColumn"": 11, ""cell"": ""L6"", ""text"": ""As at the end of the reference period, 30 June 2019.""}]",Not independently verified for this item
web,Basic connectivity,2018-19:9-1:1,2018-19,2018–19,All businesses / Proportion of businesses with / web presence,web presence,"Businesses in the selected category and population. Coverage includes Agriculture, Forestry and Fishing.",Historical scope equivalence not independently established. Agriculture included in selected table.,Historical classification equivalence not approved,0–4; 5–19; 20–199; 200+ persons; overlapping 0–19 subtotal excluded,D,2018-19,data_2018-19/81670do009_201819.xls | Table_1 | Original workbook only,Original values and headers checked; full historical questionnaire and coverage equivalence is not established. Snapshot only.,None,Codex source-cell audit; conservative research gate,2026-09-14,"[{""row"": 1, ""values"": [""Australian Bureau of Statistics"", """", """", """", """", """", """", """", """", """", """", """", """", """", """", """"]}, {""row"": 2, ""values"": [""81670DO009_201819 Characteristics of Australian Business, 2018-19"", """", """", """", """", """", """", """", """", """", """", """", """", """", """", """"]}, {""row"": 3, ""values"": [""Released at 11:30 am (Canberra time) Fri 26 Jun 2020"", """", """", """", """", """", """", """", """", """", """", """", """", """", """", """"]}, {""row"": 4, ""values"": [""Table 1 Business use of Information Technology, by innovation status, by key indicators, by employment size, by industry – 2018-19"", """", """", """", """", """", """", """", """", """", """", """", """", """", """", """"]}, {""row"": 5, ""values"": ["""", ""All businesses"", """", """", """", """", ""Innovation-active businesses"", """", """", """", """", ""Non innovation-active businesses"", """", """", """", """"]}, {""row"": 6, ""values"": ["""", ""Proportion of businesses with"", """", """", ""Proportion of businesses that"", """", ""Proportion of businesses with"", """", """", ""Proportion of businesses that"", """", ""Proportion of businesses with"", """", """", ""Proportion of businesses that"", """"]}, {""row"": 7, ""values"": ["""", ""internet access"", ""web presence"", ""social media presence"", ""placed orders via the internet"", ""received orders via the internet"", ""internet access"", ""web presence"", ""social media presence"", ""placed orders via the internet"", ""received orders via the internet"", ""internet access"", ""web presence"", ""social media presence"", ""placed orders via the internet"", ""received orders via the internet""]}, {""row"": 8, ""values"": ["""", ""%"", ""%"", ""%"", ""%"", ""%"", ""%"", ""%"", ""%"", ""%"", ""%"", ""%"", ""%"", ""%"", ""%"", ""%""]}]","[{""sourceRow"": 4, ""sourceColumn"": 0, ""cell"": ""A4"", ""text"": ""Proportions are of all businesses in each output category. See Glossary for definitions of innovation status.""}, {""sourceRow"": 6, ""sourceColumn"": 1, ""cell"": ""B6"", ""text"": ""As at the end of the reference period, 30 June 2019.""}, {""sourceRow"": 6, ""sourceColumn"": 6, ""cell"": ""G6"", ""text"": ""As at the end of the reference period, 30 June 2019.""}, {""sourceRow"": 6, ""sourceColumn"": 11, ""cell"": ""L6"", ""text"": ""As at the end of the reference period, 30 June 2019.""}]",Not independently verified for this item
social,Basic connectivity,2018-19:9-1:2,2018-19,2018–19,All businesses / Proportion of businesses with / social media presence,social media presence,"Businesses in the selected category and population. Coverage includes Agriculture, Forestry and Fishing.",Historical scope equivalence not independently established. Agriculture included in selected table.,Historical classification equivalence not approved,0–4; 5–19; 20–199; 200+ persons; overlapping 0–19 subtotal excluded,D,2018-19,data_2018-19/81670do009_201819.xls | Table_1 | Original workbook only,Original values and headers checked; full historical questionnaire and coverage equivalence is not established. Snapshot only.,None,Codex source-cell audit; conservative research gate,2026-09-14,"[{""row"": 1, ""values"": [""Australian Bureau of Statistics"", """", """", """", """", """", """", """", """", """", """", """", """", """", """", """"]}, {""row"": 2, ""values"": [""81670DO009_201819 Characteristics of Australian Business, 2018-19"", """", """", """", """", """", """", """", """", """", """", """", """", """", """", """"]}, {""row"": 3, ""values"": [""Released at 11:30 am (Canberra time) Fri 26 Jun 2020"", """", """", """", """", """", """", """", """", """", """", """", """", """", """", """"]}, {""row"": 4, ""values"": [""Table 1 Business use of Information Technology, by innovation status, by key indicators, by employment size, by industry – 2018-19"", """", """", """", """", """", """", """", """", """", """", """", """", """", """", """"]}, {""row"": 5, ""values"": ["""", ""All businesses"", """", """", """", """", ""Innovation-active businesses"", """", """", """", """", ""Non innovation-active businesses"", """", """", """", """"]}, {""row"": 6, ""values"": ["""", ""Proportion of businesses with"", """", """", ""Proportion of businesses that"", """", ""Proportion of businesses with"", """", """", ""Proportion of businesses that"", """", ""Proportion of businesses with"", """", """", ""Proportion of businesses that"", """"]}, {""row"": 7, ""values"": ["""", ""internet access"", ""web presence"", ""social media presence"", ""placed orders via the internet"", ""received orders via the internet"", ""internet access"", ""web presence"", ""social media presence"", ""placed orders via the internet"", ""received orders via the internet"", ""internet access"", ""web presence"", ""social media presence"", ""placed orders via the internet"", ""received orders via the internet""]}, {""row"": 8, ""values"": ["""", ""%"", ""%"", ""%"", ""%"", ""%"", ""%"", ""%"", ""%"", ""%"", ""%"", ""%"", ""%"", ""%"", ""%"", ""%""]}]","[{""sourceRow"": 4, ""sourceColumn"": 0, ""cell"": ""A4"", ""text"": ""Proportions are of all businesses in each output category. See Glossary for definitions of innovation status.""}, {""sourceRow"": 6, ""sourceColumn"": 1, ""cell"": ""B6"", ""text"": ""As at the end of the reference period, 30 June 2019.""}, {""sourceRow"": 6, ""sourceColumn"": 6, ""cell"": ""G6"", ""text"": ""As at the end of the reference period, 30 June 2019.""}, {""sourceRow"": 6, ""sourceColumn"": 11, ""cell"": ""L6"", ""text"": ""As at the end of the reference period, 30 June 2019.""}]",Not independently verified for this item
placed,Digital transactions,2018-19:9-1:3,2018-19,2018–19,All businesses / Proportion of businesses that / placed orders via the internet,placed orders via the internet,"Businesses in the selected category and population. Coverage includes Agriculture, Forestry and Fishing.",Historical scope equivalence not independently established. Agriculture included in selected table.,Historical classification equivalence not approved,0–4; 5–19; 20–199; 200+ persons; overlapping 0–19 subtotal excluded,D,2018-19,data_2018-19/81670do009_201819.xls | Table_1 | Original workbook only,Original values and headers checked; full historical questionnaire and coverage equivalence is not established. Snapshot only.,None,Codex source-cell audit; conservative research gate,2026-09-14,"[{""row"": 1, ""values"": [""Australian Bureau of Statistics"", """", """", """", """", """", """", """", """", """", """", """", """", """", """", """"]}, {""row"": 2, ""values"": [""81670DO009_201819 Characteristics of Australian Business, 2018-19"", """", """", """", """", """", """", """", """", """", """", """", """", """", """", """"]}, {""row"": 3, ""values"": [""Released at 11:30 am (Canberra time) Fri 26 Jun 2020"", """", """", """", """", """", """", """", """", """", """", """", """", """", """", """"]}, {""row"": 4, ""values"": [""Table 1 Business use of Information Technology, by innovation status, by key indicators, by employment size, by industry – 2018-19"", """", """", """", """", """", """", """", """", """", """", """", """", """", """", """"]}, {""row"": 5, ""values"": ["""", ""All businesses"", """", """", """", """", ""Innovation-active businesses"", """", """", """", """", ""Non innovation-active businesses"", """", """", """", """"]}, {""row"": 6, ""values"": ["""", ""Proportion of businesses with"", """", """", ""Proportion of businesses that"", """", ""Proportion of businesses with"", """", """", ""Proportion of businesses that"", """", ""Proportion of businesses with"", """", """", ""Proportion of businesses that"", """"]}, {""row"": 7, ""values"": ["""", ""internet access"", ""web presence"", ""social media presence"", ""placed orders via the internet"", ""received orders via the internet"", ""internet access"", ""web presence"", ""social media presence"", ""placed orders via the internet"", ""received orders via the internet"", ""internet access"", ""web presence"", ""social media presence"", ""placed orders via the internet"", ""received orders via the internet""]}, {""row"": 8, ""values"": ["""", ""%"", ""%"", ""%"", ""%"", ""%"", ""%"", ""%"", ""%"", ""%"", ""%"", ""%"", ""%"", ""%"", ""%"", ""%""]}]","[{""sourceRow"": 4, ""sourceColumn"": 0, ""cell"": ""A4"", ""text"": ""Proportions are of all businesses in each output category. See Glossary for definitions of innovation status.""}, {""sourceRow"": 6, ""sourceColumn"": 1, ""cell"": ""B6"", ""text"": ""As at the end of the reference period, 30 June 2019.""}, {""sourceRow"": 6, ""sourceColumn"": 6, ""cell"": ""G6"", ""text"": ""As at the end of the reference period, 30 June 2019.""}, {""sourceRow"": 6, ""sourceColumn"": 11, ""cell"": ""L6"", ""text"": ""As at the end of the reference period, 30 June 2019.""}]",Not independently verified for this item
received,Digital transactions,2018-19:9-1:4,2018-19,2018–19,All businesses / Proportion of businesses that / received orders via the internet,received orders via the internet,"Businesses in the selected category and population. Coverage includes Agriculture, Forestry and Fishing.",Historical scope equivalence not independently established. Agriculture included in selected table.,Historical classification equivalence not approved,0–4; 5–19; 20–199; 200+ persons; overlapping 0–19 subtotal excluded,D,2018-19,data_2018-19/81670do009_201819.xls | Table_1 | Original workbook only,Original values and headers checked; full historical questionnaire and coverage equivalence is not established. Snapshot only.,None,Codex source-cell audit; conservative research gate,2026-09-14,"[{""row"": 1, ""values"": [""Australian Bureau of Statistics"", """", """", """", """", """", """", """", """", """", """", """", """", """", """", """"]}, {""row"": 2, ""values"": [""81670DO009_201819 Characteristics of Australian Business, 2018-19"", """", """", """", """", """", """", """", """", """", """", """", """", """", """", """"]}, {""row"": 3, ""values"": [""Released at 11:30 am (Canberra time) Fri 26 Jun 2020"", """", """", """", """", """", """", """", """", """", """", """", """", """", """", """"]}, {""row"": 4, ""values"": [""Table 1 Business use of Information Technology, by innovation status, by key indicators, by employment size, by industry – 2018-19"", """", """", """", """", """", """", """", """", """", """", """", """", """", """", """"]}, {""row"": 5, ""values"": ["""", ""All businesses"", """", """", """", """", ""Innovation-active businesses"", """", """", """", """", ""Non innovation-active businesses"", """", """", """", """"]}, {""row"": 6, ""values"": ["""", ""Proportion of businesses with"", """", """", ""Proportion of businesses that"", """", ""Proportion of businesses with"", """", """", ""Proportion of businesses that"", """", ""Proportion of businesses with"", """", """", ""Proportion of businesses that"", """"]}, {""row"": 7, ""values"": ["""", ""internet access"", ""web presence"", ""social media presence"", ""placed orders via the internet"", ""received orders via the internet"", ""internet access"", ""web presence"", ""social media presence"", ""placed orders via the internet"", ""received orders via the internet"", ""internet access"", ""web presence"", ""social media presence"", ""placed orders via the internet"", ""received orders via the internet""]}, {""row"": 8, ""values"": ["""", ""%"", ""%"", ""%"", ""%"", ""%"", ""%"", ""%"", ""%"", ""%"", ""%"", ""%"", ""%"", ""%"", ""%"", ""%""]}]","[{""sourceRow"": 4, ""sourceColumn"": 0, ""cell"": ""A4"", ""text"": ""Proportions are of all businesses in each output category. See Glossary for definitions of innovation status.""}, {""sourceRow"": 6, ""sourceColumn"": 1, ""cell"": ""B6"", ""text"": ""As at the end of the reference period, 30 June 2019.""}, {""sourceRow"": 6, ""sourceColumn"": 6, ""cell"": ""G6"", ""text"": ""As at the end of the reference period, 30 June 2019.""}, {""sourceRow"": 6, ""sourceColumn"": 11, ""cell"": ""L6"", ""text"": ""As at the end of the reference period, 30 June 2019.""}]",Not independently verified for this item
placed,Digital transactions,2007-08:4-4:6,2007-08,2007–08,All businesses / placed orders via the Internet or web,placed orders via the Internet or web,All businesses in the selected category and population.,Historical scope equivalence not independently established. Do not assume agriculture coverage from absent rows.,Historical classification equivalence not approved,0–4; 5–19; 20–199; 200+ persons; overlapping 0–19 subtotal excluded,D,2007-08,data_2007-08/extracted/81670do004_200708/81670DO004_200708.xls | Table_4 | Original workbook only,Original values and headers checked; full historical questionnaire and coverage equivalence is not established. Snapshot only.,None,Codex source-cell audit; conservative research gate,2026-09-14,"[{""row"": 1, ""values"": [""Australian Bureau of Statistics"", """", """", """"]}, {""row"": 2, ""values"": [""81670DO004_200708 Selected Characteristics of Australian Business, 2007-08"", """", """", """"]}, {""row"": 3, ""values"": [""Released at 11:30 am (Canberra time) Thurs 17 Sep 2009"", """", """", """"]}, {""row"": 4, ""values"": [""Table 4 Internet commerce, innovator status by employment size, 2007–08"", """", """", """"]}, {""row"": 5, ""values"": ["""", ""placed orders via the Internet or web"", ""received orders via the Internet or web"", ""Internet income""]}, {""row"": 6, ""values"": ["""", ""%"", ""%"", ""$b""]}, {""row"": 7, ""values"": [""Innovation-active businesses"", """", """", """"]}]","[{""sourceRow"": 4, ""sourceColumn"": 0, ""cell"": ""A4"", ""text"": ""Proportions are of all businesses in each output category. See Glossary for definition of innovation status.""}, {""sourceRow"": 5, ""sourceColumn"": 3, ""cell"": ""D5"", ""text"": ""Estimates related to Internet income should be used with caution. See Explanatory Note 20.""}]",Not independently verified for this item
received,Digital transactions,2007-08:4-4:7,2007-08,2007–08,All businesses / received orders via the Internet or web,received orders via the Internet or web,All businesses in the selected category and population.,Historical scope equivalence not independently established. Do not assume agriculture coverage from absent rows.,Historical classification equivalence not approved,0–4; 5–19; 20–199; 200+ persons; overlapping 0–19 subtotal excluded,D,2007-08,data_2007-08/extracted/81670do004_200708/81670DO004_200708.xls | Table_4 | Original workbook only,Original values and headers checked; full historical questionnaire and coverage equivalence is not established. Snapshot only.,None,Codex source-cell audit; conservative research gate,2026-09-14,"[{""row"": 1, ""values"": [""Australian Bureau of Statistics"", """", """", """"]}, {""row"": 2, ""values"": [""81670DO004_200708 Selected Characteristics of Australian Business, 2007-08"", """", """", """"]}, {""row"": 3, ""values"": [""Released at 11:30 am (Canberra time) Thurs 17 Sep 2009"", """", """", """"]}, {""row"": 4, ""values"": [""Table 4 Internet commerce, innovator status by employment size, 2007–08"", """", """", """"]}, {""row"": 5, ""values"": ["""", ""placed orders via the Internet or web"", ""received orders via the Internet or web"", ""Internet income""]}, {""row"": 6, ""values"": ["""", ""%"", ""%"", ""$b""]}, {""row"": 7, ""values"": [""Innovation-active businesses"", """", """", """"]}]","[{""sourceRow"": 4, ""sourceColumn"": 0, ""cell"": ""A4"", ""text"": ""Proportions are of all businesses in each output category. See Glossary for definition of innovation status.""}, {""sourceRow"": 5, ""sourceColumn"": 3, ""cell"": ""D5"", ""text"": ""Estimates related to Internet income should be used with caution. See Explanatory Note 20.""}]",Not independently verified for this item
internet,Basic connectivity,2019-20:1-1:0,2019-20,2019–20,All businesses / Proportion of businesses with / internet access,internet access,"Businesses in the selected category and population. Coverage includes Agriculture, Forestry and Fishing.",Employing businesses; ABS exclusions apply. Agriculture included in selected table.,ANZSIC 2006 (Revision 2.0),0–4; 5–19; 20–199; 200+ persons; overlapping 0–19 subtotal excluded,D,2019-20,data_2019-20/81670DO001_201920.xlsx | Table_1 | https://www.abs.gov.au/methodologies/characteristics-australian-business-methodology/2019-20,Original values and headers checked; full historical questionnaire and coverage equivalence is not established. Snapshot only.,None,Codex source-cell audit; conservative research gate,2026-09-14,"[{""row"": 1, ""values"": [""Australian Bureau of Statistics"", """", """", """", """", """", """", """", """", """"]}, {""row"": 2, ""values"": [""81670DO001_201920 Characteristics of Australian Business, 2019-20"", """", """", """", """", """", """", """", """", """"]}, {""row"": 3, ""values"": [""Released at 11:30 am (Canberra time) Fri 4 Jun 2021"", """", """", """", """", """", """", """", """", """"]}, {""row"": 4, ""values"": [""Table 1 Business use of Information Technology, by innovation status, by key indicators, by employment size, by industry – 2019-20"", """", """", """", """", """", """", """", """", """"]}, {""row"": 5, ""values"": ["""", ""All businesses"", """", """", ""Innovation-active businesses"", """", """", ""Non innovation-active businesses"", """", """"]}, {""row"": 6, ""values"": ["""", ""Proportion of businesses with"", ""Proportion of businesses that"", """", ""Proportion of businesses with"", ""Proportion of businesses that"", """", ""Proportion of businesses with"", ""Proportion of businesses that"", """"]}, {""row"": 7, ""values"": ["""", ""internet access"", ""placed orders via the internet"", ""received orders via the internet"", ""internet access"", ""placed orders via the internet"", ""received orders via the internet"", ""internet access"", ""placed orders via the internet"", ""received orders via the internet""]}, {""row"": 8, ""values"": ["""", ""%"", ""%"", ""%"", ""%"", ""%"", ""%"", ""%"", ""%"", ""%""]}]","[{""sourceRow"": 4, ""sourceColumn"": 0, ""cell"": ""A4"", ""text"": ""Proportions are of all businesses in each output category. See Glossary for definitions of innovation status.""}]",Not independently verified for this item
placed,Digital transactions,2019-20:1-1:1,2019-20,2019–20,All businesses / Proportion of businesses that / placed orders via the internet,placed orders via the internet,"Businesses in the selected category and population. Coverage includes Agriculture, Forestry and Fishing.",Employing businesses; ABS exclusions apply. Agriculture included in selected table.,ANZSIC 2006 (Revision 2.0),0–4; 5–19; 20–199; 200+ persons; overlapping 0–19 subtotal excluded,D,2019-20,data_2019-20/81670DO001_201920.xlsx | Table_1 | https://www.abs.gov.au/methodologies/characteristics-australian-business-methodology/2019-20,Original values and headers checked; full historical questionnaire and coverage equivalence is not established. Snapshot only.,None,Codex source-cell audit; conservative research gate,2026-09-14,"[{""row"": 1, ""values"": [""Australian Bureau of Statistics"", """", """", """", """", """", """", """", """", """"]}, {""row"": 2, ""values"": [""81670DO001_201920 Characteristics of Australian Business, 2019-20"", """", """", """", """", """", """", """", """", """"]}, {""row"": 3, ""values"": [""Released at 11:30 am (Canberra time) Fri 4 Jun 2021"", """", """", """", """", """", """", """", """", """"]}, {""row"": 4, ""values"": [""Table 1 Business use of Information Technology, by innovation status, by key indicators, by employment size, by industry – 2019-20"", """", """", """", """", """", """", """", """", """"]}, {""row"": 5, ""values"": ["""", ""All businesses"", """", """", ""Innovation-active businesses"", """", """", ""Non innovation-active businesses"", """", """"]}, {""row"": 6, ""values"": ["""", ""Proportion of businesses with"", ""Proportion of businesses that"", """", ""Proportion of businesses with"", ""Proportion of businesses that"", """", ""Proportion of businesses with"", ""Proportion of businesses that"", """"]}, {""row"": 7, ""values"": ["""", ""internet access"", ""placed orders via the internet"", ""received orders via the internet"", ""internet access"", ""placed orders via the internet"", ""received orders via the internet"", ""internet access"", ""placed orders via the internet"", ""received orders via the internet""]}, {""row"": 8, ""values"": ["""", ""%"", ""%"", ""%"", ""%"", ""%"", ""%"", ""%"", ""%"", ""%""]}]","[{""sourceRow"": 4, ""sourceColumn"": 0, ""cell"": ""A4"", ""text"": ""Proportions are of all businesses in each output category. See Glossary for definitions of innovation status.""}]",Not independently verified for this item
received,Digital transactions,2019-20:1-1:2,2019-20,2019–20,All businesses / Proportion of businesses that / received orders via the internet,received orders via the internet,"Businesses in the selected category and population. Coverage includes Agriculture, Forestry and Fishing.",Employing businesses; ABS exclusions apply. Agriculture included in selected table.,ANZSIC 2006 (Revision 2.0),0–4; 5–19; 20–199; 200+ persons; overlapping 0–19 subtotal excluded,D,2019-20,data_2019-20/81670DO001_201920.xlsx | Table_1 | https://www.abs.gov.au/methodologies/characteristics-australian-business-methodology/2019-20,Original values and headers checked; full historical questionnaire and coverage equivalence is not established. Snapshot only.,None,Codex source-cell audit; conservative research gate,2026-09-14,"[{""row"": 1, ""values"": [""Australian Bureau of Statistics"", """", """", """", """", """", """", """", """", """"]}, {""row"": 2, ""values"": [""81670DO001_201920 Characteristics of Australian Business, 2019-20"", """", """", """", """", """", """", """", """", """"]}, {""row"": 3, ""values"": [""Released at 11:30 am (Canberra time) Fri 4 Jun 2021"", """", """", """", """", """", """", """", """", """"]}, {""row"": 4, ""values"": [""Table 1 Business use of Information Technology, by innovation status, by key indicators, by employment size, by industry – 2019-20"", """", """", """", """", """", """", """", """", """"]}, {""row"": 5, ""values"": ["""", ""All businesses"", """", """", ""Innovation-active businesses"", """", """", ""Non innovation-active businesses"", """", """"]}, {""row"": 6, ""values"": ["""", ""Proportion of businesses with"", ""Proportion of businesses that"", """", ""Proportion of businesses with"", ""Proportion of businesses that"", """", ""Proportion of businesses with"", ""Proportion of businesses that"", """"]}, {""row"": 7, ""values"": ["""", ""internet access"", ""placed orders via the internet"", ""received orders via the internet"", ""internet access"", ""placed orders via the internet"", ""received orders via the internet"", ""internet access"", ""placed orders via the internet"", ""received orders via the internet""]}, {""row"": 8, ""values"": ["""", ""%"", ""%"", ""%"", ""%"", ""%"", ""%"", ""%"", ""%"", ""%""]}]","[{""sourceRow"": 4, ""sourceColumn"": 0, ""cell"": ""A4"", ""text"": ""Proportions are of all businesses in each output category. See Glossary for definitions of innovation status.""}]",Not independently verified for this item
crm,Operational systems,2019-20:3-7:0,2019-20,2019–20,Customer Relationship Management software (CRM),Customer Relationship Management software (CRM),"Businesses in the selected category and population. Coverage includes Agriculture, Forestry and Fishing.",Employing businesses; ABS exclusions apply. Agriculture included in selected table.,ANZSIC 2006 (Revision 2.0),0–4; 5–19; 20–199; 200+ persons; overlapping 0–19 subtotal excluded,D,2019-20,data_2019-20/81670DO003_201920.xlsx | Table_7 | https://www.abs.gov.au/methodologies/characteristics-australian-business-methodology/2019-20,Original values and headers checked; full historical questionnaire and coverage equivalence is not established. Snapshot only.,None,Codex source-cell audit; conservative research gate,2026-09-14,"[{""row"": 1, ""values"": [""Australian Bureau of Statistics"", """", """", """", """", """", """", """", """", """"]}, {""row"": 2, ""values"": [""81670DO003_201920 Characteristics of Australian Business, 2019-20"", """", """", """", """", """", """", """", """", """"]}, {""row"": 3, ""values"": [""Released at 11:30 am (Canberra time) Fri 4 Jun 2021"", """", """", """", """", """", """", """", """", """"]}, {""row"": 4, ""values"": [""Table 7 Selected ICTs used by the business, by employment size, by industry – 2019-20"", """", """", """", """", """", """", """", """", """"]}, {""row"": 5, ""values"": ["""", ""Customer Relationship Management software (CRM)"", ""Enterprise Resource Planning software (ERP)"", ""Electronic Data Interchange"", ""Radio Frequency Identifications (RFID)"", ""Cloud technology"", ""Cybersecurity software"", ""Data analytics"", ""Internet of things (IoT)"", ""Artificial intelligence (AI)""]}, {""row"": 6, ""values"": ["""", ""%"", ""%"", ""%"", ""%"", ""%"", ""%"", ""%"", ""%"", ""%""]}]","[{""sourceRow"": 4, ""sourceColumn"": 0, ""cell"": ""A4"", ""text"": ""Proportions are of all businesses in each output category. Businesses could identify more than one technology.""}, {""sourceRow"": 5, ""sourceColumn"": 3, ""cell"": ""D5"", ""text"": ""e.g. automated computer to computer exchange of purchase orders, invoices etc.""}, {""sourceRow"": 5, ""sourceColumn"": 4, ""cell"": ""E5"", ""text"": ""e.g. tracking-inventory, limiting access to buildings""}, {""sourceRow"": 5, ""sourceColumn"": 7, ""cell"": ""H5"", ""text"": ""e.g. big data or geospatial technology""}, {""sourceRow"": 5, ""sourceColumn"": 8, ""cell"": ""I5"", ""text"": ""e.g. smart metering, digitally-networked physical devices or assets""}, {""sourceRow"": 5, ""sourceColumn"": 9, ""cell"": ""J5"", ""text"": ""e.g. machine learning, voice recognition, advanced robotics""}, {""sourceRow"": 5, ""sourceColumn"": 11, ""cell"": ""L5"", ""text"": ""e.g. cryptocurrencies, smart contracts""}]",Not independently verified for this item
erp,Operational systems,2019-20:3-7:1,2019-20,2019–20,Enterprise Resource Planning software (ERP),Enterprise Resource Planning software (ERP),"Businesses in the selected category and population. Coverage includes Agriculture, Forestry and Fishing.",Employing businesses; ABS exclusions apply. Agriculture included in selected table.,ANZSIC 2006 (Revision 2.0),0–4; 5–19; 20–199; 200+ persons; overlapping 0–19 subtotal excluded,D,2019-20,data_2019-20/81670DO003_201920.xlsx | Table_7 | https://www.abs.gov.au/methodologies/characteristics-australian-business-methodology/2019-20,Original values and headers checked; full historical questionnaire and coverage equivalence is not established. Snapshot only.,None,Codex source-cell audit; conservative research gate,2026-09-14,"[{""row"": 1, ""values"": [""Australian Bureau of Statistics"", """", """", """", """", """", """", """", """", """"]}, {""row"": 2, ""values"": [""81670DO003_201920 Characteristics of Australian Business, 2019-20"", """", """", """", """", """", """", """", """", """"]}, {""row"": 3, ""values"": [""Released at 11:30 am (Canberra time) Fri 4 Jun 2021"", """", """", """", """", """", """", """", """", """"]}, {""row"": 4, ""values"": [""Table 7 Selected ICTs used by the business, by employment size, by industry – 2019-20"", """", """", """", """", """", """", """", """", """"]}, {""row"": 5, ""values"": ["""", ""Customer Relationship Management software (CRM)"", ""Enterprise Resource Planning software (ERP)"", ""Electronic Data Interchange"", ""Radio Frequency Identifications (RFID)"", ""Cloud technology"", ""Cybersecurity software"", ""Data analytics"", ""Internet of things (IoT)"", ""Artificial intelligence (AI)""]}, {""row"": 6, ""values"": ["""", ""%"", ""%"", ""%"", ""%"", ""%"", ""%"", ""%"", ""%"", ""%""]}]","[{""sourceRow"": 4, ""sourceColumn"": 0, ""cell"": ""A4"", ""text"": ""Proportions are of all businesses in each output category. Businesses could identify more than one technology.""}, {""sourceRow"": 5, ""sourceColumn"": 3, ""cell"": ""D5"", ""text"": ""e.g. automated computer to computer exchange of purchase orders, invoices etc.""}, {""sourceRow"": 5, ""sourceColumn"": 4, ""cell"": ""E5"", ""text"": ""e.g. tracking-inventory, limiting access to buildings""}, {""sourceRow"": 5, ""sourceColumn"": 7, ""cell"": ""H5"", ""text"": ""e.g. big data or geospatial technology""}, {""sourceRow"": 5, ""sourceColumn"": 8, ""cell"": ""I5"", ""text"": ""e.g. smart metering, digitally-networked physical devices or assets""}, {""sourceRow"": 5, ""sourceColumn"": 9, ""cell"": ""J5"", ""text"": ""e.g. machine learning, voice recognition, advanced robotics""}, {""sourceRow"": 5, ""sourceColumn"": 11, ""cell"": ""L5"", ""text"": ""e.g. cryptocurrencies, smart contracts""}]",Not independently verified for this item
edi,Operational systems,2019-20:3-7:2,2019-20,2019–20,Electronic Data Interchange,Electronic Data Interchange,"Businesses in the selected category and population. Coverage includes Agriculture, Forestry and Fishing.",Employing businesses; ABS exclusions apply. Agriculture included in selected table.,ANZSIC 2006 (Revision 2.0),0–4; 5–19; 20–199; 200+ persons; overlapping 0–19 subtotal excluded,D,2019-20,data_2019-20/81670DO003_201920.xlsx | Table_7 | https://www.abs.gov.au/methodologies/characteristics-australian-business-methodology/2019-20,Original values and headers checked; full historical questionnaire and coverage equivalence is not established. Snapshot only.,None,Codex source-cell audit; conservative research gate,2026-09-14,"[{""row"": 1, ""values"": [""Australian Bureau of Statistics"", """", """", """", """", """", """", """", """", """"]}, {""row"": 2, ""values"": [""81670DO003_201920 Characteristics of Australian Business, 2019-20"", """", """", """", """", """", """", """", """", """"]}, {""row"": 3, ""values"": [""Released at 11:30 am (Canberra time) Fri 4 Jun 2021"", """", """", """", """", """", """", """", """", """"]}, {""row"": 4, ""values"": [""Table 7 Selected ICTs used by the business, by employment size, by industry – 2019-20"", """", """", """", """", """", """", """", """", """"]}, {""row"": 5, ""values"": ["""", ""Customer Relationship Management software (CRM)"", ""Enterprise Resource Planning software (ERP)"", ""Electronic Data Interchange"", ""Radio Frequency Identifications (RFID)"", ""Cloud technology"", ""Cybersecurity software"", ""Data analytics"", ""Internet of things (IoT)"", ""Artificial intelligence (AI)""]}, {""row"": 6, ""values"": ["""", ""%"", ""%"", ""%"", ""%"", ""%"", ""%"", ""%"", ""%"", ""%""]}]","[{""sourceRow"": 4, ""sourceColumn"": 0, ""cell"": ""A4"", ""text"": ""Proportions are of all businesses in each output category. Businesses could identify more than one technology.""}, {""sourceRow"": 5, ""sourceColumn"": 3, ""cell"": ""D5"", ""text"": ""e.g. automated computer to computer exchange of purchase orders, invoices etc.""}, {""sourceRow"": 5, ""sourceColumn"": 4, ""cell"": ""E5"", ""text"": ""e.g. tracking-inventory, limiting access to buildings""}, {""sourceRow"": 5, ""sourceColumn"": 7, ""cell"": ""H5"", ""text"": ""e.g. big data or geospatial technology""}, {""sourceRow"": 5, ""sourceColumn"": 8, ""cell"": ""I5"", ""text"": ""e.g. smart metering, digitally-networked physical devices or assets""}, {""sourceRow"": 5, ""sourceColumn"": 9, ""cell"": ""J5"", ""text"": ""e.g. machine learning, voice recognition, advanced robotics""}, {""sourceRow"": 5, ""sourceColumn"": 11, ""cell"": ""L5"", ""text"": ""e.g. cryptocurrencies, smart contracts""}]",Not independently verified for this item
cloud,Advanced technologies,2019-20:3-7:4,2019-20,2019–20,Cloud technology,Cloud technology,"Businesses in the selected category and population. Coverage includes Agriculture, Forestry and Fishing.",Employing businesses; ABS exclusions apply. Agriculture included in selected table.,ANZSIC 2006 (Revision 2.0),0–4; 5–19; 20–199; 200+ persons; overlapping 0–19 subtotal excluded,D,2019-20,data_2019-20/81670DO003_201920.xlsx | Table_7 | https://www.abs.gov.au/methodologies/characteristics-australian-business-methodology/2019-20,Original values and headers checked; full historical questionnaire and coverage equivalence is not established. Snapshot only.,None,Codex source-cell audit; conservative research gate,2026-09-14,"[{""row"": 1, ""values"": [""Australian Bureau of Statistics"", """", """", """", """", """", """", """", """", """"]}, {""row"": 2, ""values"": [""81670DO003_201920 Characteristics of Australian Business, 2019-20"", """", """", """", """", """", """", """", """", """"]}, {""row"": 3, ""values"": [""Released at 11:30 am (Canberra time) Fri 4 Jun 2021"", """", """", """", """", """", """", """", """", """"]}, {""row"": 4, ""values"": [""Table 7 Selected ICTs used by the business, by employment size, by industry – 2019-20"", """", """", """", """", """", """", """", """", """"]}, {""row"": 5, ""values"": ["""", ""Customer Relationship Management software (CRM)"", ""Enterprise Resource Planning software (ERP)"", ""Electronic Data Interchange"", ""Radio Frequency Identifications (RFID)"", ""Cloud technology"", ""Cybersecurity software"", ""Data analytics"", ""Internet of things (IoT)"", ""Artificial intelligence (AI)""]}, {""row"": 6, ""values"": ["""", ""%"", ""%"", ""%"", ""%"", ""%"", ""%"", ""%"", ""%"", ""%""]}]","[{""sourceRow"": 4, ""sourceColumn"": 0, ""cell"": ""A4"", ""text"": ""Proportions are of all businesses in each output category. Businesses could identify more than one technology.""}, {""sourceRow"": 5, ""sourceColumn"": 3, ""cell"": ""D5"", ""text"": ""e.g. automated computer to computer exchange of purchase orders, invoices etc.""}, {""sourceRow"": 5, ""sourceColumn"": 4, ""cell"": ""E5"", ""text"": ""e.g. tracking-inventory, limiting access to buildings""}, {""sourceRow"": 5, ""sourceColumn"": 7, ""cell"": ""H5"", ""text"": ""e.g. big data or geospatial technology""}, {""sourceRow"": 5, ""sourceColumn"": 8, ""cell"": ""I5"", ""text"": ""e.g. smart metering, digitally-networked physical devices or assets""}, {""sourceRow"": 5, ""sourceColumn"": 9, ""cell"": ""J5"", ""text"": ""e.g. machine learning, voice recognition, advanced robotics""}, {""sourceRow"": 5, ""sourceColumn"": 11, ""cell"": ""L5"", ""text"": ""e.g. cryptocurrencies, smart contracts""}]",Not independently verified for this item
analytics,Data capability,2019-20:3-7:6,2019-20,2019–20,Data analytics,Data analytics,"Businesses in the selected category and population. Coverage includes Agriculture, Forestry and Fishing.",Employing businesses; ABS exclusions apply. Agriculture included in selected table.,ANZSIC 2006 (Revision 2.0),0–4; 5–19; 20–199; 200+ persons; overlapping 0–19 subtotal excluded,D,2019-20,data_2019-20/81670DO003_201920.xlsx | Table_7 | https://www.abs.gov.au/methodologies/characteristics-australian-business-methodology/2019-20,Original values and headers checked; full historical questionnaire and coverage equivalence is not established. Snapshot only.,None,Codex source-cell audit; conservative research gate,2026-09-14,"[{""row"": 1, ""values"": [""Australian Bureau of Statistics"", """", """", """", """", """", """", """", """", """"]}, {""row"": 2, ""values"": [""81670DO003_201920 Characteristics of Australian Business, 2019-20"", """", """", """", """", """", """", """", """", """"]}, {""row"": 3, ""values"": [""Released at 11:30 am (Canberra time) Fri 4 Jun 2021"", """", """", """", """", """", """", """", """", """"]}, {""row"": 4, ""values"": [""Table 7 Selected ICTs used by the business, by employment size, by industry – 2019-20"", """", """", """", """", """", """", """", """", """"]}, {""row"": 5, ""values"": ["""", ""Customer Relationship Management software (CRM)"", ""Enterprise Resource Planning software (ERP)"", ""Electronic Data Interchange"", ""Radio Frequency Identifications (RFID)"", ""Cloud technology"", ""Cybersecurity software"", ""Data analytics"", ""Internet of things (IoT)"", ""Artificial intelligence (AI)""]}, {""row"": 6, ""values"": ["""", ""%"", ""%"", ""%"", ""%"", ""%"", ""%"", ""%"", ""%"", ""%""]}]","[{""sourceRow"": 4, ""sourceColumn"": 0, ""cell"": ""A4"", ""text"": ""Proportions are of all businesses in each output category. Businesses could identify more than one technology.""}, {""sourceRow"": 5, ""sourceColumn"": 3, ""cell"": ""D5"", ""text"": ""e.g. automated computer to computer exchange of purchase orders, invoices etc.""}, {""sourceRow"": 5, ""sourceColumn"": 4, ""cell"": ""E5"", ""text"": ""e.g. tracking-inventory, limiting access to buildings""}, {""sourceRow"": 5, ""sourceColumn"": 7, ""cell"": ""H5"", ""text"": ""e.g. big data or geospatial technology""}, {""sourceRow"": 5, ""sourceColumn"": 8, ""cell"": ""I5"", ""text"": ""e.g. smart metering, digitally-networked physical devices or assets""}, {""sourceRow"": 5, ""sourceColumn"": 9, ""cell"": ""J5"", ""text"": ""e.g. machine learning, voice recognition, advanced robotics""}, {""sourceRow"": 5, ""sourceColumn"": 11, ""cell"": ""L5"", ""text"": ""e.g. cryptocurrencies, smart contracts""}]",Not independently verified for this item
iot,Advanced technologies,2019-20:3-7:7,2019-20,2019–20,Internet of things (IoT),Internet of things (IoT),"Businesses in the selected category and population. Coverage includes Agriculture, Forestry and Fishing.",Employing businesses; ABS exclusions apply. Agriculture included in selected table.,ANZSIC 2006 (Revision 2.0),0–4; 5–19; 20–199; 200+ persons; overlapping 0–19 subtotal excluded,D,2019-20,data_2019-20/81670DO003_201920.xlsx | Table_7 | https://www.abs.gov.au/methodologies/characteristics-australian-business-methodology/2019-20,Original values and headers checked; full historical questionnaire and coverage equivalence is not established. Snapshot only.,None,Codex source-cell audit; conservative research gate,2026-09-14,"[{""row"": 1, ""values"": [""Australian Bureau of Statistics"", """", """", """", """", """", """", """", """", """"]}, {""row"": 2, ""values"": [""81670DO003_201920 Characteristics of Australian Business, 2019-20"", """", """", """", """", """", """", """", """", """"]}, {""row"": 3, ""values"": [""Released at 11:30 am (Canberra time) Fri 4 Jun 2021"", """", """", """", """", """", """", """", """", """"]}, {""row"": 4, ""values"": [""Table 7 Selected ICTs used by the business, by employment size, by industry – 2019-20"", """", """", """", """", """", """", """", """", """"]}, {""row"": 5, ""values"": ["""", ""Customer Relationship Management software (CRM)"", ""Enterprise Resource Planning software (ERP)"", ""Electronic Data Interchange"", ""Radio Frequency Identifications (RFID)"", ""Cloud technology"", ""Cybersecurity software"", ""Data analytics"", ""Internet of things (IoT)"", ""Artificial intelligence (AI)""]}, {""row"": 6, ""values"": ["""", ""%"", ""%"", ""%"", ""%"", ""%"", ""%"", ""%"", ""%"", ""%""]}]","[{""sourceRow"": 4, ""sourceColumn"": 0, ""cell"": ""A4"", ""text"": ""Proportions are of all businesses in each output category. Businesses could identify more than one technology.""}, {""sourceRow"": 5, ""sourceColumn"": 3, ""cell"": ""D5"", ""text"": ""e.g. automated computer to computer exchange of purchase orders, invoices etc.""}, {""sourceRow"": 5, ""sourceColumn"": 4, ""cell"": ""E5"", ""text"": ""e.g. tracking-inventory, limiting access to buildings""}, {""sourceRow"": 5, ""sourceColumn"": 7, ""cell"": ""H5"", ""text"": ""e.g. big data or geospatial technology""}, {""sourceRow"": 5, ""sourceColumn"": 8, ""cell"": ""I5"", ""text"": ""e.g. smart metering, digitally-networked physical devices or assets""}, {""sourceRow"": 5, ""sourceColumn"": 9, ""cell"": ""J5"", ""text"": ""e.g. machine learning, voice recognition, advanced robotics""}, {""sourceRow"": 5, ""sourceColumn"": 11, ""cell"": ""L5"", ""text"": ""e.g. cryptocurrencies, smart contracts""}]",Not independently verified for this item
ai,Advanced technologies,2019-20:3-7:8,2019-20,2019–20,Artificial intelligence (AI),Artificial intelligence (AI),"Businesses in the selected category and population. Coverage includes Agriculture, Forestry and Fishing.",Employing businesses; ABS exclusions apply. Agriculture included in selected table.,ANZSIC 2006 (Revision 2.0),0–4; 5–19; 20–199; 200+ persons; overlapping 0–19 subtotal excluded,D,2019-20,data_2019-20/81670DO003_201920.xlsx | Table_7 | https://www.abs.gov.au/methodologies/characteristics-australian-business-methodology/2019-20,Original values and headers checked; full historical questionnaire and coverage equivalence is not established. Snapshot only.,None,Codex source-cell audit; conservative research gate,2026-09-14,"[{""row"": 1, ""values"": [""Australian Bureau of Statistics"", """", """", """", """", """", """", """", """", """"]}, {""row"": 2, ""values"": [""81670DO003_201920 Characteristics of Australian Business, 2019-20"", """", """", """", """", """", """", """", """", """"]}, {""row"": 3, ""values"": [""Released at 11:30 am (Canberra time) Fri 4 Jun 2021"", """", """", """", """", """", """", """", """", """"]}, {""row"": 4, ""values"": [""Table 7 Selected ICTs used by the business, by employment size, by industry – 2019-20"", """", """", """", """", """", """", """", """", """"]}, {""row"": 5, ""values"": ["""", ""Customer Relationship Management software (CRM)"", ""Enterprise Resource Planning software (ERP)"", ""Electronic Data Interchange"", ""Radio Frequency Identifications (RFID)"", ""Cloud technology"", ""Cybersecurity software"", ""Data analytics"", ""Internet of things (IoT)"", ""Artificial intelligence (AI)""]}, {""row"": 6, ""values"": ["""", ""%"", ""%"", ""%"", ""%"", ""%"", ""%"", ""%"", ""%"", ""%""]}]","[{""sourceRow"": 4, ""sourceColumn"": 0, ""cell"": ""A4"", ""text"": ""Proportions are of all businesses in each output category. Businesses could identify more than one technology.""}, {""sourceRow"": 5, ""sourceColumn"": 3, ""cell"": ""D5"", ""text"": ""e.g. automated computer to computer exchange of purchase orders, invoices etc.""}, {""sourceRow"": 5, ""sourceColumn"": 4, ""cell"": ""E5"", ""text"": ""e.g. tracking-inventory, limiting access to buildings""}, {""sourceRow"": 5, ""sourceColumn"": 7, ""cell"": ""H5"", ""text"": ""e.g. big data or geospatial technology""}, {""sourceRow"": 5, ""sourceColumn"": 8, ""cell"": ""I5"", ""text"": ""e.g. smart metering, digitally-networked physical devices or assets""}, {""sourceRow"": 5, ""sourceColumn"": 9, ""cell"": ""J5"", ""text"": ""e.g. machine learning, voice recognition, advanced robotics""}, {""sourceRow"": 5, ""sourceColumn"": 11, ""cell"": ""L5"", ""text"": ""e.g. cryptocurrencies, smart contracts""}]",Not independently verified for this item
internet,Basic connectivity,2021-22:5-1:0,2021-22,2021–22,Businesses with internet access,Businesses with internet access,"Proportions are of all businesses in each output category. Business could select more than one type of broadband and/or dial-up connection. Coverage includes Agriculture, Forestry and Fishing.",Employing businesses; ABS exclusions apply. Agriculture included in selected table.,ANZSIC 2006 (Revision 2.0),0–4; 5–19; 20–199; 200+ persons; overlapping 0–19 subtotal excluded,C,2021-22,data_2021-22/81670DO005_202122.xlsx | Table_1 | https://www.abs.gov.au/methodologies/characteristics-australian-business-methodology/2021-22,Survey redevelopment and/or item context changed. Keep this wave separate; no temporal change calculated.,None,Codex source-cell audit; conservative research gate,2026-09-14,"[{""row"": 1, ""values"": [""Australian Bureau of Statistics"", """", """", """"]}, {""row"": 2, ""values"": [""81670DO005_202122 Characteristics of Australian Business, 2021-22"", """", """", """"]}, {""row"": 3, ""values"": [""Released at 11:30 am (Canberra time) Thursday 22 June 2023"", """", """", """"]}, {""row"": 4, ""values"": [""Table 1 Business internet connectivity, by employment size, by industry, by state/territory, by location – year ended 30 June 2022"", """", """", """"]}, {""row"": 5, ""values"": ["""", ""Businesses with internet access"", ""Businesses with a broadband connection"", ""Businesses with a dial-up connection""]}, {""row"": 6, ""values"": ["""", ""%"", ""%"", ""%""]}]","[{""sourceRow"": 4, ""sourceColumn"": 0, ""cell"": ""A4"", ""text"": ""Proportions are of all businesses in each output category. Business could select more than one type of broadband and/or dial-up connection.""}, {""sourceRow"": 45, ""sourceColumn"": 0, ""cell"": ""A45"", ""text"": ""i.e. other location combinations not listed above""}]",Not independently verified for this item
website_app,Basic connectivity,2021-22:6-1:0,2021-22,2021–22,Business's own website or app,Business's own website or app,"Proportions are of all businesses in each output category. Businesses could select more than one option. Coverage includes Agriculture, Forestry and Fishing.",Employing businesses; ABS exclusions apply. Agriculture included in selected table.,ANZSIC 2006 (Revision 2.0),0–4; 5–19; 20–199; 200+ persons; overlapping 0–19 subtotal excluded,C,2021-22,data_2021-22/81670DO006_202122.xlsx | Table_1 | https://www.abs.gov.au/methodologies/characteristics-australian-business-methodology/2021-22,Survey redevelopment and/or item context changed. Keep this wave separate; no temporal change calculated.,None,Codex source-cell audit; conservative research gate,2026-09-14,"[{""row"": 1, ""values"": [""Australian Bureau of Statistics"", """", """", """", """", """", """"]}, {""row"": 2, ""values"": [""81670DO006_202122 Characteristics of Australian Business, 2021-22"", """", """", """", """", """", """"]}, {""row"": 3, ""values"": [""Released at 11:30 am (Canberra time) Thursday 22 June 2023"", """", """", """", """", """", """"]}, {""row"": 4, ""values"": [""Table 1 Type of online presence, by employment size, by industry, by location – year ended 30 June 2022"", """", """", """", """", """", """"]}, {""row"": 5, ""values"": ["""", ""Business's own website or app"", ""Third-party website, platform, app or online marketplace"", ""Social media"", ""Wiki based knowledge sharing tools"", ""Other"", ""Any online presence""]}, {""row"": 6, ""values"": ["""", ""%"", ""%"", ""%"", ""%"", ""%"", ""%""]}]","[{""sourceRow"": 4, ""sourceColumn"": 0, ""cell"": ""A4"", ""text"": ""Proportions are of all businesses in each output category. Businesses could select more than one option.""}, {""sourceRow"": 5, ""sourceColumn"": 2, ""cell"": ""C5"", ""text"": ""(e.g. Amazon, UberEats, booking.com, etc.)""}, {""sourceRow"": 5, ""sourceColumn"": 3, ""cell"": ""D5"", ""text"": ""(e.g. Facebook, LinkedIn, Twitter, Instagram, YouTube, Pinterest, etc.)""}, {""sourceRow"": 5, ""sourceColumn"": 4, ""cell"": ""E5"", ""text"": ""(i.e. knowledge sharing platforms that can be viewed and easily edited by anyone)""}, {""sourceRow"": 36, ""sourceColumn"": 0, ""cell"": ""A36"", ""text"": ""i.e. other location combinations not listed above""}]",Not independently verified for this item
social,Basic connectivity,2021-22:6-1:2,2021-22,2021–22,Social media,Social media,"Proportions are of all businesses in each output category. Businesses could select more than one option. Coverage includes Agriculture, Forestry and Fishing.",Employing businesses; ABS exclusions apply. Agriculture included in selected table.,ANZSIC 2006 (Revision 2.0),0–4; 5–19; 20–199; 200+ persons; overlapping 0–19 subtotal excluded,A,recent-2021-2024,data_2021-22/81670DO006_202122.xlsx | Table_1 | https://www.abs.gov.au/statistics/industry/technology-and-innovation/characteristics-australian-business/2024-25,Matched source items and all-business bases; ABS 2024-25 release explicitly compares these two waves. Descriptive comparison only.,None,Codex source-cell audit; conservative research gate,2026-09-14,"[{""row"": 1, ""values"": [""Australian Bureau of Statistics"", """", """", """", """", """", """"]}, {""row"": 2, ""values"": [""81670DO006_202122 Characteristics of Australian Business, 2021-22"", """", """", """", """", """", """"]}, {""row"": 3, ""values"": [""Released at 11:30 am (Canberra time) Thursday 22 June 2023"", """", """", """", """", """", """"]}, {""row"": 4, ""values"": [""Table 1 Type of online presence, by employment size, by industry, by location – year ended 30 June 2022"", """", """", """", """", """", """"]}, {""row"": 5, ""values"": ["""", ""Business's own website or app"", ""Third-party website, platform, app or online marketplace"", ""Social media"", ""Wiki based knowledge sharing tools"", ""Other"", ""Any online presence""]}, {""row"": 6, ""values"": ["""", ""%"", ""%"", ""%"", ""%"", ""%"", ""%""]}]","[{""sourceRow"": 4, ""sourceColumn"": 0, ""cell"": ""A4"", ""text"": ""Proportions are of all businesses in each output category. Businesses could select more than one option.""}, {""sourceRow"": 5, ""sourceColumn"": 2, ""cell"": ""C5"", ""text"": ""(e.g. Amazon, UberEats, booking.com, etc.)""}, {""sourceRow"": 5, ""sourceColumn"": 3, ""cell"": ""D5"", ""text"": ""(e.g. Facebook, LinkedIn, Twitter, Instagram, YouTube, Pinterest, etc.)""}, {""sourceRow"": 5, ""sourceColumn"": 4, ""cell"": ""E5"", ""text"": ""(i.e. knowledge sharing platforms that can be viewed and easily edited by anyone)""}, {""sourceRow"": 36, ""sourceColumn"": 0, ""cell"": ""A36"", ""text"": ""i.e. other location combinations not listed above""}]",Not independently verified for this item
received,Digital transactions,2021-22:6-2:4,2021-22,2021–22,Any orders received via the internet,Any orders received via the internet,"Proportions are of all businesses in each output category. Businesses could select more than one option. Coverage includes Agriculture, Forestry and Fishing.",Employing businesses; ABS exclusions apply. Agriculture included in selected table.,ANZSIC 2006 (Revision 2.0),0–4; 5–19; 20–199; 200+ persons; overlapping 0–19 subtotal excluded,A,recent-2021-2024,data_2021-22/81670DO006_202122.xlsx | Table_2 | https://www.abs.gov.au/statistics/industry/technology-and-innovation/characteristics-australian-business/2024-25,Matched source items and all-business bases; ABS 2024-25 release explicitly compares these two waves. Descriptive comparison only.,None,Codex source-cell audit; conservative research gate,2026-09-14,"[{""row"": 1, ""values"": [""Australian Bureau of Statistics"", """", """", """", """", """"]}, {""row"": 2, ""values"": [""81670DO006_202122 Characteristics of Australian Business, 2021-22"", """", """", """", """", """"]}, {""row"": 3, ""values"": [""Released at 11:30 am (Canberra time) Thursday 22 June 2023"", """", """", """", """", """"]}, {""row"": 4, ""values"": [""Table 2 Orders received via the internet, by employment size, by industry, by location – year ended 30 June 2022"", """", """", """", """", """"]}, {""row"": 5, ""values"": ["""", ""On-line ordering facility on your website or app"", ""Third-party website, platform, app or online marketplace"", ""Electronic Data Interchange (EDI)"", ""Other"", ""Any orders received via the internet""]}, {""row"": 6, ""values"": ["""", ""%"", ""%"", ""%"", ""%"", ""%""]}]","[{""sourceRow"": 4, ""sourceColumn"": 0, ""cell"": ""A4"", ""text"": ""Proportions are of all businesses in each output category. Businesses could select more than one option.""}, {""sourceRow"": 5, ""sourceColumn"": 1, ""cell"": ""B5"", ""text"": ""(e.g. shopping cart, booking system)""}, {""sourceRow"": 5, ""sourceColumn"": 2, ""cell"": ""C5"", ""text"": ""(e.g. Amazon, UberEats, booking.com, etc.)""}, {""sourceRow"": 5, ""sourceColumn"": 3, ""cell"": ""D5"", ""text"": ""(i.e. Computer-to-computer exchange of purchase orders and invoices in a standard electronic format between business partners)""}, {""sourceRow"": 36, ""sourceColumn"": 0, ""cell"": ""A36"", ""text"": ""i.e. other location combinations not listed above""}]",Not independently verified for this item
placed,Digital transactions,2021-22:6-5:0,2021-22,2021–22,Placed orders via the internet,Placed orders via the internet,"Proportions are of all businesses in each output category. Coverage includes Agriculture, Forestry and Fishing.",Employing businesses; ABS exclusions apply. Agriculture included in selected table.,ANZSIC 2006 (Revision 2.0),0–4; 5–19; 20–199; 200+ persons; overlapping 0–19 subtotal excluded,C,2021-22,data_2021-22/81670DO006_202122.xlsx | Table_5 | https://www.abs.gov.au/methodologies/characteristics-australian-business-methodology/2021-22,Survey redevelopment and/or item context changed. Keep this wave separate; no temporal change calculated.,None,Codex source-cell audit; conservative research gate,2026-09-14,"[{""row"": 1, ""values"": [""Australian Bureau of Statistics"", """"]}, {""row"": 2, ""values"": [""81670DO006_202122 Characteristics of Australian Business, 2021-22"", """"]}, {""row"": 3, ""values"": [""Released at 11:30 am (Canberra time) Thursday 22 June 2023"", """"]}, {""row"": 4, ""values"": [""Table 5 Businesses that placed orders via the internet for any goods or services, by employment size, by industry, by location – year ended 30 June 2022"", """"]}, {""row"": 5, ""values"": ["""", ""Placed orders via the internet""]}, {""row"": 6, ""values"": ["""", ""%""]}]","[{""sourceRow"": 4, ""sourceColumn"": 0, ""cell"": ""A4"", ""text"": ""Proportions are of all businesses in each output category.""}, {""sourceRow"": 36, ""sourceColumn"": 0, ""cell"": ""A36"", ""text"": ""i.e. other location combinations not listed above""}]",Not independently verified for this item
paid_cloud,Advanced technologies,2021-22:7-6:0,2021-22,2021–22,Businesses that: / used paid cloud computing services,Businesses that: / used paid cloud computing services,"Proportions are of all businesses in each output category Coverage includes Agriculture, Forestry and Fishing.",Employing businesses; ABS exclusions apply. Agriculture included in selected table.,ANZSIC 2006 (Revision 2.0),0–4; 5–19; 20–199; 200+ persons; overlapping 0–19 subtotal excluded,C,2021-22,data_2021-22/81670DO007_202122.xlsx | Table_6 | https://www.abs.gov.au/methodologies/characteristics-australian-business-methodology/2021-22,Survey redevelopment and/or item context changed. Keep this wave separate; no temporal change calculated.,None,Codex source-cell audit; conservative research gate,2026-09-14,"[{""row"": 1, ""values"": [""Australian Bureau of Statistics"", """", """", """", """", """", """", """", """", """", """", """", """"]}, {""row"": 2, ""values"": [""81670DO007_202122 Characteristics of Australian Business, 2021-22"", """", """", """", """", """", """", """", """", """", """", """", """"]}, {""row"": 3, ""values"": [""Released at 11:30 am (Canberra time) Thursday 22 June 2023"", """", """", """", """", """", """", """", """", """", """", """", """"]}, {""row"": 4, ""values"": [""Table 6 Use of paid cloud computing services, by employment size, by industry, by location – year ended 30 June 2022"", """", """", """", """", """", """", """", """", """", """", """", """"]}, {""row"": 5, ""values"": ["""", """", """", ""Businesses used paid cloud computing for:"", """", """", """", """", """", """", """", """", """"]}, {""row"": 6, ""values"": ["""", ""Businesses that:"", """", ""software"", """", """", """", """", """", ""storage capacity"", """", """", """"]}, {""row"": 7, ""values"": ["""", ""used paid cloud computing services"", ""did not use paid cloud computing services"", ""Email"", ""Office software"", ""Finance or accounting software"", ""Customer Relationship Management software (CRM)"", ""Any software"", ""Processing power to run own software"", ""Hosting of databases"", ""Storage of files"", ""Any storage capacity"", ""Other services""]}, {""row"": 8, ""values"": ["""", ""%"", ""%"", ""%"", ""%"", ""%"", ""%"", ""%"", ""%"", ""%"", ""%"", ""%"", ""%""]}]","[{""sourceRow"": 5, ""sourceColumn"": 3, ""cell"": ""D5"", ""text"": ""Proportions are of all businesses that used paid cloud computing services in each output category. Businesses could select more than one type of service.""}, {""sourceRow"": 6, ""sourceColumn"": 1, ""cell"": ""B6"", ""text"": ""Proportions are of all businesses in each output category""}, {""sourceRow"": 38, ""sourceColumn"": 0, ""cell"": ""A38"", ""text"": ""i.e. other location combinations not listed above""}]",Not independently verified for this item
crm,Operational systems,2021-22:7-1:0,2021-22,2021–22,Customer Relationship Management software (CRM),Customer Relationship Management software (CRM),"Proportions are of all businesses in each output category. Businesses could select more than one ICT. Coverage includes Agriculture, Forestry and Fishing.",Employing businesses; ABS exclusions apply. Agriculture included in selected table.,ANZSIC 2006 (Revision 2.0),0–4; 5–19; 20–199; 200+ persons; overlapping 0–19 subtotal excluded,C,2021-22,data_2021-22/81670DO007_202122.xlsx | Table_1 | https://www.abs.gov.au/methodologies/characteristics-australian-business-methodology/2021-22,Survey redevelopment and/or item context changed. Keep this wave separate; no temporal change calculated.,None,Codex source-cell audit; conservative research gate,2026-09-14,"[{""row"": 1, ""values"": [""Australian Bureau of Statistics"", """", """", """", """", """", """", """", """", """", """", """", """", """", """", """", """"]}, {""row"": 2, ""values"": [""81670DO007_202122 Characteristics of Australian Business, 2021-22"", """", """", """", """", """", """", """", """", """", """", """", """", """", """", """", """"]}, {""row"": 3, ""values"": [""Released at 11:30 am (Canberra time) Thursday 22 June 2023"", """", """", """", """", """", """", """", """", """", """", """", """", """", """", """", """"]}, {""row"": 4, ""values"": [""Table 1 Selected ICTs used by the business, by employment size, by industry, by location – year ended 30 June 2022"", """", """", """", """", """", """", """", """", """", """", """", """", """", """", """", """"]}, {""row"": 5, ""values"": ["""", """", """", """", ""Digital platforms"", """", """", """", """", """", """", """", """", """", """", """", """"]}, {""row"": 6, ""values"": ["""", ""Customer Relationship Management software (CRM)"", ""Enterprise Resource Planning software (ERP)"", ""Electronic Data Interchange (EDI)"", ""Internal"", ""Public"", ""Any Digital platforms"", ""Cloud technology"", ""Cyber security software"", ""Virtual reality"", ""Data analytics"", ""Internet of things (IoT)"", ""Artificial intelligence (AI)"", ""3D Printing"", ""Blockchain technology"", ""Other"", ""Any ICTs used""]}, {""row"": 7, ""values"": ["""", ""%"", ""%"", ""%"", ""%"", ""%"", ""%"", ""%"", ""%"", ""%"", ""%"", ""%"", ""%"", ""%"", ""%"", ""%"", ""%""]}]","[{""sourceRow"": 4, ""sourceColumn"": 0, ""cell"": ""A4"", ""text"": ""Proportions are of all businesses in each output category. Businesses could select more than one ICT.""}, {""sourceRow"": 6, ""sourceColumn"": 3, ""cell"": ""D6"", ""text"": ""(i.e. computer to computer exchange of purchase orders and invoices in a standard electronic format between business partners)""}, {""sourceRow"": 6, ""sourceColumn"": 4, ""cell"": ""E6"", ""text"": ""(i.e. software or applications used within the business)""}, {""sourceRow"": 6, ""sourceColumn"": 5, ""cell"": ""F6"", ""text"": ""(e.g. Facebook, LinkedIn, Instagram, Twitter, WeChat)""}, {""sourceRow"": 6, ""sourceColumn"": 7, ""cell"": ""H6"", ""text"": ""(i.e.paid/unpaid cloud services, private/public clouds)""}, {""sourceRow"": 6, ""sourceColumn"": 10, ""cell"": ""K6"", ""text"": ""(e.g. big data or geospatial technology)""}, {""sourceRow"": 6, ""sourceColumn"": 11, ""cell"": ""L6"", ""text"": ""(e.g. smart meters, smart security systems, smart appliances, connected vehicles, wireless inventory trackers, shipping or logistics tracking)""}, {""sourceRow"": 6, ""sourceColumn"": 12, ""cell"": ""M6"", ""text"": ""(e.g. machine learning, advanced robotics)""}, {""sourceRow"": 6, ""sourceColumn"": 14, ""cell"": ""O6"", ""text"": ""(e.g. cryptocurrencies, smart contracts)""}, {""sourceRow"": 37, ""sourceColumn"": 0, ""cell"": ""A37"", ""text"": ""i.e. other location combinations not listed above""}]",Not independently verified for this item
erp,Operational systems,2021-22:7-1:1,2021-22,2021–22,Enterprise Resource Planning software (ERP),Enterprise Resource Planning software (ERP),"Proportions are of all businesses in each output category. Businesses could select more than one ICT. Coverage includes Agriculture, Forestry and Fishing.",Employing businesses; ABS exclusions apply. Agriculture included in selected table.,ANZSIC 2006 (Revision 2.0),0–4; 5–19; 20–199; 200+ persons; overlapping 0–19 subtotal excluded,C,2021-22,data_2021-22/81670DO007_202122.xlsx | Table_1 | https://www.abs.gov.au/methodologies/characteristics-australian-business-methodology/2021-22,Survey redevelopment and/or item context changed. Keep this wave separate; no temporal change calculated.,None,Codex source-cell audit; conservative research gate,2026-09-14,"[{""row"": 1, ""values"": [""Australian Bureau of Statistics"", """", """", """", """", """", """", """", """", """", """", """", """", """", """", """", """"]}, {""row"": 2, ""values"": [""81670DO007_202122 Characteristics of Australian Business, 2021-22"", """", """", """", """", """", """", """", """", """", """", """", """", """", """", """", """"]}, {""row"": 3, ""values"": [""Released at 11:30 am (Canberra time) Thursday 22 June 2023"", """", """", """", """", """", """", """", """", """", """", """", """", """", """", """", """"]}, {""row"": 4, ""values"": [""Table 1 Selected ICTs used by the business, by employment size, by industry, by location – year ended 30 June 2022"", """", """", """", """", """", """", """", """", """", """", """", """", """", """", """", """"]}, {""row"": 5, ""values"": ["""", """", """", """", ""Digital platforms"", """", """", """", """", """", """", """", """", """", """", """", """"]}, {""row"": 6, ""values"": ["""", ""Customer Relationship Management software (CRM)"", ""Enterprise Resource Planning software (ERP)"", ""Electronic Data Interchange (EDI)"", ""Internal"", ""Public"", ""Any Digital platforms"", ""Cloud technology"", ""Cyber security software"", ""Virtual reality"", ""Data analytics"", ""Internet of things (IoT)"", ""Artificial intelligence (AI)"", ""3D Printing"", ""Blockchain technology"", ""Other"", ""Any ICTs used""]}, {""row"": 7, ""values"": ["""", ""%"", ""%"", ""%"", ""%"", ""%"", ""%"", ""%"", ""%"", ""%"", ""%"", ""%"", ""%"", ""%"", ""%"", ""%"", ""%""]}]","[{""sourceRow"": 4, ""sourceColumn"": 0, ""cell"": ""A4"", ""text"": ""Proportions are of all businesses in each output category. Businesses could select more than one ICT.""}, {""sourceRow"": 6, ""sourceColumn"": 3, ""cell"": ""D6"", ""text"": ""(i.e. computer to computer exchange of purchase orders and invoices in a standard electronic format between business partners)""}, {""sourceRow"": 6, ""sourceColumn"": 4, ""cell"": ""E6"", ""text"": ""(i.e. software or applications used within the business)""}, {""sourceRow"": 6, ""sourceColumn"": 5, ""cell"": ""F6"", ""text"": ""(e.g. Facebook, LinkedIn, Instagram, Twitter, WeChat)""}, {""sourceRow"": 6, ""sourceColumn"": 7, ""cell"": ""H6"", ""text"": ""(i.e.paid/unpaid cloud services, private/public clouds)""}, {""sourceRow"": 6, ""sourceColumn"": 10, ""cell"": ""K6"", ""text"": ""(e.g. big data or geospatial technology)""}, {""sourceRow"": 6, ""sourceColumn"": 11, ""cell"": ""L6"", ""text"": ""(e.g. smart meters, smart security systems, smart appliances, connected vehicles, wireless inventory trackers, shipping or logistics tracking)""}, {""sourceRow"": 6, ""sourceColumn"": 12, ""cell"": ""M6"", ""text"": ""(e.g. machine learning, advanced robotics)""}, {""sourceRow"": 6, ""sourceColumn"": 14, ""cell"": ""O6"", ""text"": ""(e.g. cryptocurrencies, smart contracts)""}, {""sourceRow"": 37, ""sourceColumn"": 0, ""cell"": ""A37"", ""text"": ""i.e. other location combinations not listed above""}]",Not independently verified for this item
edi,Operational systems,2021-22:7-1:2,2021-22,2021–22,Electronic Data Interchange (EDI),Electronic Data Interchange (EDI),"Proportions are of all businesses in each output category. Businesses could select more than one ICT. Coverage includes Agriculture, Forestry and Fishing.",Employing businesses; ABS exclusions apply. Agriculture included in selected table.,ANZSIC 2006 (Revision 2.0),0–4; 5–19; 20–199; 200+ persons; overlapping 0–19 subtotal excluded,C,2021-22,data_2021-22/81670DO007_202122.xlsx | Table_1 | https://www.abs.gov.au/methodologies/characteristics-australian-business-methodology/2021-22,Survey redevelopment and/or item context changed. Keep this wave separate; no temporal change calculated.,None,Codex source-cell audit; conservative research gate,2026-09-14,"[{""row"": 1, ""values"": [""Australian Bureau of Statistics"", """", """", """", """", """", """", """", """", """", """", """", """", """", """", """", """"]}, {""row"": 2, ""values"": [""81670DO007_202122 Characteristics of Australian Business, 2021-22"", """", """", """", """", """", """", """", """", """", """", """", """", """", """", """", """"]}, {""row"": 3, ""values"": [""Released at 11:30 am (Canberra time) Thursday 22 June 2023"", """", """", """", """", """", """", """", """", """", """", """", """", """", """", """", """"]}, {""row"": 4, ""values"": [""Table 1 Selected ICTs used by the business, by employment size, by industry, by location – year ended 30 June 2022"", """", """", """", """", """", """", """", """", """", """", """", """", """", """", """", """"]}, {""row"": 5, ""values"": ["""", """", """", """", ""Digital platforms"", """", """", """", """", """", """", """", """", """", """", """", """"]}, {""row"": 6, ""values"": ["""", ""Customer Relationship Management software (CRM)"", ""Enterprise Resource Planning software (ERP)"", ""Electronic Data Interchange (EDI)"", ""Internal"", ""Public"", ""Any Digital platforms"", ""Cloud technology"", ""Cyber security software"", ""Virtual reality"", ""Data analytics"", ""Internet of things (IoT)"", ""Artificial intelligence (AI)"", ""3D Printing"", ""Blockchain technology"", ""Other"", ""Any ICTs used""]}, {""row"": 7, ""values"": ["""", ""%"", ""%"", ""%"", ""%"", ""%"", ""%"", ""%"", ""%"", ""%"", ""%"", ""%"", ""%"", ""%"", ""%"", ""%"", ""%""]}]","[{""sourceRow"": 4, ""sourceColumn"": 0, ""cell"": ""A4"", ""text"": ""Proportions are of all businesses in each output category. Businesses could select more than one ICT.""}, {""sourceRow"": 6, ""sourceColumn"": 3, ""cell"": ""D6"", ""text"": ""(i.e. computer to computer exchange of purchase orders and invoices in a standard electronic format between business partners)""}, {""sourceRow"": 6, ""sourceColumn"": 4, ""cell"": ""E6"", ""text"": ""(i.e. software or applications used within the business)""}, {""sourceRow"": 6, ""sourceColumn"": 5, ""cell"": ""F6"", ""text"": ""(e.g. Facebook, LinkedIn, Instagram, Twitter, WeChat)""}, {""sourceRow"": 6, ""sourceColumn"": 7, ""cell"": ""H6"", ""text"": ""(i.e.paid/unpaid cloud services, private/public clouds)""}, {""sourceRow"": 6, ""sourceColumn"": 10, ""cell"": ""K6"", ""text"": ""(e.g. big data or geospatial technology)""}, {""sourceRow"": 6, ""sourceColumn"": 11, ""cell"": ""L6"", ""text"": ""(e.g. smart meters, smart security systems, smart appliances, connected vehicles, wireless inventory trackers, shipping or logistics tracking)""}, {""sourceRow"": 6, ""sourceColumn"": 12, ""cell"": ""M6"", ""text"": ""(e.g. machine learning, advanced robotics)""}, {""sourceRow"": 6, ""sourceColumn"": 14, ""cell"": ""O6"", ""text"": ""(e.g. cryptocurrencies, smart contracts)""}, {""sourceRow"": 37, ""sourceColumn"": 0, ""cell"": ""A37"", ""text"": ""i.e. other location combinations not listed above""}]",Not independently verified for this item
cloud,Advanced technologies,2021-22:7-1:6,2021-22,2021–22,Cloud technology,Cloud technology,"Proportions are of all businesses in each output category. Businesses could select more than one ICT. Coverage includes Agriculture, Forestry and Fishing.",Employing businesses; ABS exclusions apply. Agriculture included in selected table.,ANZSIC 2006 (Revision 2.0),0–4; 5–19; 20–199; 200+ persons; overlapping 0–19 subtotal excluded,C,2021-22,data_2021-22/81670DO007_202122.xlsx | Table_1 | https://www.abs.gov.au/methodologies/characteristics-australian-business-methodology/2021-22,Survey redevelopment and/or item context changed. Keep this wave separate; no temporal change calculated.,None,Codex source-cell audit; conservative research gate,2026-09-14,"[{""row"": 1, ""values"": [""Australian Bureau of Statistics"", """", """", """", """", """", """", """", """", """", """", """", """", """", """", """", """"]}, {""row"": 2, ""values"": [""81670DO007_202122 Characteristics of Australian Business, 2021-22"", """", """", """", """", """", """", """", """", """", """", """", """", """", """", """", """"]}, {""row"": 3, ""values"": [""Released at 11:30 am (Canberra time) Thursday 22 June 2023"", """", """", """", """", """", """", """", """", """", """", """", """", """", """", """", """"]}, {""row"": 4, ""values"": [""Table 1 Selected ICTs used by the business, by employment size, by industry, by location – year ended 30 June 2022"", """", """", """", """", """", """", """", """", """", """", """", """", """", """", """", """"]}, {""row"": 5, ""values"": ["""", """", """", """", ""Digital platforms"", """", """", """", """", """", """", """", """", """", """", """", """"]}, {""row"": 6, ""values"": ["""", ""Customer Relationship Management software (CRM)"", ""Enterprise Resource Planning software (ERP)"", ""Electronic Data Interchange (EDI)"", ""Internal"", ""Public"", ""Any Digital platforms"", ""Cloud technology"", ""Cyber security software"", ""Virtual reality"", ""Data analytics"", ""Internet of things (IoT)"", ""Artificial intelligence (AI)"", ""3D Printing"", ""Blockchain technology"", ""Other"", ""Any ICTs used""]}, {""row"": 7, ""values"": ["""", ""%"", ""%"", ""%"", ""%"", ""%"", ""%"", ""%"", ""%"", ""%"", ""%"", ""%"", ""%"", ""%"", ""%"", ""%"", ""%""]}]","[{""sourceRow"": 4, ""sourceColumn"": 0, ""cell"": ""A4"", ""text"": ""Proportions are of all businesses in each output category. Businesses could select more than one ICT.""}, {""sourceRow"": 6, ""sourceColumn"": 3, ""cell"": ""D6"", ""text"": ""(i.e. computer to computer exchange of purchase orders and invoices in a standard electronic format between business partners)""}, {""sourceRow"": 6, ""sourceColumn"": 4, ""cell"": ""E6"", ""text"": ""(i.e. software or applications used within the business)""}, {""sourceRow"": 6, ""sourceColumn"": 5, ""cell"": ""F6"", ""text"": ""(e.g. Facebook, LinkedIn, Instagram, Twitter, WeChat)""}, {""sourceRow"": 6, ""sourceColumn"": 7, ""cell"": ""H6"", ""text"": ""(i.e.paid/unpaid cloud services, private/public clouds)""}, {""sourceRow"": 6, ""sourceColumn"": 10, ""cell"": ""K6"", ""text"": ""(e.g. big data or geospatial technology)""}, {""sourceRow"": 6, ""sourceColumn"": 11, ""cell"": ""L6"", ""text"": ""(e.g. smart meters, smart security systems, smart appliances, connected vehicles, wireless inventory trackers, shipping or logistics tracking)""}, {""sourceRow"": 6, ""sourceColumn"": 12, ""cell"": ""M6"", ""text"": ""(e.g. machine learning, advanced robotics)""}, {""sourceRow"": 6, ""sourceColumn"": 14, ""cell"": ""O6"", ""text"": ""(e.g. cryptocurrencies, smart contracts)""}, {""sourceRow"": 37, ""sourceColumn"": 0, ""cell"": ""A37"", ""text"": ""i.e. other location combinations not listed above""}]",Not independently verified for this item
analytics,Data capability,2021-22:7-1:9,2021-22,2021–22,Data analytics,Data analytics,"Proportions are of all businesses in each output category. Businesses could select more than one ICT. Coverage includes Agriculture, Forestry and Fishing.",Employing businesses; ABS exclusions apply. Agriculture included in selected table.,ANZSIC 2006 (Revision 2.0),0–4; 5–19; 20–199; 200+ persons; overlapping 0–19 subtotal excluded,C,2021-22,data_2021-22/81670DO007_202122.xlsx | Table_1 | https://www.abs.gov.au/methodologies/characteristics-australian-business-methodology/2021-22,Survey redevelopment and/or item context changed. Keep this wave separate; no temporal change calculated.,None,Codex source-cell audit; conservative research gate,2026-09-14,"[{""row"": 1, ""values"": [""Australian Bureau of Statistics"", """", """", """", """", """", """", """", """", """", """", """", """", """", """", """", """"]}, {""row"": 2, ""values"": [""81670DO007_202122 Characteristics of Australian Business, 2021-22"", """", """", """", """", """", """", """", """", """", """", """", """", """", """", """", """"]}, {""row"": 3, ""values"": [""Released at 11:30 am (Canberra time) Thursday 22 June 2023"", """", """", """", """", """", """", """", """", """", """", """", """", """", """", """", """"]}, {""row"": 4, ""values"": [""Table 1 Selected ICTs used by the business, by employment size, by industry, by location – year ended 30 June 2022"", """", """", """", """", """", """", """", """", """", """", """", """", """", """", """", """"]}, {""row"": 5, ""values"": ["""", """", """", """", ""Digital platforms"", """", """", """", """", """", """", """", """", """", """", """", """"]}, {""row"": 6, ""values"": ["""", ""Customer Relationship Management software (CRM)"", ""Enterprise Resource Planning software (ERP)"", ""Electronic Data Interchange (EDI)"", ""Internal"", ""Public"", ""Any Digital platforms"", ""Cloud technology"", ""Cyber security software"", ""Virtual reality"", ""Data analytics"", ""Internet of things (IoT)"", ""Artificial intelligence (AI)"", ""3D Printing"", ""Blockchain technology"", ""Other"", ""Any ICTs used""]}, {""row"": 7, ""values"": ["""", ""%"", ""%"", ""%"", ""%"", ""%"", ""%"", ""%"", ""%"", ""%"", ""%"", ""%"", ""%"", ""%"", ""%"", ""%"", ""%""]}]","[{""sourceRow"": 4, ""sourceColumn"": 0, ""cell"": ""A4"", ""text"": ""Proportions are of all businesses in each output category. Businesses could select more than one ICT.""}, {""sourceRow"": 6, ""sourceColumn"": 3, ""cell"": ""D6"", ""text"": ""(i.e. computer to computer exchange of purchase orders and invoices in a standard electronic format between business partners)""}, {""sourceRow"": 6, ""sourceColumn"": 4, ""cell"": ""E6"", ""text"": ""(i.e. software or applications used within the business)""}, {""sourceRow"": 6, ""sourceColumn"": 5, ""cell"": ""F6"", ""text"": ""(e.g. Facebook, LinkedIn, Instagram, Twitter, WeChat)""}, {""sourceRow"": 6, ""sourceColumn"": 7, ""cell"": ""H6"", ""text"": ""(i.e.paid/unpaid cloud services, private/public clouds)""}, {""sourceRow"": 6, ""sourceColumn"": 10, ""cell"": ""K6"", ""text"": ""(e.g. big data or geospatial technology)""}, {""sourceRow"": 6, ""sourceColumn"": 11, ""cell"": ""L6"", ""text"": ""(e.g. smart meters, smart security systems, smart appliances, connected vehicles, wireless inventory trackers, shipping or logistics tracking)""}, {""sourceRow"": 6, ""sourceColumn"": 12, ""cell"": ""M6"", ""text"": ""(e.g. machine learning, advanced robotics)""}, {""sourceRow"": 6, ""sourceColumn"": 14, ""cell"": ""O6"", ""text"": ""(e.g. cryptocurrencies, smart contracts)""}, {""sourceRow"": 37, ""sourceColumn"": 0, ""cell"": ""A37"", ""text"": ""i.e. other location combinations not listed above""}]",Not independently verified for this item
iot,Advanced technologies,2021-22:7-1:10,2021-22,2021–22,Internet of things (IoT),Internet of things (IoT),"Proportions are of all businesses in each output category. Businesses could select more than one ICT. Coverage includes Agriculture, Forestry and Fishing.",Employing businesses; ABS exclusions apply. Agriculture included in selected table.,ANZSIC 2006 (Revision 2.0),0–4; 5–19; 20–199; 200+ persons; overlapping 0–19 subtotal excluded,C,2021-22,data_2021-22/81670DO007_202122.xlsx | Table_1 | https://www.abs.gov.au/methodologies/characteristics-australian-business-methodology/2021-22,Survey redevelopment and/or item context changed. Keep this wave separate; no temporal change calculated.,None,Codex source-cell audit; conservative research gate,2026-09-14,"[{""row"": 1, ""values"": [""Australian Bureau of Statistics"", """", """", """", """", """", """", """", """", """", """", """", """", """", """", """", """"]}, {""row"": 2, ""values"": [""81670DO007_202122 Characteristics of Australian Business, 2021-22"", """", """", """", """", """", """", """", """", """", """", """", """", """", """", """", """"]}, {""row"": 3, ""values"": [""Released at 11:30 am (Canberra time) Thursday 22 June 2023"", """", """", """", """", """", """", """", """", """", """", """", """", """", """", """", """"]}, {""row"": 4, ""values"": [""Table 1 Selected ICTs used by the business, by employment size, by industry, by location – year ended 30 June 2022"", """", """", """", """", """", """", """", """", """", """", """", """", """", """", """", """"]}, {""row"": 5, ""values"": ["""", """", """", """", ""Digital platforms"", """", """", """", """", """", """", """", """", """", """", """", """"]}, {""row"": 6, ""values"": ["""", ""Customer Relationship Management software (CRM)"", ""Enterprise Resource Planning software (ERP)"", ""Electronic Data Interchange (EDI)"", ""Internal"", ""Public"", ""Any Digital platforms"", ""Cloud technology"", ""Cyber security software"", ""Virtual reality"", ""Data analytics"", ""Internet of things (IoT)"", ""Artificial intelligence (AI)"", ""3D Printing"", ""Blockchain technology"", ""Other"", ""Any ICTs used""]}, {""row"": 7, ""values"": ["""", ""%"", ""%"", ""%"", ""%"", ""%"", ""%"", ""%"", ""%"", ""%"", ""%"", ""%"", ""%"", ""%"", ""%"", ""%"", ""%""]}]","[{""sourceRow"": 4, ""sourceColumn"": 0, ""cell"": ""A4"", ""text"": ""Proportions are of all businesses in each output category. Businesses could select more than one ICT.""}, {""sourceRow"": 6, ""sourceColumn"": 3, ""cell"": ""D6"", ""text"": ""(i.e. computer to computer exchange of purchase orders and invoices in a standard electronic format between business partners)""}, {""sourceRow"": 6, ""sourceColumn"": 4, ""cell"": ""E6"", ""text"": ""(i.e. software or applications used within the business)""}, {""sourceRow"": 6, ""sourceColumn"": 5, ""cell"": ""F6"", ""text"": ""(e.g. Facebook, LinkedIn, Instagram, Twitter, WeChat)""}, {""sourceRow"": 6, ""sourceColumn"": 7, ""cell"": ""H6"", ""text"": ""(i.e.paid/unpaid cloud services, private/public clouds)""}, {""sourceRow"": 6, ""sourceColumn"": 10, ""cell"": ""K6"", ""text"": ""(e.g. big data or geospatial technology)""}, {""sourceRow"": 6, ""sourceColumn"": 11, ""cell"": ""L6"", ""text"": ""(e.g. smart meters, smart security systems, smart appliances, connected vehicles, wireless inventory trackers, shipping or logistics tracking)""}, {""sourceRow"": 6, ""sourceColumn"": 12, ""cell"": ""M6"", ""text"": ""(e.g. machine learning, advanced robotics)""}, {""sourceRow"": 6, ""sourceColumn"": 14, ""cell"": ""O6"", ""text"": ""(e.g. cryptocurrencies, smart contracts)""}, {""sourceRow"": 37, ""sourceColumn"": 0, ""cell"": ""A37"", ""text"": ""i.e. other location combinations not listed above""}]",Not independently verified for this item
ai,Advanced technologies,2021-22:7-1:11,2021-22,2021–22,Artificial intelligence (AI),Artificial intelligence (AI),"Proportions are of all businesses in each output category. Businesses could select more than one ICT. Coverage includes Agriculture, Forestry and Fishing.",Employing businesses; ABS exclusions apply. Agriculture included in selected table.,ANZSIC 2006 (Revision 2.0),0–4; 5–19; 20–199; 200+ persons; overlapping 0–19 subtotal excluded,C,2021-22,data_2021-22/81670DO007_202122.xlsx | Table_1 | https://www.abs.gov.au/methodologies/characteristics-australian-business-methodology/2021-22,Survey redevelopment and/or item context changed. Keep this wave separate; no temporal change calculated.,None,Codex source-cell audit; conservative research gate,2026-09-14,"[{""row"": 1, ""values"": [""Australian Bureau of Statistics"", """", """", """", """", """", """", """", """", """", """", """", """", """", """", """", """"]}, {""row"": 2, ""values"": [""81670DO007_202122 Characteristics of Australian Business, 2021-22"", """", """", """", """", """", """", """", """", """", """", """", """", """", """", """", """"]}, {""row"": 3, ""values"": [""Released at 11:30 am (Canberra time) Thursday 22 June 2023"", """", """", """", """", """", """", """", """", """", """", """", """", """", """", """", """"]}, {""row"": 4, ""values"": [""Table 1 Selected ICTs used by the business, by employment size, by industry, by location – year ended 30 June 2022"", """", """", """", """", """", """", """", """", """", """", """", """", """", """", """", """"]}, {""row"": 5, ""values"": ["""", """", """", """", ""Digital platforms"", """", """", """", """", """", """", """", """", """", """", """", """"]}, {""row"": 6, ""values"": ["""", ""Customer Relationship Management software (CRM)"", ""Enterprise Resource Planning software (ERP)"", ""Electronic Data Interchange (EDI)"", ""Internal"", ""Public"", ""Any Digital platforms"", ""Cloud technology"", ""Cyber security software"", ""Virtual reality"", ""Data analytics"", ""Internet of things (IoT)"", ""Artificial intelligence (AI)"", ""3D Printing"", ""Blockchain technology"", ""Other"", ""Any ICTs used""]}, {""row"": 7, ""values"": ["""", ""%"", ""%"", ""%"", ""%"", ""%"", ""%"", ""%"", ""%"", ""%"", ""%"", ""%"", ""%"", ""%"", ""%"", ""%"", ""%""]}]","[{""sourceRow"": 4, ""sourceColumn"": 0, ""cell"": ""A4"", ""text"": ""Proportions are of all businesses in each output category. Businesses could select more than one ICT.""}, {""sourceRow"": 6, ""sourceColumn"": 3, ""cell"": ""D6"", ""text"": ""(i.e. computer to computer exchange of purchase orders and invoices in a standard electronic format between business partners)""}, {""sourceRow"": 6, ""sourceColumn"": 4, ""cell"": ""E6"", ""text"": ""(i.e. software or applications used within the business)""}, {""sourceRow"": 6, ""sourceColumn"": 5, ""cell"": ""F6"", ""text"": ""(e.g. Facebook, LinkedIn, Instagram, Twitter, WeChat)""}, {""sourceRow"": 6, ""sourceColumn"": 7, ""cell"": ""H6"", ""text"": ""(i.e.paid/unpaid cloud services, private/public clouds)""}, {""sourceRow"": 6, ""sourceColumn"": 10, ""cell"": ""K6"", ""text"": ""(e.g. big data or geospatial technology)""}, {""sourceRow"": 6, ""sourceColumn"": 11, ""cell"": ""L6"", ""text"": ""(e.g. smart meters, smart security systems, smart appliances, connected vehicles, wireless inventory trackers, shipping or logistics tracking)""}, {""sourceRow"": 6, ""sourceColumn"": 12, ""cell"": ""M6"", ""text"": ""(e.g. machine learning, advanced robotics)""}, {""sourceRow"": 6, ""sourceColumn"": 14, ""cell"": ""O6"", ""text"": ""(e.g. cryptocurrencies, smart contracts)""}, {""sourceRow"": 37, ""sourceColumn"": 0, ""cell"": ""A37"", ""text"": ""i.e. other location combinations not listed above""}]",Not independently verified for this item
printing,Advanced technologies,2021-22:7-1:12,2021-22,2021–22,3D Printing,3D Printing,"Proportions are of all businesses in each output category. Businesses could select more than one ICT. Coverage includes Agriculture, Forestry and Fishing.",Employing businesses; ABS exclusions apply. Agriculture included in selected table.,ANZSIC 2006 (Revision 2.0),0–4; 5–19; 20–199; 200+ persons; overlapping 0–19 subtotal excluded,C,2021-22,data_2021-22/81670DO007_202122.xlsx | Table_1 | https://www.abs.gov.au/methodologies/characteristics-australian-business-methodology/2021-22,Survey redevelopment and/or item context changed. Keep this wave separate; no temporal change calculated.,None,Codex source-cell audit; conservative research gate,2026-09-14,"[{""row"": 1, ""values"": [""Australian Bureau of Statistics"", """", """", """", """", """", """", """", """", """", """", """", """", """", """", """", """"]}, {""row"": 2, ""values"": [""81670DO007_202122 Characteristics of Australian Business, 2021-22"", """", """", """", """", """", """", """", """", """", """", """", """", """", """", """", """"]}, {""row"": 3, ""values"": [""Released at 11:30 am (Canberra time) Thursday 22 June 2023"", """", """", """", """", """", """", """", """", """", """", """", """", """", """", """", """"]}, {""row"": 4, ""values"": [""Table 1 Selected ICTs used by the business, by employment size, by industry, by location – year ended 30 June 2022"", """", """", """", """", """", """", """", """", """", """", """", """", """", """", """", """"]}, {""row"": 5, ""values"": ["""", """", """", """", ""Digital platforms"", """", """", """", """", """", """", """", """", """", """", """", """"]}, {""row"": 6, ""values"": ["""", ""Customer Relationship Management software (CRM)"", ""Enterprise Resource Planning software (ERP)"", ""Electronic Data Interchange (EDI)"", ""Internal"", ""Public"", ""Any Digital platforms"", ""Cloud technology"", ""Cyber security software"", ""Virtual reality"", ""Data analytics"", ""Internet of things (IoT)"", ""Artificial intelligence (AI)"", ""3D Printing"", ""Blockchain technology"", ""Other"", ""Any ICTs used""]}, {""row"": 7, ""values"": ["""", ""%"", ""%"", ""%"", ""%"", ""%"", ""%"", ""%"", ""%"", ""%"", ""%"", ""%"", ""%"", ""%"", ""%"", ""%"", ""%""]}]","[{""sourceRow"": 4, ""sourceColumn"": 0, ""cell"": ""A4"", ""text"": ""Proportions are of all businesses in each output category. Businesses could select more than one ICT.""}, {""sourceRow"": 6, ""sourceColumn"": 3, ""cell"": ""D6"", ""text"": ""(i.e. computer to computer exchange of purchase orders and invoices in a standard electronic format between business partners)""}, {""sourceRow"": 6, ""sourceColumn"": 4, ""cell"": ""E6"", ""text"": ""(i.e. software or applications used within the business)""}, {""sourceRow"": 6, ""sourceColumn"": 5, ""cell"": ""F6"", ""text"": ""(e.g. Facebook, LinkedIn, Instagram, Twitter, WeChat)""}, {""sourceRow"": 6, ""sourceColumn"": 7, ""cell"": ""H6"", ""text"": ""(i.e.paid/unpaid cloud services, private/public clouds)""}, {""sourceRow"": 6, ""sourceColumn"": 10, ""cell"": ""K6"", ""text"": ""(e.g. big data or geospatial technology)""}, {""sourceRow"": 6, ""sourceColumn"": 11, ""cell"": ""L6"", ""text"": ""(e.g. smart meters, smart security systems, smart appliances, connected vehicles, wireless inventory trackers, shipping or logistics tracking)""}, {""sourceRow"": 6, ""sourceColumn"": 12, ""cell"": ""M6"", ""text"": ""(e.g. machine learning, advanced robotics)""}, {""sourceRow"": 6, ""sourceColumn"": 14, ""cell"": ""O6"", ""text"": ""(e.g. cryptocurrencies, smart contracts)""}, {""sourceRow"": 37, ""sourceColumn"": 0, ""cell"": ""A37"", ""text"": ""i.e. other location combinations not listed above""}]",Not independently verified for this item
strategy,Digital management,2021-22:2-3:2,2021-22,2021–22,This business: / Had a digital business strategy,This business: / Had a digital business strategy,"Proportions are of all businesses in each output category. Businesses could select more than one option. Coverage includes Agriculture, Forestry and Fishing.",Employing businesses; ABS exclusions apply. Agriculture included in selected table.,ANZSIC 2006 (Revision 2.0),0–4; 5–19; 20–199; 200+ persons; overlapping 0–19 subtotal excluded,C,2021-22,data_2021-22/81670DO002_202122.xlsx | Table_3 | https://www.abs.gov.au/methodologies/characteristics-australian-business-methodology/2021-22,Survey redevelopment and/or item context changed. Keep this wave separate; no temporal change calculated.,None,Codex source-cell audit; conservative research gate,2026-09-14,"[{""row"": 1, ""values"": [""Australian Bureau of Statistics"", """", """", """", """", """", """", """", """", """", """", """"]}, {""row"": 2, ""values"": [""81670DO002_202122 Characteristics of Australian Business, 2021-22"", """", """", """", """", """", """", """", """", """", """", """"]}, {""row"": 3, ""values"": [""Released at 11:30 am (Canberra time) Thursday 22 June 2023"", """", """", """", """", """", """", """", """", """", """", """"]}, {""row"": 4, ""values"": [""Table 3 Business management practices, by employment size, by industry, by location – year ended 30 June 2022"", """", """", """", """", """", """", """", """", """", """", """"]}, {""row"": 5, ""values"": ["""", ""This business:"", """", """", """", """", """", """", """", """", """", """"]}, {""row"": 6, ""values"": ["""", ""Had a written strategic plan"", ""Reviewed its business model"", ""Had a digital business strategy"", ""Used key performance indicators (KPIs)"", ""Actively sought out digital technologies to improve business processes"", ""Sought out new overseas markets for its goods and services"", ""Carried out quality and other assurance processes on supplier and/or customer markets"", ""Trained staff in the business's supply chain practices"", ""Actively collected and/or analysed data to make informed decisions"", ""Used predictive analysis to plan its business activities"", ""None of the above""]}, {""row"": 7, ""values"": ["""", ""%"", ""%"", ""%"", ""%"", ""%"", ""%"", ""%"", ""%"", ""%"", ""%"", ""%""]}]","[{""sourceRow"": 4, ""sourceColumn"": 0, ""cell"": ""A4"", ""text"": ""Proportions are of all businesses in each output category. Businesses could select more than one option.""}, {""sourceRow"": 6, ""sourceColumn"": 2, ""cell"": ""C6"", ""text"": ""(e.g. products or services offered, customer markets targeted, distribution methods, etc.)""}, {""sourceRow"": 6, ""sourceColumn"": 10, ""cell"": ""K6"", ""text"": ""(e.g. forecasting)""}, {""sourceRow"": 37, ""sourceColumn"": 0, ""cell"": ""A37"", ""text"": ""i.e. other location combinations not listed above""}]",Not independently verified for this item
collected,Data capability,2021-22:2-3:8,2021-22,2021–22,This business: / Actively collected and/or analysed data to make informed decisions,This business: / Actively collected and/or analysed data to make informed decisions,"Proportions are of all businesses in each output category. Businesses could select more than one option. Coverage includes Agriculture, Forestry and Fishing.",Employing businesses; ABS exclusions apply. Agriculture included in selected table.,ANZSIC 2006 (Revision 2.0),0–4; 5–19; 20–199; 200+ persons; overlapping 0–19 subtotal excluded,C,2021-22,data_2021-22/81670DO002_202122.xlsx | Table_3 | https://www.abs.gov.au/methodologies/characteristics-australian-business-methodology/2021-22,Survey redevelopment and/or item context changed. Keep this wave separate; no temporal change calculated.,None,Codex source-cell audit; conservative research gate,2026-09-14,"[{""row"": 1, ""values"": [""Australian Bureau of Statistics"", """", """", """", """", """", """", """", """", """", """", """"]}, {""row"": 2, ""values"": [""81670DO002_202122 Characteristics of Australian Business, 2021-22"", """", """", """", """", """", """", """", """", """", """", """"]}, {""row"": 3, ""values"": [""Released at 11:30 am (Canberra time) Thursday 22 June 2023"", """", """", """", """", """", """", """", """", """", """", """"]}, {""row"": 4, ""values"": [""Table 3 Business management practices, by employment size, by industry, by location – year ended 30 June 2022"", """", """", """", """", """", """", """", """", """", """", """"]}, {""row"": 5, ""values"": ["""", ""This business:"", """", """", """", """", """", """", """", """", """", """"]}, {""row"": 6, ""values"": ["""", ""Had a written strategic plan"", ""Reviewed its business model"", ""Had a digital business strategy"", ""Used key performance indicators (KPIs)"", ""Actively sought out digital technologies to improve business processes"", ""Sought out new overseas markets for its goods and services"", ""Carried out quality and other assurance processes on supplier and/or customer markets"", ""Trained staff in the business's supply chain practices"", ""Actively collected and/or analysed data to make informed decisions"", ""Used predictive analysis to plan its business activities"", ""None of the above""]}, {""row"": 7, ""values"": ["""", ""%"", ""%"", ""%"", ""%"", ""%"", ""%"", ""%"", ""%"", ""%"", ""%"", ""%""]}]","[{""sourceRow"": 4, ""sourceColumn"": 0, ""cell"": ""A4"", ""text"": ""Proportions are of all businesses in each output category. Businesses could select more than one option.""}, {""sourceRow"": 6, ""sourceColumn"": 2, ""cell"": ""C6"", ""text"": ""(e.g. products or services offered, customer markets targeted, distribution methods, etc.)""}, {""sourceRow"": 6, ""sourceColumn"": 10, ""cell"": ""K6"", ""text"": ""(e.g. forecasting)""}, {""sourceRow"": 37, ""sourceColumn"": 0, ""cell"": ""A37"", ""text"": ""i.e. other location combinations not listed above""}]",Not independently verified for this item
predictive,Data capability,2021-22:2-3:9,2021-22,2021–22,This business: / Used predictive analysis to plan its business activities,This business: / Used predictive analysis to plan its business activities,"Proportions are of all businesses in each output category. Businesses could select more than one option. Coverage includes Agriculture, Forestry and Fishing.",Employing businesses; ABS exclusions apply. Agriculture included in selected table.,ANZSIC 2006 (Revision 2.0),0–4; 5–19; 20–199; 200+ persons; overlapping 0–19 subtotal excluded,C,2021-22,data_2021-22/81670DO002_202122.xlsx | Table_3 | https://www.abs.gov.au/methodologies/characteristics-australian-business-methodology/2021-22,Survey redevelopment and/or item context changed. Keep this wave separate; no temporal change calculated.,None,Codex source-cell audit; conservative research gate,2026-09-14,"[{""row"": 1, ""values"": [""Australian Bureau of Statistics"", """", """", """", """", """", """", """", """", """", """", """"]}, {""row"": 2, ""values"": [""81670DO002_202122 Characteristics of Australian Business, 2021-22"", """", """", """", """", """", """", """", """", """", """", """"]}, {""row"": 3, ""values"": [""Released at 11:30 am (Canberra time) Thursday 22 June 2023"", """", """", """", """", """", """", """", """", """", """", """"]}, {""row"": 4, ""values"": [""Table 3 Business management practices, by employment size, by industry, by location – year ended 30 June 2022"", """", """", """", """", """", """", """", """", """", """", """"]}, {""row"": 5, ""values"": ["""", ""This business:"", """", """", """", """", """", """", """", """", """", """"]}, {""row"": 6, ""values"": ["""", ""Had a written strategic plan"", ""Reviewed its business model"", ""Had a digital business strategy"", ""Used key performance indicators (KPIs)"", ""Actively sought out digital technologies to improve business processes"", ""Sought out new overseas markets for its goods and services"", ""Carried out quality and other assurance processes on supplier and/or customer markets"", ""Trained staff in the business's supply chain practices"", ""Actively collected and/or analysed data to make informed decisions"", ""Used predictive analysis to plan its business activities"", ""None of the above""]}, {""row"": 7, ""values"": ["""", ""%"", ""%"", ""%"", ""%"", ""%"", ""%"", ""%"", ""%"", ""%"", ""%"", ""%""]}]","[{""sourceRow"": 4, ""sourceColumn"": 0, ""cell"": ""A4"", ""text"": ""Proportions are of all businesses in each output category. Businesses could select more than one option.""}, {""sourceRow"": 6, ""sourceColumn"": 2, ""cell"": ""C6"", ""text"": ""(e.g. products or services offered, customer markets targeted, distribution methods, etc.)""}, {""sourceRow"": 6, ""sourceColumn"": 10, ""cell"": ""K6"", ""text"": ""(e.g. forecasting)""}, {""sourceRow"": 37, ""sourceColumn"": 0, ""cell"": ""A37"", ""text"": ""i.e. other location combinations not listed above""}]",Not independently verified for this item
customer,Digital value,2021-22:7-2:0,2021-22,2021–22,Improved responsiveness to customer needs,Improved responsiveness to customer needs,"Proportions are of all businesses in each output category. Businesses could select more than one outcome. Coverage includes Agriculture, Forestry and Fishing.",Employing businesses; ABS exclusions apply. Agriculture included in selected table.,ANZSIC 2006 (Revision 2.0),0–4; 5–19; 20–199; 200+ persons; overlapping 0–19 subtotal excluded,C,2021-22,data_2021-22/81670DO007_202122.xlsx | Table_2 | https://www.abs.gov.au/methodologies/characteristics-australian-business-methodology/2021-22,Survey redevelopment and/or item context changed. Keep this wave separate; no temporal change calculated.,None,Codex source-cell audit; conservative research gate,2026-09-14,"[{""row"": 1, ""values"": [""Australian Bureau of Statistics"", """", """", """", """", """", """", """", """", """", """", """", """", """", """", """"]}, {""row"": 2, ""values"": [""81670DO007_202122 Characteristics of Australian Business, 2021-22"", """", """", """", """", """", """", """", """", """", """", """", """", """", """", """"]}, {""row"": 3, ""values"": [""Released at 11:30 am (Canberra time) Thursday 22 June 2023"", """", """", """", """", """", """", """", """", """", """", """", """", """", """", """"]}, {""row"": 4, ""values"": [""Table 2 Outcomes for which the business's use of ICTs was important, by employment size, by industry, by location – year ended 30 June 2022"", """", """", """", """", """", """", """", """", """", """", """", """", """", """", """"]}, {""row"": 5, ""values"": ["""", ""Improved responsiveness to customer needs"", ""Greater understanding of markets"", ""Better sales or marketing methods"", ""Introduced goods or services not possible without ICT"", ""Reduced prices from suppliers"", ""Improved efficiency of work flow, inventory management, or ordering systems"", ""Better coordination of staff and business activities"", ""Improved efficiency of production processes"", ""Improved management of quality"", ""Improved management information systems"", ""New opportunities to enter or expand markets"", ""Shifted activities to other businesses"", ""Improved collaboration with other businesses"", ""Other outcomes"", ""Any outcomes""]}, {""row"": 6, ""values"": ["""", ""%"", ""%"", ""%"", ""%"", ""%"", ""%"", ""%"", ""%"", ""%"", ""%"", ""%"", ""%"", ""%"", ""%"", ""%""]}]","[{""sourceRow"": 4, ""sourceColumn"": 0, ""cell"": ""A4"", ""text"": ""Proportions are of all businesses in each output category. Businesses could select more than one outcome.""}, {""sourceRow"": 5, ""sourceColumn"": 1, ""cell"": ""B5"", ""text"": ""(e.g. customised goods or services)""}, {""sourceRow"": 5, ""sourceColumn"": 2, ""cell"": ""C5"", ""text"": ""(e.g. analysing customer purchasing patterns)""}, {""sourceRow"": 5, ""sourceColumn"": 5, ""cell"": ""F5"", ""text"": ""(e.g. ability to shop around)""}, {""sourceRow"": 5, ""sourceColumn"": 6, ""cell"": ""G5"", ""text"": ""(e.g. just-in-time processes)""}, {""sourceRow"": 5, ""sourceColumn"": 8, ""cell"": ""I5"", ""text"": ""(e.g. due to reduced downtime or automation)""}, {""sourceRow"": 5, ""sourceColumn"": 10, ""cell"": ""K5"", ""text"": ""(e.g. real-time performance monitoring)""}, {""sourceRow"": 5, ""sourceColumn"": 12, ""cell"": ""M5"", ""text"": ""(e.g. contracting out payroll functions)""}, {""sourceRow"": 5, ""sourceColumn"": 13, ""cell"": ""N5"", ""text"": ""(e.g. joint development or marketing)""}, {""sourceRow"": 36, ""sourceColumn"": 0, ""cell"": ""A36"", ""text"": ""i.e. other location combinations not listed above""}]",Not independently verified for this item
workflow,Digital value,2021-22:7-2:5,2021-22,2021–22,"Improved efficiency of work flow, inventory management, or ordering systems","Improved efficiency of work flow, inventory management, or ordering systems","Proportions are of all businesses in each output category. Businesses could select more than one outcome. Coverage includes Agriculture, Forestry and Fishing.",Employing businesses; ABS exclusions apply. Agriculture included in selected table.,ANZSIC 2006 (Revision 2.0),0–4; 5–19; 20–199; 200+ persons; overlapping 0–19 subtotal excluded,C,2021-22,data_2021-22/81670DO007_202122.xlsx | Table_2 | https://www.abs.gov.au/methodologies/characteristics-australian-business-methodology/2021-22,Survey redevelopment and/or item context changed. Keep this wave separate; no temporal change calculated.,None,Codex source-cell audit; conservative research gate,2026-09-14,"[{""row"": 1, ""values"": [""Australian Bureau of Statistics"", """", """", """", """", """", """", """", """", """", """", """", """", """", """", """"]}, {""row"": 2, ""values"": [""81670DO007_202122 Characteristics of Australian Business, 2021-22"", """", """", """", """", """", """", """", """", """", """", """", """", """", """", """"]}, {""row"": 3, ""values"": [""Released at 11:30 am (Canberra time) Thursday 22 June 2023"", """", """", """", """", """", """", """", """", """", """", """", """", """", """", """"]}, {""row"": 4, ""values"": [""Table 2 Outcomes for which the business's use of ICTs was important, by employment size, by industry, by location – year ended 30 June 2022"", """", """", """", """", """", """", """", """", """", """", """", """", """", """", """"]}, {""row"": 5, ""values"": ["""", ""Improved responsiveness to customer needs"", ""Greater understanding of markets"", ""Better sales or marketing methods"", ""Introduced goods or services not possible without ICT"", ""Reduced prices from suppliers"", ""Improved efficiency of work flow, inventory management, or ordering systems"", ""Better coordination of staff and business activities"", ""Improved efficiency of production processes"", ""Improved management of quality"", ""Improved management information systems"", ""New opportunities to enter or expand markets"", ""Shifted activities to other businesses"", ""Improved collaboration with other businesses"", ""Other outcomes"", ""Any outcomes""]}, {""row"": 6, ""values"": ["""", ""%"", ""%"", ""%"", ""%"", ""%"", ""%"", ""%"", ""%"", ""%"", ""%"", ""%"", ""%"", ""%"", ""%"", ""%""]}]","[{""sourceRow"": 4, ""sourceColumn"": 0, ""cell"": ""A4"", ""text"": ""Proportions are of all businesses in each output category. Businesses could select more than one outcome.""}, {""sourceRow"": 5, ""sourceColumn"": 1, ""cell"": ""B5"", ""text"": ""(e.g. customised goods or services)""}, {""sourceRow"": 5, ""sourceColumn"": 2, ""cell"": ""C5"", ""text"": ""(e.g. analysing customer purchasing patterns)""}, {""sourceRow"": 5, ""sourceColumn"": 5, ""cell"": ""F5"", ""text"": ""(e.g. ability to shop around)""}, {""sourceRow"": 5, ""sourceColumn"": 6, ""cell"": ""G5"", ""text"": ""(e.g. just-in-time processes)""}, {""sourceRow"": 5, ""sourceColumn"": 8, ""cell"": ""I5"", ""text"": ""(e.g. due to reduced downtime or automation)""}, {""sourceRow"": 5, ""sourceColumn"": 10, ""cell"": ""K5"", ""text"": ""(e.g. real-time performance monitoring)""}, {""sourceRow"": 5, ""sourceColumn"": 12, ""cell"": ""M5"", ""text"": ""(e.g. contracting out payroll functions)""}, {""sourceRow"": 5, ""sourceColumn"": 13, ""cell"": ""N5"", ""text"": ""(e.g. joint development or marketing)""}, {""sourceRow"": 36, ""sourceColumn"": 0, ""cell"": ""A36"", ""text"": ""i.e. other location combinations not listed above""}]",Not independently verified for this item
markets,Digital value,2021-22:7-2:10,2021-22,2021–22,New opportunities to enter or expand markets,New opportunities to enter or expand markets,"Proportions are of all businesses in each output category. Businesses could select more than one outcome. Coverage includes Agriculture, Forestry and Fishing.",Employing businesses; ABS exclusions apply. Agriculture included in selected table.,ANZSIC 2006 (Revision 2.0),0–4; 5–19; 20–199; 200+ persons; overlapping 0–19 subtotal excluded,C,2021-22,data_2021-22/81670DO007_202122.xlsx | Table_2 | https://www.abs.gov.au/methodologies/characteristics-australian-business-methodology/2021-22,Survey redevelopment and/or item context changed. Keep this wave separate; no temporal change calculated.,None,Codex source-cell audit; conservative research gate,2026-09-14,"[{""row"": 1, ""values"": [""Australian Bureau of Statistics"", """", """", """", """", """", """", """", """", """", """", """", """", """", """", """"]}, {""row"": 2, ""values"": [""81670DO007_202122 Characteristics of Australian Business, 2021-22"", """", """", """", """", """", """", """", """", """", """", """", """", """", """", """"]}, {""row"": 3, ""values"": [""Released at 11:30 am (Canberra time) Thursday 22 June 2023"", """", """", """", """", """", """", """", """", """", """", """", """", """", """", """"]}, {""row"": 4, ""values"": [""Table 2 Outcomes for which the business's use of ICTs was important, by employment size, by industry, by location – year ended 30 June 2022"", """", """", """", """", """", """", """", """", """", """", """", """", """", """", """"]}, {""row"": 5, ""values"": ["""", ""Improved responsiveness to customer needs"", ""Greater understanding of markets"", ""Better sales or marketing methods"", ""Introduced goods or services not possible without ICT"", ""Reduced prices from suppliers"", ""Improved efficiency of work flow, inventory management, or ordering systems"", ""Better coordination of staff and business activities"", ""Improved efficiency of production processes"", ""Improved management of quality"", ""Improved management information systems"", ""New opportunities to enter or expand markets"", ""Shifted activities to other businesses"", ""Improved collaboration with other businesses"", ""Other outcomes"", ""Any outcomes""]}, {""row"": 6, ""values"": ["""", ""%"", ""%"", ""%"", ""%"", ""%"", ""%"", ""%"", ""%"", ""%"", ""%"", ""%"", ""%"", ""%"", ""%"", ""%""]}]","[{""sourceRow"": 4, ""sourceColumn"": 0, ""cell"": ""A4"", ""text"": ""Proportions are of all businesses in each output category. Businesses could select more than one outcome.""}, {""sourceRow"": 5, ""sourceColumn"": 1, ""cell"": ""B5"", ""text"": ""(e.g. customised goods or services)""}, {""sourceRow"": 5, ""sourceColumn"": 2, ""cell"": ""C5"", ""text"": ""(e.g. analysing customer purchasing patterns)""}, {""sourceRow"": 5, ""sourceColumn"": 5, ""cell"": ""F5"", ""text"": ""(e.g. ability to shop around)""}, {""sourceRow"": 5, ""sourceColumn"": 6, ""cell"": ""G5"", ""text"": ""(e.g. just-in-time processes)""}, {""sourceRow"": 5, ""sourceColumn"": 8, ""cell"": ""I5"", ""text"": ""(e.g. due to reduced downtime or automation)""}, {""sourceRow"": 5, ""sourceColumn"": 10, ""cell"": ""K5"", ""text"": ""(e.g. real-time performance monitoring)""}, {""sourceRow"": 5, ""sourceColumn"": 12, ""cell"": ""M5"", ""text"": ""(e.g. contracting out payroll functions)""}, {""sourceRow"": 5, ""sourceColumn"": 13, ""cell"": ""N5"", ""text"": ""(e.g. joint development or marketing)""}, {""sourceRow"": 36, ""sourceColumn"": 0, ""cell"": ""A36"", ""text"": ""i.e. other location combinations not listed above""}]",Not independently verified for this item
skills,Constraints,2021-22:7-3:0,2021-22,2021–22,Insufficient staff skills/capability,Insufficient staff skills/capability,"Proportions are of all businesses in each output category. Businesses could select more than one limiting factor. Coverage includes Agriculture, Forestry and Fishing.",Employing businesses; ABS exclusions apply. Agriculture included in selected table.,ANZSIC 2006 (Revision 2.0),0–4; 5–19; 20–199; 200+ persons; overlapping 0–19 subtotal excluded,C,2021-22,data_2021-22/81670DO007_202122.xlsx | Table_3 | https://www.abs.gov.au/methodologies/characteristics-australian-business-methodology/2021-22,Survey redevelopment and/or item context changed. Keep this wave separate; no temporal change calculated.,None,Codex source-cell audit; conservative research gate,2026-09-14,"[{""row"": 1, ""values"": [""Australian Bureau of Statistics"", """", """", """", """", """", """", """", """", """"]}, {""row"": 2, ""values"": [""81670DO007_202122 Characteristics of Australian Business, 2021-22"", """", """", """", """", """", """", """", """", """"]}, {""row"": 3, ""values"": [""Released at 11:30 am (Canberra time) Thursday 22 June 2023"", """", """", """", """", """", """", """", """", """"]}, {""row"": 4, ""values"": [""Table 3 Factors that limited the use of ICTs, by employment size, by industry, by location – year ended 30 June 2022"", """", """", """", """", """", """", """", """", """"]}, {""row"": 5, ""values"": ["""", ""Insufficient staff skills/capability"", ""Lack of access to additional funds"", ""Uncertainty around cost/benefit"", ""Technology issues"", ""Cyber security issues"", ""Lack of understanding of digital technology needs or available products"", ""Other factors"", ""Any Factors"", ""No limiting factors""]}, {""row"": 6, ""values"": ["""", ""%"", ""%"", ""%"", ""%"", ""%"", ""%"", ""%"", ""%"", ""%""]}]","[{""sourceRow"": 4, ""sourceColumn"": 0, ""cell"": ""A4"", ""text"": ""Proportions are of all businesses in each output category. Businesses could select more than one limiting factor.""}, {""sourceRow"": 5, ""sourceColumn"": 4, ""cell"": ""E5"", ""text"": ""(e.g. speed, reliability, system outage)""}, {""sourceRow"": 36, ""sourceColumn"": 0, ""cell"": ""A36"", ""text"": ""i.e. other location combinations not listed above""}]",Not independently verified for this item
funds,Constraints,2021-22:7-3:1,2021-22,2021–22,Lack of access to additional funds,Lack of access to additional funds,"Proportions are of all businesses in each output category. Businesses could select more than one limiting factor. Coverage includes Agriculture, Forestry and Fishing.",Employing businesses; ABS exclusions apply. Agriculture included in selected table.,ANZSIC 2006 (Revision 2.0),0–4; 5–19; 20–199; 200+ persons; overlapping 0–19 subtotal excluded,C,2021-22,data_2021-22/81670DO007_202122.xlsx | Table_3 | https://www.abs.gov.au/methodologies/characteristics-australian-business-methodology/2021-22,Survey redevelopment and/or item context changed. Keep this wave separate; no temporal change calculated.,None,Codex source-cell audit; conservative research gate,2026-09-14,"[{""row"": 1, ""values"": [""Australian Bureau of Statistics"", """", """", """", """", """", """", """", """", """"]}, {""row"": 2, ""values"": [""81670DO007_202122 Characteristics of Australian Business, 2021-22"", """", """", """", """", """", """", """", """", """"]}, {""row"": 3, ""values"": [""Released at 11:30 am (Canberra time) Thursday 22 June 2023"", """", """", """", """", """", """", """", """", """"]}, {""row"": 4, ""values"": [""Table 3 Factors that limited the use of ICTs, by employment size, by industry, by location – year ended 30 June 2022"", """", """", """", """", """", """", """", """", """"]}, {""row"": 5, ""values"": ["""", ""Insufficient staff skills/capability"", ""Lack of access to additional funds"", ""Uncertainty around cost/benefit"", ""Technology issues"", ""Cyber security issues"", ""Lack of understanding of digital technology needs or available products"", ""Other factors"", ""Any Factors"", ""No limiting factors""]}, {""row"": 6, ""values"": ["""", ""%"", ""%"", ""%"", ""%"", ""%"", ""%"", ""%"", ""%"", ""%""]}]","[{""sourceRow"": 4, ""sourceColumn"": 0, ""cell"": ""A4"", ""text"": ""Proportions are of all businesses in each output category. Businesses could select more than one limiting factor.""}, {""sourceRow"": 5, ""sourceColumn"": 4, ""cell"": ""E5"", ""text"": ""(e.g. speed, reliability, system outage)""}, {""sourceRow"": 36, ""sourceColumn"": 0, ""cell"": ""A36"", ""text"": ""i.e. other location combinations not listed above""}]",Not independently verified for this item
benefits,Constraints,2021-22:7-3:2,2021-22,2021–22,Uncertainty around cost/benefit,Uncertainty around cost/benefit,"Proportions are of all businesses in each output category. Businesses could select more than one limiting factor. Coverage includes Agriculture, Forestry and Fishing.",Employing businesses; ABS exclusions apply. Agriculture included in selected table.,ANZSIC 2006 (Revision 2.0),0–4; 5–19; 20–199; 200+ persons; overlapping 0–19 subtotal excluded,C,2021-22,data_2021-22/81670DO007_202122.xlsx | Table_3 | https://www.abs.gov.au/methodologies/characteristics-australian-business-methodology/2021-22,Survey redevelopment and/or item context changed. Keep this wave separate; no temporal change calculated.,None,Codex source-cell audit; conservative research gate,2026-09-14,"[{""row"": 1, ""values"": [""Australian Bureau of Statistics"", """", """", """", """", """", """", """", """", """"]}, {""row"": 2, ""values"": [""81670DO007_202122 Characteristics of Australian Business, 2021-22"", """", """", """", """", """", """", """", """", """"]}, {""row"": 3, ""values"": [""Released at 11:30 am (Canberra time) Thursday 22 June 2023"", """", """", """", """", """", """", """", """", """"]}, {""row"": 4, ""values"": [""Table 3 Factors that limited the use of ICTs, by employment size, by industry, by location – year ended 30 June 2022"", """", """", """", """", """", """", """", """", """"]}, {""row"": 5, ""values"": ["""", ""Insufficient staff skills/capability"", ""Lack of access to additional funds"", ""Uncertainty around cost/benefit"", ""Technology issues"", ""Cyber security issues"", ""Lack of understanding of digital technology needs or available products"", ""Other factors"", ""Any Factors"", ""No limiting factors""]}, {""row"": 6, ""values"": ["""", ""%"", ""%"", ""%"", ""%"", ""%"", ""%"", ""%"", ""%"", ""%""]}]","[{""sourceRow"": 4, ""sourceColumn"": 0, ""cell"": ""A4"", ""text"": ""Proportions are of all businesses in each output category. Businesses could select more than one limiting factor.""}, {""sourceRow"": 5, ""sourceColumn"": 4, ""cell"": ""E5"", ""text"": ""(e.g. speed, reliability, system outage)""}, {""sourceRow"": 36, ""sourceColumn"": 0, ""cell"": ""A36"", ""text"": ""i.e. other location combinations not listed above""}]",Not independently verified for this item
technology,Constraints,2021-22:7-3:3,2021-22,2021–22,Technology issues,Technology issues,"Proportions are of all businesses in each output category. Businesses could select more than one limiting factor. Coverage includes Agriculture, Forestry and Fishing.",Employing businesses; ABS exclusions apply. Agriculture included in selected table.,ANZSIC 2006 (Revision 2.0),0–4; 5–19; 20–199; 200+ persons; overlapping 0–19 subtotal excluded,C,2021-22,data_2021-22/81670DO007_202122.xlsx | Table_3 | https://www.abs.gov.au/methodologies/characteristics-australian-business-methodology/2021-22,Survey redevelopment and/or item context changed. Keep this wave separate; no temporal change calculated.,None,Codex source-cell audit; conservative research gate,2026-09-14,"[{""row"": 1, ""values"": [""Australian Bureau of Statistics"", """", """", """", """", """", """", """", """", """"]}, {""row"": 2, ""values"": [""81670DO007_202122 Characteristics of Australian Business, 2021-22"", """", """", """", """", """", """", """", """", """"]}, {""row"": 3, ""values"": [""Released at 11:30 am (Canberra time) Thursday 22 June 2023"", """", """", """", """", """", """", """", """", """"]}, {""row"": 4, ""values"": [""Table 3 Factors that limited the use of ICTs, by employment size, by industry, by location – year ended 30 June 2022"", """", """", """", """", """", """", """", """", """"]}, {""row"": 5, ""values"": ["""", ""Insufficient staff skills/capability"", ""Lack of access to additional funds"", ""Uncertainty around cost/benefit"", ""Technology issues"", ""Cyber security issues"", ""Lack of understanding of digital technology needs or available products"", ""Other factors"", ""Any Factors"", ""No limiting factors""]}, {""row"": 6, ""values"": ["""", ""%"", ""%"", ""%"", ""%"", ""%"", ""%"", ""%"", ""%"", ""%""]}]","[{""sourceRow"": 4, ""sourceColumn"": 0, ""cell"": ""A4"", ""text"": ""Proportions are of all businesses in each output category. Businesses could select more than one limiting factor.""}, {""sourceRow"": 5, ""sourceColumn"": 4, ""cell"": ""E5"", ""text"": ""(e.g. speed, reliability, system outage)""}, {""sourceRow"": 36, ""sourceColumn"": 0, ""cell"": ""A36"", ""text"": ""i.e. other location combinations not listed above""}]",Not independently verified for this item
knowledge,Constraints,2021-22:7-3:5,2021-22,2021–22,Lack of understanding of digital technology needs or available products,Lack of understanding of digital technology needs or available products,"Proportions are of all businesses in each output category. Businesses could select more than one limiting factor. Coverage includes Agriculture, Forestry and Fishing.",Employing businesses; ABS exclusions apply. Agriculture included in selected table.,ANZSIC 2006 (Revision 2.0),0–4; 5–19; 20–199; 200+ persons; overlapping 0–19 subtotal excluded,C,2021-22,data_2021-22/81670DO007_202122.xlsx | Table_3 | https://www.abs.gov.au/methodologies/characteristics-australian-business-methodology/2021-22,Survey redevelopment and/or item context changed. Keep this wave separate; no temporal change calculated.,None,Codex source-cell audit; conservative research gate,2026-09-14,"[{""row"": 1, ""values"": [""Australian Bureau of Statistics"", """", """", """", """", """", """", """", """", """"]}, {""row"": 2, ""values"": [""81670DO007_202122 Characteristics of Australian Business, 2021-22"", """", """", """", """", """", """", """", """", """"]}, {""row"": 3, ""values"": [""Released at 11:30 am (Canberra time) Thursday 22 June 2023"", """", """", """", """", """", """", """", """", """"]}, {""row"": 4, ""values"": [""Table 3 Factors that limited the use of ICTs, by employment size, by industry, by location – year ended 30 June 2022"", """", """", """", """", """", """", """", """", """"]}, {""row"": 5, ""values"": ["""", ""Insufficient staff skills/capability"", ""Lack of access to additional funds"", ""Uncertainty around cost/benefit"", ""Technology issues"", ""Cyber security issues"", ""Lack of understanding of digital technology needs or available products"", ""Other factors"", ""Any Factors"", ""No limiting factors""]}, {""row"": 6, ""values"": ["""", ""%"", ""%"", ""%"", ""%"", ""%"", ""%"", ""%"", ""%"", ""%""]}]","[{""sourceRow"": 4, ""sourceColumn"": 0, ""cell"": ""A4"", ""text"": ""Proportions are of all businesses in each output category. Businesses could select more than one limiting factor.""}, {""sourceRow"": 5, ""sourceColumn"": 4, ""cell"": ""E5"", ""text"": ""(e.g. speed, reliability, system outage)""}, {""sourceRow"": 36, ""sourceColumn"": 0, ""cell"": ""A36"", ""text"": ""i.e. other location combinations not listed above""}]",Not independently verified for this item
internet,Basic connectivity,2024-25:4-1:9,2024-25,2024–25,Any,Any,"Proportions are of all businesses in each output category. Businesses could select more than one option. Coverage includes Agriculture, Forestry and Fishing.",Employing businesses; ABS exclusions apply. Agriculture included in selected table.,ANZSIC 2006 (Revision 2.0),0–4; 5–19; 20–199; 200+ persons; overlapping 0–19 subtotal excluded,C,2024-25,data_2024-25/BCSDC04_2024–25.xlsx | Table 1 | https://www.abs.gov.au/methodologies/characteristics-australian-business-methodology/2024-25,Survey redevelopment and/or item context changed. Keep this wave separate; no temporal change calculated.,None,Codex source-cell audit; conservative research gate,2026-09-14,"[{""row"": 1, ""values"": [""This tab contains a single table presenting the types of internet connection reported by businesses during the year ended 30 June 2025. It ranges from cell A1 to K50."", """", """", """", """", """", """", """", """", """", """"]}, {""row"": 2, ""values"": [""Table 1: Types of internet connection used by business, by employment size, by industry, by state/territory, by location — year ended 30 June 2025"", """", """", """", """", """", """", """", """", """", """"]}, {""row"": 3, ""values"": [""Characteristics of Australian Business, 2024–25"", """", """", """", """", """", """", """", """", """", """"]}, {""row"": 4, ""values"": ["""", """", """", """", ""Mobile wireless:"", """", """", """", """", """", """"]}, {""row"": 5, ""values"": ["""", ""DSL"", ""Fibre"", ""Cable"", ""3G/4G network"", ""5G network"", ""any mobile wireless"", ""Fixed wireless"", ""Satellite"", ""Other"", ""Any""]}, {""row"": 6, ""values"": ["""", ""%"", ""%"", ""%"", ""%"", ""%"", """", ""%"", ""%"", ""%"", ""%""]}]","[{""sourceRow"": 47, ""sourceColumn"": 0, ""cell"": ""A47"", ""text"": ""np not available for publication but included in totals where applicable, unless otherwise indicated.""}, {""sourceRow"": 48, ""sourceColumn"": 0, ""cell"": ""A48"", ""text"": ""^ estimate has a relative standard error of 10% to less than 25% and should be used with caution.""}, {""sourceRow"": 49, ""sourceColumn"": 0, ""cell"": ""A49"", ""text"": ""The 'Dial‑up' response category has been removed and any reported dial‑up connections have been captured under the ‘Other’ category. Therefore, the data presented in this table are not directly comparable with estimates from 2021–22.""}, {""sourceRow"": 50, ""sourceColumn"": 0, ""cell"": ""A50"", ""text"": ""© Commonwealth of Australia""}, {""sourceRow"": 2, ""sourceColumn"": 0, ""cell"": ""A2"", ""text"": ""Proportions are of all businesses in each output category. Businesses could select more than one option.""}, {""sourceRow"": 5, ""sourceColumn"": 1, ""cell"": ""B5"", ""text"": ""(e.g. ADSL, ADSL2+, SDSL)""}, {""sourceRow"": 5, ""sourceColumn"": 2, ""cell"": ""C5"", ""text"": ""(e.g. FTTP, FTTB, FTTC, FTTN, FTTdp)""}, {""sourceRow"": 5, ""sourceColumn"": 3, ""cell"": ""D5"", ""text"": ""(e.g. HFC)""}, {""sourceRow"": 5, ""sourceColumn"": 8, ""cell"": ""I5"", ""text"": ""(e.g. Sky Muster, Starlink)""}, {""sourceRow"": 44, ""sourceColumn"": 0, ""cell"": ""A44"", ""text"": ""(i.e. any location in Australia outside of a capital city)""}, {""sourceRow"": 45, ""sourceColumn"": 0, ""cell"": ""A45"", ""text"": ""(i.e. other location combinations not listed above)""}]",Online forms
website_app,Basic connectivity,2024-25:4-3:0,2024-25,2024–25,Business's own website or app,Business's own website or app,"Proportions are of all businesses in each output category. Businesses could select more than one option. Coverage includes Agriculture, Forestry and Fishing.",Employing businesses; ABS exclusions apply. Agriculture included in selected table.,ANZSIC 2006 (Revision 2.0),0–4; 5–19; 20–199; 200+ persons; overlapping 0–19 subtotal excluded,C,2024-25,data_2024-25/BCSDC04_2024–25.xlsx | Table 3 | https://www.abs.gov.au/methodologies/characteristics-australian-business-methodology/2024-25,Survey redevelopment and/or item context changed. Keep this wave separate; no temporal change calculated.,None,Codex source-cell audit; conservative research gate,2026-09-14,"[{""row"": 1, ""values"": [""This tab contains a single table presenting the types of online presence reported by businesses for the year ended 30 June 2025. It ranges from cell A1 to F49."", """", """", """", """", """"]}, {""row"": 2, ""values"": [""Table 3: Type of online presence, by employment size, by industry, by state/territory, by location — year ended 30 June 2025"", """", """", """", """", """"]}, {""row"": 3, ""values"": [""Characteristics of Australian Business, 2024–25"", """", """", """", """", """"]}, {""row"": 4, ""values"": ["""", ""Business's own website or app"", ""Social media"", ""Third-party website, platform, app or online marketplace"", ""Other"", ""Any online presence""]}, {""row"": 5, ""values"": ["""", ""%"", ""%"", ""%"", ""%"", ""%""]}]","[{""sourceRow"": 46, ""sourceColumn"": 0, ""cell"": ""A46"", ""text"": ""—  nil or rounded to zero (including null cells).""}, {""sourceRow"": 47, ""sourceColumn"": 0, ""cell"": ""A47"", ""text"": ""np not available for publication but included in totals where applicable, unless otherwise indicated.""}, {""sourceRow"": 48, ""sourceColumn"": 0, ""cell"": ""A48"", ""text"": ""^ estimate has a relative standard error of 10% to less than 25% and should be used with caution.""}, {""sourceRow"": 49, ""sourceColumn"": 0, ""cell"": ""A49"", ""text"": ""© Commonwealth of Australia""}, {""sourceRow"": 2, ""sourceColumn"": 0, ""cell"": ""A2"", ""text"": ""Proportions are of all businesses in each output category. Businesses could select more than one option.""}, {""sourceRow"": 4, ""sourceColumn"": 2, ""cell"": ""C4"", ""text"": ""(e.g. Facebook, LinkedIn, X/Twitter, Instagram, YouTube, Pinterest, TikTok, WeChat)""}, {""sourceRow"": 4, ""sourceColumn"": 3, ""cell"": ""D4"", ""text"": ""(e.g. Amazon, Uber Eats, Booking.com)""}, {""sourceRow"": 43, ""sourceColumn"": 0, ""cell"": ""A43"", ""text"": ""(i.e. any location in Australia outside of a capital city)""}, {""sourceRow"": 44, ""sourceColumn"": 0, ""cell"": ""A44"", ""text"": ""(i.e. other location combinations not listed above)""}]",Online forms
social,Basic connectivity,2024-25:4-3:1,2024-25,2024–25,Social media,Social media,"Proportions are of all businesses in each output category. Businesses could select more than one option. Coverage includes Agriculture, Forestry and Fishing.",Employing businesses; ABS exclusions apply. Agriculture included in selected table.,ANZSIC 2006 (Revision 2.0),0–4; 5–19; 20–199; 200+ persons; overlapping 0–19 subtotal excluded,A,recent-2021-2024,data_2024-25/BCSDC04_2024–25.xlsx | Table 3 | https://www.abs.gov.au/statistics/industry/technology-and-innovation/characteristics-australian-business/2024-25,Matched source items and all-business bases; ABS 2024-25 release explicitly compares these two waves. Descriptive comparison only.,None,Codex source-cell audit; conservative research gate,2026-09-14,"[{""row"": 1, ""values"": [""This tab contains a single table presenting the types of online presence reported by businesses for the year ended 30 June 2025. It ranges from cell A1 to F49."", """", """", """", """", """"]}, {""row"": 2, ""values"": [""Table 3: Type of online presence, by employment size, by industry, by state/territory, by location — year ended 30 June 2025"", """", """", """", """", """"]}, {""row"": 3, ""values"": [""Characteristics of Australian Business, 2024–25"", """", """", """", """", """"]}, {""row"": 4, ""values"": ["""", ""Business's own website or app"", ""Social media"", ""Third-party website, platform, app or online marketplace"", ""Other"", ""Any online presence""]}, {""row"": 5, ""values"": ["""", ""%"", ""%"", ""%"", ""%"", ""%""]}]","[{""sourceRow"": 46, ""sourceColumn"": 0, ""cell"": ""A46"", ""text"": ""—  nil or rounded to zero (including null cells).""}, {""sourceRow"": 47, ""sourceColumn"": 0, ""cell"": ""A47"", ""text"": ""np not available for publication but included in totals where applicable, unless otherwise indicated.""}, {""sourceRow"": 48, ""sourceColumn"": 0, ""cell"": ""A48"", ""text"": ""^ estimate has a relative standard error of 10% to less than 25% and should be used with caution.""}, {""sourceRow"": 49, ""sourceColumn"": 0, ""cell"": ""A49"", ""text"": ""© Commonwealth of Australia""}, {""sourceRow"": 2, ""sourceColumn"": 0, ""cell"": ""A2"", ""text"": ""Proportions are of all businesses in each output category. Businesses could select more than one option.""}, {""sourceRow"": 4, ""sourceColumn"": 2, ""cell"": ""C4"", ""text"": ""(e.g. Facebook, LinkedIn, X/Twitter, Instagram, YouTube, Pinterest, TikTok, WeChat)""}, {""sourceRow"": 4, ""sourceColumn"": 3, ""cell"": ""D4"", ""text"": ""(e.g. Amazon, Uber Eats, Booking.com)""}, {""sourceRow"": 43, ""sourceColumn"": 0, ""cell"": ""A43"", ""text"": ""(i.e. any location in Australia outside of a capital city)""}, {""sourceRow"": 44, ""sourceColumn"": 0, ""cell"": ""A44"", ""text"": ""(i.e. other location combinations not listed above)""}]",Online forms
received,Digital transactions,2024-25:4-4:4,2024-25,2024–25,Any orders received via the internet,Any orders received via the internet,"Proportions are of all businesses in each output category. Businesses could select more than one option. Coverage includes Agriculture, Forestry and Fishing.",Employing businesses; ABS exclusions apply. Agriculture included in selected table.,ANZSIC 2006 (Revision 2.0),0–4; 5–19; 20–199; 200+ persons; overlapping 0–19 subtotal excluded,A,recent-2021-2024,data_2024-25/BCSDC04_2024–25.xlsx | Table 4 | https://www.abs.gov.au/statistics/industry/technology-and-innovation/characteristics-australian-business/2024-25,Matched source items and all-business bases; ABS 2024-25 release explicitly compares these two waves. Descriptive comparison only.,None,Codex source-cell audit; conservative research gate,2026-09-14,"[{""row"": 1, ""values"": [""This tab contains a single table presenting the proportion of businesses that reported receiving orders for any goods or services via the internet during the year ended 30 June 2025. It ranges from cell A1 to F48."", """", """", """", """", """"]}, {""row"": 2, ""values"": [""Table 4: Orders received via the internet, by employment size, by industry, by state/territory, by location — year ended 30 June 2025"", """", """", """", """", """"]}, {""row"": 3, ""values"": [""Released at 11:30 am (Canberra time) Thu 4 June 2026"", """", """", """", """", """"]}, {""row"": 4, ""values"": [""Characteristics of Australian Business, 2024–25"", """", """", """", """", """"]}, {""row"": 5, ""values"": ["""", ""On-line ordering facility on your website or app"", ""Third-party website, platform, app or online marketplace"", ""Electronic Data Interchange (EDI)"", ""Other"", ""Any orders received via the internet""]}, {""row"": 6, ""values"": ["""", ""%"", ""%"", ""%"", ""%"", ""%""]}]","[{""sourceRow"": 47, ""sourceColumn"": 0, ""cell"": ""A47"", ""text"": ""^ estimate has a relative standard error of 10% to less than 25% and should be used with caution.""}, {""sourceRow"": 48, ""sourceColumn"": 0, ""cell"": ""A48"", ""text"": ""© Commonwealth of Australia""}, {""sourceRow"": 2, ""sourceColumn"": 0, ""cell"": ""A2"", ""text"": ""Proportions are of all businesses in each output category. Businesses could select more than one option.""}, {""sourceRow"": 5, ""sourceColumn"": 1, ""cell"": ""B5"", ""text"": ""(e.g. shopping cart, booking system)""}, {""sourceRow"": 5, ""sourceColumn"": 2, ""cell"": ""C5"", ""text"": ""(e.g. Amazon, Uber Eats, Booking.com)""}, {""sourceRow"": 5, ""sourceColumn"": 3, ""cell"": ""D5"", ""text"": ""(i.e. computer-to-computer exchange of purchase orders and invoices in a standard electronic format between business partners)""}, {""sourceRow"": 44, ""sourceColumn"": 0, ""cell"": ""A44"", ""text"": ""(i.e. any location in Australia outside of a capital city)""}, {""sourceRow"": 45, ""sourceColumn"": 0, ""cell"": ""A45"", ""text"": ""(i.e. other location combinations not listed above)""}]",Online forms
placed,Digital transactions,2024-25:4-6:0,2024-25,2024–25,Placed orders via the internet,Placed orders via the internet,"Proportions are of all businesses in each output category. Coverage includes Agriculture, Forestry and Fishing.",Employing businesses; ABS exclusions apply. Agriculture included in selected table.,ANZSIC 2006 (Revision 2.0),0–4; 5–19; 20–199; 200+ persons; overlapping 0–19 subtotal excluded,C,2024-25,data_2024-25/BCSDC04_2024–25.xlsx | Table 6 | https://www.abs.gov.au/methodologies/characteristics-australian-business-methodology/2024-25,Survey redevelopment and/or item context changed. Keep this wave separate; no temporal change calculated.,None,Codex source-cell audit; conservative research gate,2026-09-14,"[{""row"": 1, ""values"": [""This tab contains a single table presenting the proportion of businesses that reported placing orders via the internet for any goods or services during the year ended 30 June 2025. It ranges from cell A1 to B47."", """"]}, {""row"": 2, ""values"": [""Table 6: Businesses that placed orders via the internet for any goods or services, by employment size, by industry, by state/territory, by location — year ended 30 June 2025"", """"]}, {""row"": 3, ""values"": [""Characteristics of Australian Business, 2024–25"", """"]}, {""row"": 4, ""values"": ["""", ""Placed orders via the internet""]}, {""row"": 5, ""values"": ["""", ""%""]}]","[{""sourceRow"": 46, ""sourceColumn"": 0, ""cell"": ""A46"", ""text"": ""^ estimate has a relative standard error of 10% to less than 25% and should be used with caution.""}, {""sourceRow"": 47, ""sourceColumn"": 0, ""cell"": ""A47"", ""text"": ""© Commonwealth of Australia""}, {""sourceRow"": 2, ""sourceColumn"": 0, ""cell"": ""A2"", ""text"": ""Proportions are of all businesses in each output category.""}, {""sourceRow"": 43, ""sourceColumn"": 0, ""cell"": ""A43"", ""text"": ""(i.e. any location in Australia outside of a capital city)""}, {""sourceRow"": 44, ""sourceColumn"": 0, ""cell"": ""A44"", ""text"": ""(i.e. other location combinations not listed above)""}]",Online forms
cloud,Advanced technologies,2024-25:6-2:0,2024-25,2024–25,Cloud technology,Cloud technology,"Proportions are of all businesses in each output category. Businesses could select more than one option. Coverage includes Agriculture, Forestry and Fishing.",Employing businesses; ABS exclusions apply. Agriculture included in selected table.,ANZSIC 2006 (Revision 2.0),0–4; 5–19; 20–199; 200+ persons; overlapping 0–19 subtotal excluded,C,2024-25,data_2024-25/BCSDC06_2024–25.xlsx | Table 2 | https://www.abs.gov.au/methodologies/characteristics-australian-business-methodology/2024-25,Survey redevelopment and/or item context changed. Keep this wave separate; no temporal change calculated.,None,Codex source-cell audit; conservative research gate,2026-09-14,"[{""row"": 1, ""values"": [""This tab contains a single table presenting the types of ICTs businesses reported using during the year ended 30 June 2025. It ranges from cell A1 to M50."", """", """", """", """", """", """", """", """", """", """", """", """"]}, {""row"": 2, ""values"": [""Table 2: Selected ICTs used by the business, by employment size, by industry, by state/territory, by location — year ended 30 June 2025"", """", """", """", """", """", """", """", """", """", """", """", """"]}, {""row"": 3, ""values"": [""Characteristics of Australian businesses, 2024–25"", """", """", """", """", """", """", """", """", """", """", """", """"]}, {""row"": 4, ""values"": ["""", """", ""Digital platforms:"", """", """", """", """", """", """", """", """", """", """"]}, {""row"": 5, ""values"": ["""", ""Cloud technology"", ""internal digital platforms"", ""public digital platforms"", ""any digital platforms"", ""Customer Relationship Management software (CRM)"", ""Electronic Data Interchange (EDI)"", ""Internet of Things (IoT)"", ""Data analytics"", ""Enterprise Resource Planning software (ERP)"", ""3D Printing"", ""Artificial intelligence (AI)"", ""Extended reality (XR) technologies""]}, {""row"": 6, ""values"": ["""", ""%"", ""%"", ""%"", ""%"", ""%"", ""%"", ""%"", ""%"", ""%"", ""%"", ""%"", ""%""]}]","[{""sourceRow"": 47, ""sourceColumn"": 0, ""cell"": ""A47"", ""text"": ""—  nil or rounded to zero (including null cells).""}, {""sourceRow"": 48, ""sourceColumn"": 0, ""cell"": ""A48"", ""text"": ""np not available for publication but included in totals where applicable, unless otherwise indicated.""}, {""sourceRow"": 49, ""sourceColumn"": 0, ""cell"": ""A49"", ""text"": ""^ estimate has a relative standard error of 10% to less than 25% and should be used with caution.""}, {""sourceRow"": 50, ""sourceColumn"": 0, ""cell"": ""A50"", ""text"": ""© Commonwealth of Australia""}, {""sourceRow"": 2, ""sourceColumn"": 0, ""cell"": ""A2"", ""text"": ""Proportions are of all businesses in each output category. Businesses could select more than one option.""}, {""sourceRow"": 5, ""sourceColumn"": 1, ""cell"": ""B5"", ""text"": ""(e.g. Google Drive, Microsoft 365, Amazon Web Services, MYOB Acumatica, Xero, QuickBooks Online)""}, {""sourceRow"": 5, ""sourceColumn"": 2, ""cell"": ""C5"", ""text"": ""(i.e. software or applications used within the business, including accounting software, email, phone, and video facilities, etc.)""}, {""sourceRow"": 5, ""sourceColumn"": 3, ""cell"": ""D5"", ""text"": ""(e.g. Facebook, LinkedIn, Instagram, X/Twitter, WeChat)""}, {""sourceRow"": 5, ""sourceColumn"": 6, ""cell"": ""G5"", ""text"": ""(i.e. computer-to-computer exchange of purchase orders and invoices in a standard electronic format between business partners)""}, {""sourceRow"": 5, ""sourceColumn"": 7, ""cell"": ""H5"", ""text"": ""(e.g. smart meters, smart security systems, smart appliances, connected vehicles, wireless inventory trackers, shipping or logistics tracking)""}, {""sourceRow"": 5, ""sourceColumn"": 8, ""cell"": ""I5"", ""text"": ""(e.g. big data analytics tools or geospatial technology)""}, {""sourceRow"": 5, ""sourceColumn"": 11, ""cell"": ""L5"", ""text"": ""(e.g. machine learning, advanced robotics)""}, {""sourceRow"": 5, ""sourceColumn"": 12, ""cell"": ""M5"", ""text"": ""(i.e. virtual reality (VR), augmented reality (AR), or mixed reality (MR))""}, {""sourceRow"": 44, ""sourceColumn"": 0, ""cell"": ""A44"", ""text"": ""(i.e. any location in Australia outside of a capital city)""}, {""sourceRow"": 45, ""sourceColumn"": 0, ""cell"": ""A45"", ""text"": ""(i.e. other location combinations not listed above)""}, {""sourceRow"": 4, ""sourceColumn"": 1, ""cell"": ""B4"", ""text"": ""nil or rounded to zero""}, {""sourceRow"": 4, ""sourceColumn"": 3, ""cell"": ""D4"", ""text"": ""nil or rounded to zero""}, {""sourceRow"": 4, ""sourceColumn"": 4, ""cell"": ""E4"", ""text"": ""nil or rounded to zero""}, {""sourceRow"": 4, ""sourceColumn"": 5, ""cell"": ""F4"", ""text"": ""nil or rounded to zero""}, {""sourceRow"": 4, ""sourceColumn"": 6, ""cell"": ""G4"", ""text"": ""nil or rounded to zero""}, {""sourceRow"": 4, ""sourceColumn"": 7, ""cell"": ""H4"", ""text"": ""nil or rounded to zero""}, {""sourceRow"": 4, ""sourceColumn"": 8, ""cell"": ""I4"", ""text"": ""nil or rounded to zero""}, {""sourceRow"": 4, ""sourceColumn"": 9, ""cell"": ""J4"", ""text"": ""nil or rounded to zero""}, {""sourceRow"": 4, ""sourceColumn"": 10, ""cell"": ""K4"", ""text"": ""nil or rounded to zero""}, {""sourceRow"": 4, ""sourceColumn"": 11, ""cell"": ""L4"", ""text"": ""nil or rounded to zero""}, {""sourceRow"": 4, ""sourceColumn"": 12, ""cell"": ""M4"", ""text"": ""nil or rounded to zero""}]",Online forms
crm,Operational systems,2024-25:6-2:4,2024-25,2024–25,Customer Relationship Management software (CRM),Customer Relationship Management software (CRM),"Proportions are of all businesses in each output category. Businesses could select more than one option. Coverage includes Agriculture, Forestry and Fishing.",Employing businesses; ABS exclusions apply. Agriculture included in selected table.,ANZSIC 2006 (Revision 2.0),0–4; 5–19; 20–199; 200+ persons; overlapping 0–19 subtotal excluded,C,2024-25,data_2024-25/BCSDC06_2024–25.xlsx | Table 2 | https://www.abs.gov.au/methodologies/characteristics-australian-business-methodology/2024-25,Survey redevelopment and/or item context changed. Keep this wave separate; no temporal change calculated.,None,Codex source-cell audit; conservative research gate,2026-09-14,"[{""row"": 1, ""values"": [""This tab contains a single table presenting the types of ICTs businesses reported using during the year ended 30 June 2025. It ranges from cell A1 to M50."", """", """", """", """", """", """", """", """", """", """", """", """"]}, {""row"": 2, ""values"": [""Table 2: Selected ICTs used by the business, by employment size, by industry, by state/territory, by location — year ended 30 June 2025"", """", """", """", """", """", """", """", """", """", """", """", """"]}, {""row"": 3, ""values"": [""Characteristics of Australian businesses, 2024–25"", """", """", """", """", """", """", """", """", """", """", """", """"]}, {""row"": 4, ""values"": ["""", """", ""Digital platforms:"", """", """", """", """", """", """", """", """", """", """"]}, {""row"": 5, ""values"": ["""", ""Cloud technology"", ""internal digital platforms"", ""public digital platforms"", ""any digital platforms"", ""Customer Relationship Management software (CRM)"", ""Electronic Data Interchange (EDI)"", ""Internet of Things (IoT)"", ""Data analytics"", ""Enterprise Resource Planning software (ERP)"", ""3D Printing"", ""Artificial intelligence (AI)"", ""Extended reality (XR) technologies""]}, {""row"": 6, ""values"": ["""", ""%"", ""%"", ""%"", ""%"", ""%"", ""%"", ""%"", ""%"", ""%"", ""%"", ""%"", ""%""]}]","[{""sourceRow"": 47, ""sourceColumn"": 0, ""cell"": ""A47"", ""text"": ""—  nil or rounded to zero (including null cells).""}, {""sourceRow"": 48, ""sourceColumn"": 0, ""cell"": ""A48"", ""text"": ""np not available for publication but included in totals where applicable, unless otherwise indicated.""}, {""sourceRow"": 49, ""sourceColumn"": 0, ""cell"": ""A49"", ""text"": ""^ estimate has a relative standard error of 10% to less than 25% and should be used with caution.""}, {""sourceRow"": 50, ""sourceColumn"": 0, ""cell"": ""A50"", ""text"": ""© Commonwealth of Australia""}, {""sourceRow"": 2, ""sourceColumn"": 0, ""cell"": ""A2"", ""text"": ""Proportions are of all businesses in each output category. Businesses could select more than one option.""}, {""sourceRow"": 5, ""sourceColumn"": 1, ""cell"": ""B5"", ""text"": ""(e.g. Google Drive, Microsoft 365, Amazon Web Services, MYOB Acumatica, Xero, QuickBooks Online)""}, {""sourceRow"": 5, ""sourceColumn"": 2, ""cell"": ""C5"", ""text"": ""(i.e. software or applications used within the business, including accounting software, email, phone, and video facilities, etc.)""}, {""sourceRow"": 5, ""sourceColumn"": 3, ""cell"": ""D5"", ""text"": ""(e.g. Facebook, LinkedIn, Instagram, X/Twitter, WeChat)""}, {""sourceRow"": 5, ""sourceColumn"": 6, ""cell"": ""G5"", ""text"": ""(i.e. computer-to-computer exchange of purchase orders and invoices in a standard electronic format between business partners)""}, {""sourceRow"": 5, ""sourceColumn"": 7, ""cell"": ""H5"", ""text"": ""(e.g. smart meters, smart security systems, smart appliances, connected vehicles, wireless inventory trackers, shipping or logistics tracking)""}, {""sourceRow"": 5, ""sourceColumn"": 8, ""cell"": ""I5"", ""text"": ""(e.g. big data analytics tools or geospatial technology)""}, {""sourceRow"": 5, ""sourceColumn"": 11, ""cell"": ""L5"", ""text"": ""(e.g. machine learning, advanced robotics)""}, {""sourceRow"": 5, ""sourceColumn"": 12, ""cell"": ""M5"", ""text"": ""(i.e. virtual reality (VR), augmented reality (AR), or mixed reality (MR))""}, {""sourceRow"": 44, ""sourceColumn"": 0, ""cell"": ""A44"", ""text"": ""(i.e. any location in Australia outside of a capital city)""}, {""sourceRow"": 45, ""sourceColumn"": 0, ""cell"": ""A45"", ""text"": ""(i.e. other location combinations not listed above)""}, {""sourceRow"": 4, ""sourceColumn"": 1, ""cell"": ""B4"", ""text"": ""nil or rounded to zero""}, {""sourceRow"": 4, ""sourceColumn"": 3, ""cell"": ""D4"", ""text"": ""nil or rounded to zero""}, {""sourceRow"": 4, ""sourceColumn"": 4, ""cell"": ""E4"", ""text"": ""nil or rounded to zero""}, {""sourceRow"": 4, ""sourceColumn"": 5, ""cell"": ""F4"", ""text"": ""nil or rounded to zero""}, {""sourceRow"": 4, ""sourceColumn"": 6, ""cell"": ""G4"", ""text"": ""nil or rounded to zero""}, {""sourceRow"": 4, ""sourceColumn"": 7, ""cell"": ""H4"", ""text"": ""nil or rounded to zero""}, {""sourceRow"": 4, ""sourceColumn"": 8, ""cell"": ""I4"", ""text"": ""nil or rounded to zero""}, {""sourceRow"": 4, ""sourceColumn"": 9, ""cell"": ""J4"", ""text"": ""nil or rounded to zero""}, {""sourceRow"": 4, ""sourceColumn"": 10, ""cell"": ""K4"", ""text"": ""nil or rounded to zero""}, {""sourceRow"": 4, ""sourceColumn"": 11, ""cell"": ""L4"", ""text"": ""nil or rounded to zero""}, {""sourceRow"": 4, ""sourceColumn"": 12, ""cell"": ""M4"", ""text"": ""nil or rounded to zero""}]",Online forms
edi,Operational systems,2024-25:6-2:5,2024-25,2024–25,Electronic Data Interchange (EDI),Electronic Data Interchange (EDI),"Proportions are of all businesses in each output category. Businesses could select more than one option. Coverage includes Agriculture, Forestry and Fishing.",Employing businesses; ABS exclusions apply. Agriculture included in selected table.,ANZSIC 2006 (Revision 2.0),0–4; 5–19; 20–199; 200+ persons; overlapping 0–19 subtotal excluded,C,2024-25,data_2024-25/BCSDC06_2024–25.xlsx | Table 2 | https://www.abs.gov.au/methodologies/characteristics-australian-business-methodology/2024-25,Survey redevelopment and/or item context changed. Keep this wave separate; no temporal change calculated.,None,Codex source-cell audit; conservative research gate,2026-09-14,"[{""row"": 1, ""values"": [""This tab contains a single table presenting the types of ICTs businesses reported using during the year ended 30 June 2025. It ranges from cell A1 to M50."", """", """", """", """", """", """", """", """", """", """", """", """"]}, {""row"": 2, ""values"": [""Table 2: Selected ICTs used by the business, by employment size, by industry, by state/territory, by location — year ended 30 June 2025"", """", """", """", """", """", """", """", """", """", """", """", """"]}, {""row"": 3, ""values"": [""Characteristics of Australian businesses, 2024–25"", """", """", """", """", """", """", """", """", """", """", """", """"]}, {""row"": 4, ""values"": ["""", """", ""Digital platforms:"", """", """", """", """", """", """", """", """", """", """"]}, {""row"": 5, ""values"": ["""", ""Cloud technology"", ""internal digital platforms"", ""public digital platforms"", ""any digital platforms"", ""Customer Relationship Management software (CRM)"", ""Electronic Data Interchange (EDI)"", ""Internet of Things (IoT)"", ""Data analytics"", ""Enterprise Resource Planning software (ERP)"", ""3D Printing"", ""Artificial intelligence (AI)"", ""Extended reality (XR) technologies""]}, {""row"": 6, ""values"": ["""", ""%"", ""%"", ""%"", ""%"", ""%"", ""%"", ""%"", ""%"", ""%"", ""%"", ""%"", ""%""]}]","[{""sourceRow"": 47, ""sourceColumn"": 0, ""cell"": ""A47"", ""text"": ""—  nil or rounded to zero (including null cells).""}, {""sourceRow"": 48, ""sourceColumn"": 0, ""cell"": ""A48"", ""text"": ""np not available for publication but included in totals where applicable, unless otherwise indicated.""}, {""sourceRow"": 49, ""sourceColumn"": 0, ""cell"": ""A49"", ""text"": ""^ estimate has a relative standard error of 10% to less than 25% and should be used with caution.""}, {""sourceRow"": 50, ""sourceColumn"": 0, ""cell"": ""A50"", ""text"": ""© Commonwealth of Australia""}, {""sourceRow"": 2, ""sourceColumn"": 0, ""cell"": ""A2"", ""text"": ""Proportions are of all businesses in each output category. Businesses could select more than one option.""}, {""sourceRow"": 5, ""sourceColumn"": 1, ""cell"": ""B5"", ""text"": ""(e.g. Google Drive, Microsoft 365, Amazon Web Services, MYOB Acumatica, Xero, QuickBooks Online)""}, {""sourceRow"": 5, ""sourceColumn"": 2, ""cell"": ""C5"", ""text"": ""(i.e. software or applications used within the business, including accounting software, email, phone, and video facilities, etc.)""}, {""sourceRow"": 5, ""sourceColumn"": 3, ""cell"": ""D5"", ""text"": ""(e.g. Facebook, LinkedIn, Instagram, X/Twitter, WeChat)""}, {""sourceRow"": 5, ""sourceColumn"": 6, ""cell"": ""G5"", ""text"": ""(i.e. computer-to-computer exchange of purchase orders and invoices in a standard electronic format between business partners)""}, {""sourceRow"": 5, ""sourceColumn"": 7, ""cell"": ""H5"", ""text"": ""(e.g. smart meters, smart security systems, smart appliances, connected vehicles, wireless inventory trackers, shipping or logistics tracking)""}, {""sourceRow"": 5, ""sourceColumn"": 8, ""cell"": ""I5"", ""text"": ""(e.g. big data analytics tools or geospatial technology)""}, {""sourceRow"": 5, ""sourceColumn"": 11, ""cell"": ""L5"", ""text"": ""(e.g. machine learning, advanced robotics)""}, {""sourceRow"": 5, ""sourceColumn"": 12, ""cell"": ""M5"", ""text"": ""(i.e. virtual reality (VR), augmented reality (AR), or mixed reality (MR))""}, {""sourceRow"": 44, ""sourceColumn"": 0, ""cell"": ""A44"", ""text"": ""(i.e. any location in Australia outside of a capital city)""}, {""sourceRow"": 45, ""sourceColumn"": 0, ""cell"": ""A45"", ""text"": ""(i.e. other location combinations not listed above)""}, {""sourceRow"": 4, ""sourceColumn"": 1, ""cell"": ""B4"", ""text"": ""nil or rounded to zero""}, {""sourceRow"": 4, ""sourceColumn"": 3, ""cell"": ""D4"", ""text"": ""nil or rounded to zero""}, {""sourceRow"": 4, ""sourceColumn"": 4, ""cell"": ""E4"", ""text"": ""nil or rounded to zero""}, {""sourceRow"": 4, ""sourceColumn"": 5, ""cell"": ""F4"", ""text"": ""nil or rounded to zero""}, {""sourceRow"": 4, ""sourceColumn"": 6, ""cell"": ""G4"", ""text"": ""nil or rounded to zero""}, {""sourceRow"": 4, ""sourceColumn"": 7, ""cell"": ""H4"", ""text"": ""nil or rounded to zero""}, {""sourceRow"": 4, ""sourceColumn"": 8, ""cell"": ""I4"", ""text"": ""nil or rounded to zero""}, {""sourceRow"": 4, ""sourceColumn"": 9, ""cell"": ""J4"", ""text"": ""nil or rounded to zero""}, {""sourceRow"": 4, ""sourceColumn"": 10, ""cell"": ""K4"", ""text"": ""nil or rounded to zero""}, {""sourceRow"": 4, ""sourceColumn"": 11, ""cell"": ""L4"", ""text"": ""nil or rounded to zero""}, {""sourceRow"": 4, ""sourceColumn"": 12, ""cell"": ""M4"", ""text"": ""nil or rounded to zero""}]",Online forms
iot,Advanced technologies,2024-25:6-2:6,2024-25,2024–25,Internet of Things (IoT),Internet of Things (IoT),"Proportions are of all businesses in each output category. Businesses could select more than one option. Coverage includes Agriculture, Forestry and Fishing.",Employing businesses; ABS exclusions apply. Agriculture included in selected table.,ANZSIC 2006 (Revision 2.0),0–4; 5–19; 20–199; 200+ persons; overlapping 0–19 subtotal excluded,C,2024-25,data_2024-25/BCSDC06_2024–25.xlsx | Table 2 | https://www.abs.gov.au/methodologies/characteristics-australian-business-methodology/2024-25,Survey redevelopment and/or item context changed. Keep this wave separate; no temporal change calculated.,None,Codex source-cell audit; conservative research gate,2026-09-14,"[{""row"": 1, ""values"": [""This tab contains a single table presenting the types of ICTs businesses reported using during the year ended 30 June 2025. It ranges from cell A1 to M50."", """", """", """", """", """", """", """", """", """", """", """", """"]}, {""row"": 2, ""values"": [""Table 2: Selected ICTs used by the business, by employment size, by industry, by state/territory, by location — year ended 30 June 2025"", """", """", """", """", """", """", """", """", """", """", """", """"]}, {""row"": 3, ""values"": [""Characteristics of Australian businesses, 2024–25"", """", """", """", """", """", """", """", """", """", """", """", """"]}, {""row"": 4, ""values"": ["""", """", ""Digital platforms:"", """", """", """", """", """", """", """", """", """", """"]}, {""row"": 5, ""values"": ["""", ""Cloud technology"", ""internal digital platforms"", ""public digital platforms"", ""any digital platforms"", ""Customer Relationship Management software (CRM)"", ""Electronic Data Interchange (EDI)"", ""Internet of Things (IoT)"", ""Data analytics"", ""Enterprise Resource Planning software (ERP)"", ""3D Printing"", ""Artificial intelligence (AI)"", ""Extended reality (XR) technologies""]}, {""row"": 6, ""values"": ["""", ""%"", ""%"", ""%"", ""%"", ""%"", ""%"", ""%"", ""%"", ""%"", ""%"", ""%"", ""%""]}]","[{""sourceRow"": 47, ""sourceColumn"": 0, ""cell"": ""A47"", ""text"": ""—  nil or rounded to zero (including null cells).""}, {""sourceRow"": 48, ""sourceColumn"": 0, ""cell"": ""A48"", ""text"": ""np not available for publication but included in totals where applicable, unless otherwise indicated.""}, {""sourceRow"": 49, ""sourceColumn"": 0, ""cell"": ""A49"", ""text"": ""^ estimate has a relative standard error of 10% to less than 25% and should be used with caution.""}, {""sourceRow"": 50, ""sourceColumn"": 0, ""cell"": ""A50"", ""text"": ""© Commonwealth of Australia""}, {""sourceRow"": 2, ""sourceColumn"": 0, ""cell"": ""A2"", ""text"": ""Proportions are of all businesses in each output category. Businesses could select more than one option.""}, {""sourceRow"": 5, ""sourceColumn"": 1, ""cell"": ""B5"", ""text"": ""(e.g. Google Drive, Microsoft 365, Amazon Web Services, MYOB Acumatica, Xero, QuickBooks Online)""}, {""sourceRow"": 5, ""sourceColumn"": 2, ""cell"": ""C5"", ""text"": ""(i.e. software or applications used within the business, including accounting software, email, phone, and video facilities, etc.)""}, {""sourceRow"": 5, ""sourceColumn"": 3, ""cell"": ""D5"", ""text"": ""(e.g. Facebook, LinkedIn, Instagram, X/Twitter, WeChat)""}, {""sourceRow"": 5, ""sourceColumn"": 6, ""cell"": ""G5"", ""text"": ""(i.e. computer-to-computer exchange of purchase orders and invoices in a standard electronic format between business partners)""}, {""sourceRow"": 5, ""sourceColumn"": 7, ""cell"": ""H5"", ""text"": ""(e.g. smart meters, smart security systems, smart appliances, connected vehicles, wireless inventory trackers, shipping or logistics tracking)""}, {""sourceRow"": 5, ""sourceColumn"": 8, ""cell"": ""I5"", ""text"": ""(e.g. big data analytics tools or geospatial technology)""}, {""sourceRow"": 5, ""sourceColumn"": 11, ""cell"": ""L5"", ""text"": ""(e.g. machine learning, advanced robotics)""}, {""sourceRow"": 5, ""sourceColumn"": 12, ""cell"": ""M5"", ""text"": ""(i.e. virtual reality (VR), augmented reality (AR), or mixed reality (MR))""}, {""sourceRow"": 44, ""sourceColumn"": 0, ""cell"": ""A44"", ""text"": ""(i.e. any location in Australia outside of a capital city)""}, {""sourceRow"": 45, ""sourceColumn"": 0, ""cell"": ""A45"", ""text"": ""(i.e. other location combinations not listed above)""}, {""sourceRow"": 4, ""sourceColumn"": 1, ""cell"": ""B4"", ""text"": ""nil or rounded to zero""}, {""sourceRow"": 4, ""sourceColumn"": 3, ""cell"": ""D4"", ""text"": ""nil or rounded to zero""}, {""sourceRow"": 4, ""sourceColumn"": 4, ""cell"": ""E4"", ""text"": ""nil or rounded to zero""}, {""sourceRow"": 4, ""sourceColumn"": 5, ""cell"": ""F4"", ""text"": ""nil or rounded to zero""}, {""sourceRow"": 4, ""sourceColumn"": 6, ""cell"": ""G4"", ""text"": ""nil or rounded to zero""}, {""sourceRow"": 4, ""sourceColumn"": 7, ""cell"": ""H4"", ""text"": ""nil or rounded to zero""}, {""sourceRow"": 4, ""sourceColumn"": 8, ""cell"": ""I4"", ""text"": ""nil or rounded to zero""}, {""sourceRow"": 4, ""sourceColumn"": 9, ""cell"": ""J4"", ""text"": ""nil or rounded to zero""}, {""sourceRow"": 4, ""sourceColumn"": 10, ""cell"": ""K4"", ""text"": ""nil or rounded to zero""}, {""sourceRow"": 4, ""sourceColumn"": 11, ""cell"": ""L4"", ""text"": ""nil or rounded to zero""}, {""sourceRow"": 4, ""sourceColumn"": 12, ""cell"": ""M4"", ""text"": ""nil or rounded to zero""}]",Online forms
analytics,Data capability,2024-25:6-2:7,2024-25,2024–25,Data analytics,Data analytics,"Proportions are of all businesses in each output category. Businesses could select more than one option. Coverage includes Agriculture, Forestry and Fishing.",Employing businesses; ABS exclusions apply. Agriculture included in selected table.,ANZSIC 2006 (Revision 2.0),0–4; 5–19; 20–199; 200+ persons; overlapping 0–19 subtotal excluded,C,2024-25,data_2024-25/BCSDC06_2024–25.xlsx | Table 2 | https://www.abs.gov.au/methodologies/characteristics-australian-business-methodology/2024-25,Survey redevelopment and/or item context changed. Keep this wave separate; no temporal change calculated.,None,Codex source-cell audit; conservative research gate,2026-09-14,"[{""row"": 1, ""values"": [""This tab contains a single table presenting the types of ICTs businesses reported using during the year ended 30 June 2025. It ranges from cell A1 to M50."", """", """", """", """", """", """", """", """", """", """", """", """"]}, {""row"": 2, ""values"": [""Table 2: Selected ICTs used by the business, by employment size, by industry, by state/territory, by location — year ended 30 June 2025"", """", """", """", """", """", """", """", """", """", """", """", """"]}, {""row"": 3, ""values"": [""Characteristics of Australian businesses, 2024–25"", """", """", """", """", """", """", """", """", """", """", """", """"]}, {""row"": 4, ""values"": ["""", """", ""Digital platforms:"", """", """", """", """", """", """", """", """", """", """"]}, {""row"": 5, ""values"": ["""", ""Cloud technology"", ""internal digital platforms"", ""public digital platforms"", ""any digital platforms"", ""Customer Relationship Management software (CRM)"", ""Electronic Data Interchange (EDI)"", ""Internet of Things (IoT)"", ""Data analytics"", ""Enterprise Resource Planning software (ERP)"", ""3D Printing"", ""Artificial intelligence (AI)"", ""Extended reality (XR) technologies""]}, {""row"": 6, ""values"": ["""", ""%"", ""%"", ""%"", ""%"", ""%"", ""%"", ""%"", ""%"", ""%"", ""%"", ""%"", ""%""]}]","[{""sourceRow"": 47, ""sourceColumn"": 0, ""cell"": ""A47"", ""text"": ""—  nil or rounded to zero (including null cells).""}, {""sourceRow"": 48, ""sourceColumn"": 0, ""cell"": ""A48"", ""text"": ""np not available for publication but included in totals where applicable, unless otherwise indicated.""}, {""sourceRow"": 49, ""sourceColumn"": 0, ""cell"": ""A49"", ""text"": ""^ estimate has a relative standard error of 10% to less than 25% and should be used with caution.""}, {""sourceRow"": 50, ""sourceColumn"": 0, ""cell"": ""A50"", ""text"": ""© Commonwealth of Australia""}, {""sourceRow"": 2, ""sourceColumn"": 0, ""cell"": ""A2"", ""text"": ""Proportions are of all businesses in each output category. Businesses could select more than one option.""}, {""sourceRow"": 5, ""sourceColumn"": 1, ""cell"": ""B5"", ""text"": ""(e.g. Google Drive, Microsoft 365, Amazon Web Services, MYOB Acumatica, Xero, QuickBooks Online)""}, {""sourceRow"": 5, ""sourceColumn"": 2, ""cell"": ""C5"", ""text"": ""(i.e. software or applications used within the business, including accounting software, email, phone, and video facilities, etc.)""}, {""sourceRow"": 5, ""sourceColumn"": 3, ""cell"": ""D5"", ""text"": ""(e.g. Facebook, LinkedIn, Instagram, X/Twitter, WeChat)""}, {""sourceRow"": 5, ""sourceColumn"": 6, ""cell"": ""G5"", ""text"": ""(i.e. computer-to-computer exchange of purchase orders and invoices in a standard electronic format between business partners)""}, {""sourceRow"": 5, ""sourceColumn"": 7, ""cell"": ""H5"", ""text"": ""(e.g. smart meters, smart security systems, smart appliances, connected vehicles, wireless inventory trackers, shipping or logistics tracking)""}, {""sourceRow"": 5, ""sourceColumn"": 8, ""cell"": ""I5"", ""text"": ""(e.g. big data analytics tools or geospatial technology)""}, {""sourceRow"": 5, ""sourceColumn"": 11, ""cell"": ""L5"", ""text"": ""(e.g. machine learning, advanced robotics)""}, {""sourceRow"": 5, ""sourceColumn"": 12, ""cell"": ""M5"", ""text"": ""(i.e. virtual reality (VR), augmented reality (AR), or mixed reality (MR))""}, {""sourceRow"": 44, ""sourceColumn"": 0, ""cell"": ""A44"", ""text"": ""(i.e. any location in Australia outside of a capital city)""}, {""sourceRow"": 45, ""sourceColumn"": 0, ""cell"": ""A45"", ""text"": ""(i.e. other location combinations not listed above)""}, {""sourceRow"": 4, ""sourceColumn"": 1, ""cell"": ""B4"", ""text"": ""nil or rounded to zero""}, {""sourceRow"": 4, ""sourceColumn"": 3, ""cell"": ""D4"", ""text"": ""nil or rounded to zero""}, {""sourceRow"": 4, ""sourceColumn"": 4, ""cell"": ""E4"", ""text"": ""nil or rounded to zero""}, {""sourceRow"": 4, ""sourceColumn"": 5, ""cell"": ""F4"", ""text"": ""nil or rounded to zero""}, {""sourceRow"": 4, ""sourceColumn"": 6, ""cell"": ""G4"", ""text"": ""nil or rounded to zero""}, {""sourceRow"": 4, ""sourceColumn"": 7, ""cell"": ""H4"", ""text"": ""nil or rounded to zero""}, {""sourceRow"": 4, ""sourceColumn"": 8, ""cell"": ""I4"", ""text"": ""nil or rounded to zero""}, {""sourceRow"": 4, ""sourceColumn"": 9, ""cell"": ""J4"", ""text"": ""nil or rounded to zero""}, {""sourceRow"": 4, ""sourceColumn"": 10, ""cell"": ""K4"", ""text"": ""nil or rounded to zero""}, {""sourceRow"": 4, ""sourceColumn"": 11, ""cell"": ""L4"", ""text"": ""nil or rounded to zero""}, {""sourceRow"": 4, ""sourceColumn"": 12, ""cell"": ""M4"", ""text"": ""nil or rounded to zero""}]",Online forms
erp,Operational systems,2024-25:6-2:8,2024-25,2024–25,Enterprise Resource Planning software (ERP),Enterprise Resource Planning software (ERP),"Proportions are of all businesses in each output category. Businesses could select more than one option. Coverage includes Agriculture, Forestry and Fishing.",Employing businesses; ABS exclusions apply. Agriculture included in selected table.,ANZSIC 2006 (Revision 2.0),0–4; 5–19; 20–199; 200+ persons; overlapping 0–19 subtotal excluded,C,2024-25,data_2024-25/BCSDC06_2024–25.xlsx | Table 2 | https://www.abs.gov.au/methodologies/characteristics-australian-business-methodology/2024-25,Survey redevelopment and/or item context changed. Keep this wave separate; no temporal change calculated.,None,Codex source-cell audit; conservative research gate,2026-09-14,"[{""row"": 1, ""values"": [""This tab contains a single table presenting the types of ICTs businesses reported using during the year ended 30 June 2025. It ranges from cell A1 to M50."", """", """", """", """", """", """", """", """", """", """", """", """"]}, {""row"": 2, ""values"": [""Table 2: Selected ICTs used by the business, by employment size, by industry, by state/territory, by location — year ended 30 June 2025"", """", """", """", """", """", """", """", """", """", """", """", """"]}, {""row"": 3, ""values"": [""Characteristics of Australian businesses, 2024–25"", """", """", """", """", """", """", """", """", """", """", """", """"]}, {""row"": 4, ""values"": ["""", """", ""Digital platforms:"", """", """", """", """", """", """", """", """", """", """"]}, {""row"": 5, ""values"": ["""", ""Cloud technology"", ""internal digital platforms"", ""public digital platforms"", ""any digital platforms"", ""Customer Relationship Management software (CRM)"", ""Electronic Data Interchange (EDI)"", ""Internet of Things (IoT)"", ""Data analytics"", ""Enterprise Resource Planning software (ERP)"", ""3D Printing"", ""Artificial intelligence (AI)"", ""Extended reality (XR) technologies""]}, {""row"": 6, ""values"": ["""", ""%"", ""%"", ""%"", ""%"", ""%"", ""%"", ""%"", ""%"", ""%"", ""%"", ""%"", ""%""]}]","[{""sourceRow"": 47, ""sourceColumn"": 0, ""cell"": ""A47"", ""text"": ""—  nil or rounded to zero (including null cells).""}, {""sourceRow"": 48, ""sourceColumn"": 0, ""cell"": ""A48"", ""text"": ""np not available for publication but included in totals where applicable, unless otherwise indicated.""}, {""sourceRow"": 49, ""sourceColumn"": 0, ""cell"": ""A49"", ""text"": ""^ estimate has a relative standard error of 10% to less than 25% and should be used with caution.""}, {""sourceRow"": 50, ""sourceColumn"": 0, ""cell"": ""A50"", ""text"": ""© Commonwealth of Australia""}, {""sourceRow"": 2, ""sourceColumn"": 0, ""cell"": ""A2"", ""text"": ""Proportions are of all businesses in each output category. Businesses could select more than one option.""}, {""sourceRow"": 5, ""sourceColumn"": 1, ""cell"": ""B5"", ""text"": ""(e.g. Google Drive, Microsoft 365, Amazon Web Services, MYOB Acumatica, Xero, QuickBooks Online)""}, {""sourceRow"": 5, ""sourceColumn"": 2, ""cell"": ""C5"", ""text"": ""(i.e. software or applications used within the business, including accounting software, email, phone, and video facilities, etc.)""}, {""sourceRow"": 5, ""sourceColumn"": 3, ""cell"": ""D5"", ""text"": ""(e.g. Facebook, LinkedIn, Instagram, X/Twitter, WeChat)""}, {""sourceRow"": 5, ""sourceColumn"": 6, ""cell"": ""G5"", ""text"": ""(i.e. computer-to-computer exchange of purchase orders and invoices in a standard electronic format between business partners)""}, {""sourceRow"": 5, ""sourceColumn"": 7, ""cell"": ""H5"", ""text"": ""(e.g. smart meters, smart security systems, smart appliances, connected vehicles, wireless inventory trackers, shipping or logistics tracking)""}, {""sourceRow"": 5, ""sourceColumn"": 8, ""cell"": ""I5"", ""text"": ""(e.g. big data analytics tools or geospatial technology)""}, {""sourceRow"": 5, ""sourceColumn"": 11, ""cell"": ""L5"", ""text"": ""(e.g. machine learning, advanced robotics)""}, {""sourceRow"": 5, ""sourceColumn"": 12, ""cell"": ""M5"", ""text"": ""(i.e. virtual reality (VR), augmented reality (AR), or mixed reality (MR))""}, {""sourceRow"": 44, ""sourceColumn"": 0, ""cell"": ""A44"", ""text"": ""(i.e. any location in Australia outside of a capital city)""}, {""sourceRow"": 45, ""sourceColumn"": 0, ""cell"": ""A45"", ""text"": ""(i.e. other location combinations not listed above)""}, {""sourceRow"": 4, ""sourceColumn"": 1, ""cell"": ""B4"", ""text"": ""nil or rounded to zero""}, {""sourceRow"": 4, ""sourceColumn"": 3, ""cell"": ""D4"", ""text"": ""nil or rounded to zero""}, {""sourceRow"": 4, ""sourceColumn"": 4, ""cell"": ""E4"", ""text"": ""nil or rounded to zero""}, {""sourceRow"": 4, ""sourceColumn"": 5, ""cell"": ""F4"", ""text"": ""nil or rounded to zero""}, {""sourceRow"": 4, ""sourceColumn"": 6, ""cell"": ""G4"", ""text"": ""nil or rounded to zero""}, {""sourceRow"": 4, ""sourceColumn"": 7, ""cell"": ""H4"", ""text"": ""nil or rounded to zero""}, {""sourceRow"": 4, ""sourceColumn"": 8, ""cell"": ""I4"", ""text"": ""nil or rounded to zero""}, {""sourceRow"": 4, ""sourceColumn"": 9, ""cell"": ""J4"", ""text"": ""nil or rounded to zero""}, {""sourceRow"": 4, ""sourceColumn"": 10, ""cell"": ""K4"", ""text"": ""nil or rounded to zero""}, {""sourceRow"": 4, ""sourceColumn"": 11, ""cell"": ""L4"", ""text"": ""nil or rounded to zero""}, {""sourceRow"": 4, ""sourceColumn"": 12, ""cell"": ""M4"", ""text"": ""nil or rounded to zero""}]",Online forms
printing,Advanced technologies,2024-25:6-2:9,2024-25,2024–25,3D Printing,3D Printing,"Proportions are of all businesses in each output category. Businesses could select more than one option. Coverage includes Agriculture, Forestry and Fishing.",Employing businesses; ABS exclusions apply. Agriculture included in selected table.,ANZSIC 2006 (Revision 2.0),0–4; 5–19; 20–199; 200+ persons; overlapping 0–19 subtotal excluded,C,2024-25,data_2024-25/BCSDC06_2024–25.xlsx | Table 2 | https://www.abs.gov.au/methodologies/characteristics-australian-business-methodology/2024-25,Survey redevelopment and/or item context changed. Keep this wave separate; no temporal change calculated.,None,Codex source-cell audit; conservative research gate,2026-09-14,"[{""row"": 1, ""values"": [""This tab contains a single table presenting the types of ICTs businesses reported using during the year ended 30 June 2025. It ranges from cell A1 to M50."", """", """", """", """", """", """", """", """", """", """", """", """"]}, {""row"": 2, ""values"": [""Table 2: Selected ICTs used by the business, by employment size, by industry, by state/territory, by location — year ended 30 June 2025"", """", """", """", """", """", """", """", """", """", """", """", """"]}, {""row"": 3, ""values"": [""Characteristics of Australian businesses, 2024–25"", """", """", """", """", """", """", """", """", """", """", """", """"]}, {""row"": 4, ""values"": ["""", """", ""Digital platforms:"", """", """", """", """", """", """", """", """", """", """"]}, {""row"": 5, ""values"": ["""", ""Cloud technology"", ""internal digital platforms"", ""public digital platforms"", ""any digital platforms"", ""Customer Relationship Management software (CRM)"", ""Electronic Data Interchange (EDI)"", ""Internet of Things (IoT)"", ""Data analytics"", ""Enterprise Resource Planning software (ERP)"", ""3D Printing"", ""Artificial intelligence (AI)"", ""Extended reality (XR) technologies""]}, {""row"": 6, ""values"": ["""", ""%"", ""%"", ""%"", ""%"", ""%"", ""%"", ""%"", ""%"", ""%"", ""%"", ""%"", ""%""]}]","[{""sourceRow"": 47, ""sourceColumn"": 0, ""cell"": ""A47"", ""text"": ""—  nil or rounded to zero (including null cells).""}, {""sourceRow"": 48, ""sourceColumn"": 0, ""cell"": ""A48"", ""text"": ""np not available for publication but included in totals where applicable, unless otherwise indicated.""}, {""sourceRow"": 49, ""sourceColumn"": 0, ""cell"": ""A49"", ""text"": ""^ estimate has a relative standard error of 10% to less than 25% and should be used with caution.""}, {""sourceRow"": 50, ""sourceColumn"": 0, ""cell"": ""A50"", ""text"": ""© Commonwealth of Australia""}, {""sourceRow"": 2, ""sourceColumn"": 0, ""cell"": ""A2"", ""text"": ""Proportions are of all businesses in each output category. Businesses could select more than one option.""}, {""sourceRow"": 5, ""sourceColumn"": 1, ""cell"": ""B5"", ""text"": ""(e.g. Google Drive, Microsoft 365, Amazon Web Services, MYOB Acumatica, Xero, QuickBooks Online)""}, {""sourceRow"": 5, ""sourceColumn"": 2, ""cell"": ""C5"", ""text"": ""(i.e. software or applications used within the business, including accounting software, email, phone, and video facilities, etc.)""}, {""sourceRow"": 5, ""sourceColumn"": 3, ""cell"": ""D5"", ""text"": ""(e.g. Facebook, LinkedIn, Instagram, X/Twitter, WeChat)""}, {""sourceRow"": 5, ""sourceColumn"": 6, ""cell"": ""G5"", ""text"": ""(i.e. computer-to-computer exchange of purchase orders and invoices in a standard electronic format between business partners)""}, {""sourceRow"": 5, ""sourceColumn"": 7, ""cell"": ""H5"", ""text"": ""(e.g. smart meters, smart security systems, smart appliances, connected vehicles, wireless inventory trackers, shipping or logistics tracking)""}, {""sourceRow"": 5, ""sourceColumn"": 8, ""cell"": ""I5"", ""text"": ""(e.g. big data analytics tools or geospatial technology)""}, {""sourceRow"": 5, ""sourceColumn"": 11, ""cell"": ""L5"", ""text"": ""(e.g. machine learning, advanced robotics)""}, {""sourceRow"": 5, ""sourceColumn"": 12, ""cell"": ""M5"", ""text"": ""(i.e. virtual reality (VR), augmented reality (AR), or mixed reality (MR))""}, {""sourceRow"": 44, ""sourceColumn"": 0, ""cell"": ""A44"", ""text"": ""(i.e. any location in Australia outside of a capital city)""}, {""sourceRow"": 45, ""sourceColumn"": 0, ""cell"": ""A45"", ""text"": ""(i.e. other location combinations not listed above)""}, {""sourceRow"": 4, ""sourceColumn"": 1, ""cell"": ""B4"", ""text"": ""nil or rounded to zero""}, {""sourceRow"": 4, ""sourceColumn"": 3, ""cell"": ""D4"", ""text"": ""nil or rounded to zero""}, {""sourceRow"": 4, ""sourceColumn"": 4, ""cell"": ""E4"", ""text"": ""nil or rounded to zero""}, {""sourceRow"": 4, ""sourceColumn"": 5, ""cell"": ""F4"", ""text"": ""nil or rounded to zero""}, {""sourceRow"": 4, ""sourceColumn"": 6, ""cell"": ""G4"", ""text"": ""nil or rounded to zero""}, {""sourceRow"": 4, ""sourceColumn"": 7, ""cell"": ""H4"", ""text"": ""nil or rounded to zero""}, {""sourceRow"": 4, ""sourceColumn"": 8, ""cell"": ""I4"", ""text"": ""nil or rounded to zero""}, {""sourceRow"": 4, ""sourceColumn"": 9, ""cell"": ""J4"", ""text"": ""nil or rounded to zero""}, {""sourceRow"": 4, ""sourceColumn"": 10, ""cell"": ""K4"", ""text"": ""nil or rounded to zero""}, {""sourceRow"": 4, ""sourceColumn"": 11, ""cell"": ""L4"", ""text"": ""nil or rounded to zero""}, {""sourceRow"": 4, ""sourceColumn"": 12, ""cell"": ""M4"", ""text"": ""nil or rounded to zero""}]",Online forms
ai,Advanced technologies,2024-25:6-2:10,2024-25,2024–25,Artificial intelligence (AI),Artificial intelligence (AI),"Proportions are of all businesses in each output category. Businesses could select more than one option. Coverage includes Agriculture, Forestry and Fishing.",Employing businesses; ABS exclusions apply. Agriculture included in selected table.,ANZSIC 2006 (Revision 2.0),0–4; 5–19; 20–199; 200+ persons; overlapping 0–19 subtotal excluded,C,2024-25,data_2024-25/BCSDC06_2024–25.xlsx | Table 2 | https://www.abs.gov.au/methodologies/characteristics-australian-business-methodology/2024-25,Survey redevelopment and/or item context changed. Keep this wave separate; no temporal change calculated.,None,Codex source-cell audit; conservative research gate,2026-09-14,"[{""row"": 1, ""values"": [""This tab contains a single table presenting the types of ICTs businesses reported using during the year ended 30 June 2025. It ranges from cell A1 to M50."", """", """", """", """", """", """", """", """", """", """", """", """"]}, {""row"": 2, ""values"": [""Table 2: Selected ICTs used by the business, by employment size, by industry, by state/territory, by location — year ended 30 June 2025"", """", """", """", """", """", """", """", """", """", """", """", """"]}, {""row"": 3, ""values"": [""Characteristics of Australian businesses, 2024–25"", """", """", """", """", """", """", """", """", """", """", """", """"]}, {""row"": 4, ""values"": ["""", """", ""Digital platforms:"", """", """", """", """", """", """", """", """", """", """"]}, {""row"": 5, ""values"": ["""", ""Cloud technology"", ""internal digital platforms"", ""public digital platforms"", ""any digital platforms"", ""Customer Relationship Management software (CRM)"", ""Electronic Data Interchange (EDI)"", ""Internet of Things (IoT)"", ""Data analytics"", ""Enterprise Resource Planning software (ERP)"", ""3D Printing"", ""Artificial intelligence (AI)"", ""Extended reality (XR) technologies""]}, {""row"": 6, ""values"": ["""", ""%"", ""%"", ""%"", ""%"", ""%"", ""%"", ""%"", ""%"", ""%"", ""%"", ""%"", ""%""]}]","[{""sourceRow"": 47, ""sourceColumn"": 0, ""cell"": ""A47"", ""text"": ""—  nil or rounded to zero (including null cells).""}, {""sourceRow"": 48, ""sourceColumn"": 0, ""cell"": ""A48"", ""text"": ""np not available for publication but included in totals where applicable, unless otherwise indicated.""}, {""sourceRow"": 49, ""sourceColumn"": 0, ""cell"": ""A49"", ""text"": ""^ estimate has a relative standard error of 10% to less than 25% and should be used with caution.""}, {""sourceRow"": 50, ""sourceColumn"": 0, ""cell"": ""A50"", ""text"": ""© Commonwealth of Australia""}, {""sourceRow"": 2, ""sourceColumn"": 0, ""cell"": ""A2"", ""text"": ""Proportions are of all businesses in each output category. Businesses could select more than one option.""}, {""sourceRow"": 5, ""sourceColumn"": 1, ""cell"": ""B5"", ""text"": ""(e.g. Google Drive, Microsoft 365, Amazon Web Services, MYOB Acumatica, Xero, QuickBooks Online)""}, {""sourceRow"": 5, ""sourceColumn"": 2, ""cell"": ""C5"", ""text"": ""(i.e. software or applications used within the business, including accounting software, email, phone, and video facilities, etc.)""}, {""sourceRow"": 5, ""sourceColumn"": 3, ""cell"": ""D5"", ""text"": ""(e.g. Facebook, LinkedIn, Instagram, X/Twitter, WeChat)""}, {""sourceRow"": 5, ""sourceColumn"": 6, ""cell"": ""G5"", ""text"": ""(i.e. computer-to-computer exchange of purchase orders and invoices in a standard electronic format between business partners)""}, {""sourceRow"": 5, ""sourceColumn"": 7, ""cell"": ""H5"", ""text"": ""(e.g. smart meters, smart security systems, smart appliances, connected vehicles, wireless inventory trackers, shipping or logistics tracking)""}, {""sourceRow"": 5, ""sourceColumn"": 8, ""cell"": ""I5"", ""text"": ""(e.g. big data analytics tools or geospatial technology)""}, {""sourceRow"": 5, ""sourceColumn"": 11, ""cell"": ""L5"", ""text"": ""(e.g. machine learning, advanced robotics)""}, {""sourceRow"": 5, ""sourceColumn"": 12, ""cell"": ""M5"", ""text"": ""(i.e. virtual reality (VR), augmented reality (AR), or mixed reality (MR))""}, {""sourceRow"": 44, ""sourceColumn"": 0, ""cell"": ""A44"", ""text"": ""(i.e. any location in Australia outside of a capital city)""}, {""sourceRow"": 45, ""sourceColumn"": 0, ""cell"": ""A45"", ""text"": ""(i.e. other location combinations not listed above)""}, {""sourceRow"": 4, ""sourceColumn"": 1, ""cell"": ""B4"", ""text"": ""nil or rounded to zero""}, {""sourceRow"": 4, ""sourceColumn"": 3, ""cell"": ""D4"", ""text"": ""nil or rounded to zero""}, {""sourceRow"": 4, ""sourceColumn"": 4, ""cell"": ""E4"", ""text"": ""nil or rounded to zero""}, {""sourceRow"": 4, ""sourceColumn"": 5, ""cell"": ""F4"", ""text"": ""nil or rounded to zero""}, {""sourceRow"": 4, ""sourceColumn"": 6, ""cell"": ""G4"", ""text"": ""nil or rounded to zero""}, {""sourceRow"": 4, ""sourceColumn"": 7, ""cell"": ""H4"", ""text"": ""nil or rounded to zero""}, {""sourceRow"": 4, ""sourceColumn"": 8, ""cell"": ""I4"", ""text"": ""nil or rounded to zero""}, {""sourceRow"": 4, ""sourceColumn"": 9, ""cell"": ""J4"", ""text"": ""nil or rounded to zero""}, {""sourceRow"": 4, ""sourceColumn"": 10, ""cell"": ""K4"", ""text"": ""nil or rounded to zero""}, {""sourceRow"": 4, ""sourceColumn"": 11, ""cell"": ""L4"", ""text"": ""nil or rounded to zero""}, {""sourceRow"": 4, ""sourceColumn"": 12, ""cell"": ""M4"", ""text"": ""nil or rounded to zero""}]",Online forms
strategy,Digital management,2024-25:6-1:0,2024-25,2024–25,Had a digital business strategy,Had a digital business strategy,"Proportions are of all businesses in each output category. Businesses could select more than one option. Coverage includes Agriculture, Forestry and Fishing.",Employing businesses; ABS exclusions apply. Agriculture included in selected table.,ANZSIC 2006 (Revision 2.0),0–4; 5–19; 20–199; 200+ persons; overlapping 0–19 subtotal excluded,C,2024-25,data_2024-25/BCSDC06_2024–25.xlsx | Table 1 | https://www.abs.gov.au/methodologies/characteristics-australian-business-methodology/2024-25,Survey redevelopment and/or item context changed. Keep this wave separate; no temporal change calculated.,None,Codex source-cell audit; conservative research gate,2026-09-14,"[{""row"": 1, ""values"": [""This tab contains a single table presenting digital practices businesses reported following during the year ended 30 June 2025. It ranges from cell A1 to K47."", """", """", """", """", """", """", """", """", """", """"]}, {""row"": 2, ""values"": [""Table 1: Digital practices, by employment size, by industry, by state/territory, by location — year ended 30 June 2025"", """", """", """", """", """", """", """", """", """", """"]}, {""row"": 3, ""values"": [""Characteristics of Australian businesses, 2024–25"", """", """", """", """", """", """", """", """", """", """"]}, {""row"": 4, ""values"": ["""", ""Had a digital business strategy"", ""Measured the contribution of digital activities to overall business performance"", ""Shifted production towards goods or services that use ICT more intensively"", ""Undertook a review to enable automation of existing processes"", ""Actively sought out digital technologies to improve business processes"", ""Invested in new digital technologies or infrastructure"", ""Upgraded cyber security software, standards, or protocols"", ""Reviewed current contracted internet plan"", ""Actively collected and/or analysed data to make informed decisions"", ""Used predictive analysis to plan its business activities""]}, {""row"": 5, ""values"": ["""", ""%"", ""%"", ""%"", ""%"", ""%"", ""%"", ""%"", ""%"", ""%"", ""%""]}]","[{""sourceRow"": 46, ""sourceColumn"": 0, ""cell"": ""A46"", ""text"": ""^ estimate has a relative standard error of 10% to less than 25% and should be used with caution.""}, {""sourceRow"": 47, ""sourceColumn"": 0, ""cell"": ""A47"", ""text"": ""© Commonwealth of Australia""}, {""sourceRow"": 2, ""sourceColumn"": 0, ""cell"": ""A2"", ""text"": ""Proportions are of all businesses in each output category. Businesses could select more than one option.""}, {""sourceRow"": 4, ""sourceColumn"": 10, ""cell"": ""K4"", ""text"": ""(e.g. forecasting)""}, {""sourceRow"": 43, ""sourceColumn"": 0, ""cell"": ""A43"", ""text"": ""(i.e. any location in Australia outside of a capital city)""}, {""sourceRow"": 44, ""sourceColumn"": 0, ""cell"": ""A44"", ""text"": ""(i.e. other location combinations not listed above)""}]",Online forms
measure,Digital management,2024-25:6-1:1,2024-25,2024–25,Measured the contribution of digital activities to overall business performance,Measured the contribution of digital activities to overall business performance,"Proportions are of all businesses in each output category. Businesses could select more than one option. Coverage includes Agriculture, Forestry and Fishing.",Employing businesses; ABS exclusions apply. Agriculture included in selected table.,ANZSIC 2006 (Revision 2.0),0–4; 5–19; 20–199; 200+ persons; overlapping 0–19 subtotal excluded,C,2024-25,data_2024-25/BCSDC06_2024–25.xlsx | Table 1 | https://www.abs.gov.au/methodologies/characteristics-australian-business-methodology/2024-25,Survey redevelopment and/or item context changed. Keep this wave separate; no temporal change calculated.,None,Codex source-cell audit; conservative research gate,2026-09-14,"[{""row"": 1, ""values"": [""This tab contains a single table presenting digital practices businesses reported following during the year ended 30 June 2025. It ranges from cell A1 to K47."", """", """", """", """", """", """", """", """", """", """"]}, {""row"": 2, ""values"": [""Table 1: Digital practices, by employment size, by industry, by state/territory, by location — year ended 30 June 2025"", """", """", """", """", """", """", """", """", """", """"]}, {""row"": 3, ""values"": [""Characteristics of Australian businesses, 2024–25"", """", """", """", """", """", """", """", """", """", """"]}, {""row"": 4, ""values"": ["""", ""Had a digital business strategy"", ""Measured the contribution of digital activities to overall business performance"", ""Shifted production towards goods or services that use ICT more intensively"", ""Undertook a review to enable automation of existing processes"", ""Actively sought out digital technologies to improve business processes"", ""Invested in new digital technologies or infrastructure"", ""Upgraded cyber security software, standards, or protocols"", ""Reviewed current contracted internet plan"", ""Actively collected and/or analysed data to make informed decisions"", ""Used predictive analysis to plan its business activities""]}, {""row"": 5, ""values"": ["""", ""%"", ""%"", ""%"", ""%"", ""%"", ""%"", ""%"", ""%"", ""%"", ""%""]}]","[{""sourceRow"": 46, ""sourceColumn"": 0, ""cell"": ""A46"", ""text"": ""^ estimate has a relative standard error of 10% to less than 25% and should be used with caution.""}, {""sourceRow"": 47, ""sourceColumn"": 0, ""cell"": ""A47"", ""text"": ""© Commonwealth of Australia""}, {""sourceRow"": 2, ""sourceColumn"": 0, ""cell"": ""A2"", ""text"": ""Proportions are of all businesses in each output category. Businesses could select more than one option.""}, {""sourceRow"": 4, ""sourceColumn"": 10, ""cell"": ""K4"", ""text"": ""(e.g. forecasting)""}, {""sourceRow"": 43, ""sourceColumn"": 0, ""cell"": ""A43"", ""text"": ""(i.e. any location in Australia outside of a capital city)""}, {""sourceRow"": 44, ""sourceColumn"": 0, ""cell"": ""A44"", ""text"": ""(i.e. other location combinations not listed above)""}]",Online forms
security,Digital management,2024-25:6-1:6,2024-25,2024–25,"Upgraded cyber security software, standards, or protocols","Upgraded cyber security software, standards, or protocols","Proportions are of all businesses in each output category. Businesses could select more than one option. Coverage includes Agriculture, Forestry and Fishing.",Employing businesses; ABS exclusions apply. Agriculture included in selected table.,ANZSIC 2006 (Revision 2.0),0–4; 5–19; 20–199; 200+ persons; overlapping 0–19 subtotal excluded,C,2024-25,data_2024-25/BCSDC06_2024–25.xlsx | Table 1 | https://www.abs.gov.au/methodologies/characteristics-australian-business-methodology/2024-25,Survey redevelopment and/or item context changed. Keep this wave separate; no temporal change calculated.,None,Codex source-cell audit; conservative research gate,2026-09-14,"[{""row"": 1, ""values"": [""This tab contains a single table presenting digital practices businesses reported following during the year ended 30 June 2025. It ranges from cell A1 to K47."", """", """", """", """", """", """", """", """", """", """"]}, {""row"": 2, ""values"": [""Table 1: Digital practices, by employment size, by industry, by state/territory, by location — year ended 30 June 2025"", """", """", """", """", """", """", """", """", """", """"]}, {""row"": 3, ""values"": [""Characteristics of Australian businesses, 2024–25"", """", """", """", """", """", """", """", """", """", """"]}, {""row"": 4, ""values"": ["""", ""Had a digital business strategy"", ""Measured the contribution of digital activities to overall business performance"", ""Shifted production towards goods or services that use ICT more intensively"", ""Undertook a review to enable automation of existing processes"", ""Actively sought out digital technologies to improve business processes"", ""Invested in new digital technologies or infrastructure"", ""Upgraded cyber security software, standards, or protocols"", ""Reviewed current contracted internet plan"", ""Actively collected and/or analysed data to make informed decisions"", ""Used predictive analysis to plan its business activities""]}, {""row"": 5, ""values"": ["""", ""%"", ""%"", ""%"", ""%"", ""%"", ""%"", ""%"", ""%"", ""%"", ""%""]}]","[{""sourceRow"": 46, ""sourceColumn"": 0, ""cell"": ""A46"", ""text"": ""^ estimate has a relative standard error of 10% to less than 25% and should be used with caution.""}, {""sourceRow"": 47, ""sourceColumn"": 0, ""cell"": ""A47"", ""text"": ""© Commonwealth of Australia""}, {""sourceRow"": 2, ""sourceColumn"": 0, ""cell"": ""A2"", ""text"": ""Proportions are of all businesses in each output category. Businesses could select more than one option.""}, {""sourceRow"": 4, ""sourceColumn"": 10, ""cell"": ""K4"", ""text"": ""(e.g. forecasting)""}, {""sourceRow"": 43, ""sourceColumn"": 0, ""cell"": ""A43"", ""text"": ""(i.e. any location in Australia outside of a capital city)""}, {""sourceRow"": 44, ""sourceColumn"": 0, ""cell"": ""A44"", ""text"": ""(i.e. other location combinations not listed above)""}]",Online forms
collected,Data capability,2024-25:6-1:8,2024-25,2024–25,Actively collected and/or analysed data to make informed decisions,Actively collected and/or analysed data to make informed decisions,"Proportions are of all businesses in each output category. Businesses could select more than one option. Coverage includes Agriculture, Forestry and Fishing.",Employing businesses; ABS exclusions apply. Agriculture included in selected table.,ANZSIC 2006 (Revision 2.0),0–4; 5–19; 20–199; 200+ persons; overlapping 0–19 subtotal excluded,C,2024-25,data_2024-25/BCSDC06_2024–25.xlsx | Table 1 | https://www.abs.gov.au/methodologies/characteristics-australian-business-methodology/2024-25,Survey redevelopment and/or item context changed. Keep this wave separate; no temporal change calculated.,None,Codex source-cell audit; conservative research gate,2026-09-14,"[{""row"": 1, ""values"": [""This tab contains a single table presenting digital practices businesses reported following during the year ended 30 June 2025. It ranges from cell A1 to K47."", """", """", """", """", """", """", """", """", """", """"]}, {""row"": 2, ""values"": [""Table 1: Digital practices, by employment size, by industry, by state/territory, by location — year ended 30 June 2025"", """", """", """", """", """", """", """", """", """", """"]}, {""row"": 3, ""values"": [""Characteristics of Australian businesses, 2024–25"", """", """", """", """", """", """", """", """", """", """"]}, {""row"": 4, ""values"": ["""", ""Had a digital business strategy"", ""Measured the contribution of digital activities to overall business performance"", ""Shifted production towards goods or services that use ICT more intensively"", ""Undertook a review to enable automation of existing processes"", ""Actively sought out digital technologies to improve business processes"", ""Invested in new digital technologies or infrastructure"", ""Upgraded cyber security software, standards, or protocols"", ""Reviewed current contracted internet plan"", ""Actively collected and/or analysed data to make informed decisions"", ""Used predictive analysis to plan its business activities""]}, {""row"": 5, ""values"": ["""", ""%"", ""%"", ""%"", ""%"", ""%"", ""%"", ""%"", ""%"", ""%"", ""%""]}]","[{""sourceRow"": 46, ""sourceColumn"": 0, ""cell"": ""A46"", ""text"": ""^ estimate has a relative standard error of 10% to less than 25% and should be used with caution.""}, {""sourceRow"": 47, ""sourceColumn"": 0, ""cell"": ""A47"", ""text"": ""© Commonwealth of Australia""}, {""sourceRow"": 2, ""sourceColumn"": 0, ""cell"": ""A2"", ""text"": ""Proportions are of all businesses in each output category. Businesses could select more than one option.""}, {""sourceRow"": 4, ""sourceColumn"": 10, ""cell"": ""K4"", ""text"": ""(e.g. forecasting)""}, {""sourceRow"": 43, ""sourceColumn"": 0, ""cell"": ""A43"", ""text"": ""(i.e. any location in Australia outside of a capital city)""}, {""sourceRow"": 44, ""sourceColumn"": 0, ""cell"": ""A44"", ""text"": ""(i.e. other location combinations not listed above)""}]",Online forms
predictive,Data capability,2024-25:6-1:9,2024-25,2024–25,Used predictive analysis to plan its business activities,Used predictive analysis to plan its business activities,"Proportions are of all businesses in each output category. Businesses could select more than one option. Coverage includes Agriculture, Forestry and Fishing.",Employing businesses; ABS exclusions apply. Agriculture included in selected table.,ANZSIC 2006 (Revision 2.0),0–4; 5–19; 20–199; 200+ persons; overlapping 0–19 subtotal excluded,C,2024-25,data_2024-25/BCSDC06_2024–25.xlsx | Table 1 | https://www.abs.gov.au/methodologies/characteristics-australian-business-methodology/2024-25,Survey redevelopment and/or item context changed. Keep this wave separate; no temporal change calculated.,None,Codex source-cell audit; conservative research gate,2026-09-14,"[{""row"": 1, ""values"": [""This tab contains a single table presenting digital practices businesses reported following during the year ended 30 June 2025. It ranges from cell A1 to K47."", """", """", """", """", """", """", """", """", """", """"]}, {""row"": 2, ""values"": [""Table 1: Digital practices, by employment size, by industry, by state/territory, by location — year ended 30 June 2025"", """", """", """", """", """", """", """", """", """", """"]}, {""row"": 3, ""values"": [""Characteristics of Australian businesses, 2024–25"", """", """", """", """", """", """", """", """", """", """"]}, {""row"": 4, ""values"": ["""", ""Had a digital business strategy"", ""Measured the contribution of digital activities to overall business performance"", ""Shifted production towards goods or services that use ICT more intensively"", ""Undertook a review to enable automation of existing processes"", ""Actively sought out digital technologies to improve business processes"", ""Invested in new digital technologies or infrastructure"", ""Upgraded cyber security software, standards, or protocols"", ""Reviewed current contracted internet plan"", ""Actively collected and/or analysed data to make informed decisions"", ""Used predictive analysis to plan its business activities""]}, {""row"": 5, ""values"": ["""", ""%"", ""%"", ""%"", ""%"", ""%"", ""%"", ""%"", ""%"", ""%"", ""%""]}]","[{""sourceRow"": 46, ""sourceColumn"": 0, ""cell"": ""A46"", ""text"": ""^ estimate has a relative standard error of 10% to less than 25% and should be used with caution.""}, {""sourceRow"": 47, ""sourceColumn"": 0, ""cell"": ""A47"", ""text"": ""© Commonwealth of Australia""}, {""sourceRow"": 2, ""sourceColumn"": 0, ""cell"": ""A2"", ""text"": ""Proportions are of all businesses in each output category. Businesses could select more than one option.""}, {""sourceRow"": 4, ""sourceColumn"": 10, ""cell"": ""K4"", ""text"": ""(e.g. forecasting)""}, {""sourceRow"": 43, ""sourceColumn"": 0, ""cell"": ""A43"", ""text"": ""(i.e. any location in Australia outside of a capital city)""}, {""sourceRow"": 44, ""sourceColumn"": 0, ""cell"": ""A44"", ""text"": ""(i.e. other location combinations not listed above)""}]",Online forms
customer,Digital value,2024-25:6-3:0,2024-25,2024–25,Improved responsiveness to customer needs,Improved responsiveness to customer needs,"Proportions are of all businesses in each output category. Businesses could select more than one option. Coverage includes Agriculture, Forestry and Fishing.",Employing businesses; ABS exclusions apply. Agriculture included in selected table.,ANZSIC 2006 (Revision 2.0),0–4; 5–19; 20–199; 200+ persons; overlapping 0–19 subtotal excluded,C,2024-25,data_2024-25/BCSDC06_2024–25.xlsx | Table 3 | https://www.abs.gov.au/methodologies/characteristics-australian-business-methodology/2024-25,Survey redevelopment and/or item context changed. Keep this wave separate; no temporal change calculated.,None,Codex source-cell audit; conservative research gate,2026-09-14,"[{""row"": 1, ""values"": [""This tab contains a single table presenting the outcomes for which businesses reported their use of ICTs was important during the year ended 30 June 2025. It ranges from cell A1 to P49."", """", """", """", """", """", """", """", """", """", """", """", """", """", """", """"]}, {""row"": 2, ""values"": [""Table 3: Outcomes for which the business's use of ICTs was important, by employment size, by industry, by state/territory, by location — year ended 30 June 2025"", """", """", """", """", """", """", """", """", """", """", """", """", """", """", """"]}, {""row"": 3, ""values"": [""Characteristics of Australian businesses, 2024–25"", """", """", """", """", """", """", """", """", """", """", """", """", """", """", """"]}, {""row"": 4, ""values"": ["""", ""Improved responsiveness to customer needs"", ""Greater understanding of markets"", ""Better sales or marketing methods"", ""Introduced goods or services not possible without ICT"", ""Reduced prices from suppliers"", ""Improved efficiency of workflow, inventory management, or ordering systems"", ""Improved data security and privacy"", ""Better coordination of staff and business activities"", ""Improved efficiency of production processes"", ""Improved management of quality"", ""Improved management information systems"", ""New opportunities to enter or expand markets"", ""Shifted activities to other businesses"", ""Improved collaboration with other businesses"", ""Other outcomes""]}, {""row"": 5, ""values"": ["""", ""%"", ""%"", ""%"", ""%"", ""%"", ""%"", ""%"", ""%"", ""%"", ""%"", ""%"", ""%"", ""%"", ""%"", ""%""]}]","[{""sourceRow"": 46, ""sourceColumn"": 0, ""cell"": ""A46"", ""text"": ""—  nil or rounded to zero (including null cells).""}, {""sourceRow"": 47, ""sourceColumn"": 0, ""cell"": ""A47"", ""text"": ""np not available for publication but included in totals where applicable, unless otherwise indicated.""}, {""sourceRow"": 48, ""sourceColumn"": 0, ""cell"": ""A48"", ""text"": ""^ estimate has a relative standard error of 10% to less than 25% and should be used with caution.""}, {""sourceRow"": 49, ""sourceColumn"": 0, ""cell"": ""A49"", ""text"": ""© Commonwealth of Australia""}, {""sourceRow"": 2, ""sourceColumn"": 0, ""cell"": ""A2"", ""text"": ""Proportions are of all businesses in each output category. Businesses could select more than one option.""}, {""sourceRow"": 4, ""sourceColumn"": 1, ""cell"": ""B4"", ""text"": ""(e.g. customised goods or services)""}, {""sourceRow"": 4, ""sourceColumn"": 2, ""cell"": ""C4"", ""text"": ""(e.g. analysing customer purchasing patterns)""}, {""sourceRow"": 4, ""sourceColumn"": 5, ""cell"": ""F4"", ""text"": ""(e.g. ability to shop around)""}, {""sourceRow"": 4, ""sourceColumn"": 6, ""cell"": ""G4"", ""text"": ""(e.g. just-in-time processes)""}, {""sourceRow"": 4, ""sourceColumn"": 9, ""cell"": ""J4"", ""text"": ""(e.g. due to reduced downtime or automation)""}, {""sourceRow"": 4, ""sourceColumn"": 11, ""cell"": ""L4"", ""text"": ""(e.g. real-time performance monitoring)""}, {""sourceRow"": 4, ""sourceColumn"": 13, ""cell"": ""N4"", ""text"": ""(e.g. contracting out payroll functions)""}, {""sourceRow"": 4, ""sourceColumn"": 14, ""cell"": ""O4"", ""text"": ""(e.g. joint development or marketing)""}, {""sourceRow"": 43, ""sourceColumn"": 0, ""cell"": ""A43"", ""text"": ""(i.e. any location in Australia outside of a capital city)""}, {""sourceRow"": 44, ""sourceColumn"": 0, ""cell"": ""A44"", ""text"": ""(i.e. other location combinations not listed above)""}]",Online forms
workflow,Digital value,2024-25:6-3:5,2024-25,2024–25,"Improved efficiency of workflow, inventory management, or ordering systems","Improved efficiency of workflow, inventory management, or ordering systems","Proportions are of all businesses in each output category. Businesses could select more than one option. Coverage includes Agriculture, Forestry and Fishing.",Employing businesses; ABS exclusions apply. Agriculture included in selected table.,ANZSIC 2006 (Revision 2.0),0–4; 5–19; 20–199; 200+ persons; overlapping 0–19 subtotal excluded,C,2024-25,data_2024-25/BCSDC06_2024–25.xlsx | Table 3 | https://www.abs.gov.au/methodologies/characteristics-australian-business-methodology/2024-25,Survey redevelopment and/or item context changed. Keep this wave separate; no temporal change calculated.,None,Codex source-cell audit; conservative research gate,2026-09-14,"[{""row"": 1, ""values"": [""This tab contains a single table presenting the outcomes for which businesses reported their use of ICTs was important during the year ended 30 June 2025. It ranges from cell A1 to P49."", """", """", """", """", """", """", """", """", """", """", """", """", """", """", """"]}, {""row"": 2, ""values"": [""Table 3: Outcomes for which the business's use of ICTs was important, by employment size, by industry, by state/territory, by location — year ended 30 June 2025"", """", """", """", """", """", """", """", """", """", """", """", """", """", """", """"]}, {""row"": 3, ""values"": [""Characteristics of Australian businesses, 2024–25"", """", """", """", """", """", """", """", """", """", """", """", """", """", """", """"]}, {""row"": 4, ""values"": ["""", ""Improved responsiveness to customer needs"", ""Greater understanding of markets"", ""Better sales or marketing methods"", ""Introduced goods or services not possible without ICT"", ""Reduced prices from suppliers"", ""Improved efficiency of workflow, inventory management, or ordering systems"", ""Improved data security and privacy"", ""Better coordination of staff and business activities"", ""Improved efficiency of production processes"", ""Improved management of quality"", ""Improved management information systems"", ""New opportunities to enter or expand markets"", ""Shifted activities to other businesses"", ""Improved collaboration with other businesses"", ""Other outcomes""]}, {""row"": 5, ""values"": ["""", ""%"", ""%"", ""%"", ""%"", ""%"", ""%"", ""%"", ""%"", ""%"", ""%"", ""%"", ""%"", ""%"", ""%"", ""%""]}]","[{""sourceRow"": 46, ""sourceColumn"": 0, ""cell"": ""A46"", ""text"": ""—  nil or rounded to zero (including null cells).""}, {""sourceRow"": 47, ""sourceColumn"": 0, ""cell"": ""A47"", ""text"": ""np not available for publication but included in totals where applicable, unless otherwise indicated.""}, {""sourceRow"": 48, ""sourceColumn"": 0, ""cell"": ""A48"", ""text"": ""^ estimate has a relative standard error of 10% to less than 25% and should be used with caution.""}, {""sourceRow"": 49, ""sourceColumn"": 0, ""cell"": ""A49"", ""text"": ""© Commonwealth of Australia""}, {""sourceRow"": 2, ""sourceColumn"": 0, ""cell"": ""A2"", ""text"": ""Proportions are of all businesses in each output category. Businesses could select more than one option.""}, {""sourceRow"": 4, ""sourceColumn"": 1, ""cell"": ""B4"", ""text"": ""(e.g. customised goods or services)""}, {""sourceRow"": 4, ""sourceColumn"": 2, ""cell"": ""C4"", ""text"": ""(e.g. analysing customer purchasing patterns)""}, {""sourceRow"": 4, ""sourceColumn"": 5, ""cell"": ""F4"", ""text"": ""(e.g. ability to shop around)""}, {""sourceRow"": 4, ""sourceColumn"": 6, ""cell"": ""G4"", ""text"": ""(e.g. just-in-time processes)""}, {""sourceRow"": 4, ""sourceColumn"": 9, ""cell"": ""J4"", ""text"": ""(e.g. due to reduced downtime or automation)""}, {""sourceRow"": 4, ""sourceColumn"": 11, ""cell"": ""L4"", ""text"": ""(e.g. real-time performance monitoring)""}, {""sourceRow"": 4, ""sourceColumn"": 13, ""cell"": ""N4"", ""text"": ""(e.g. contracting out payroll functions)""}, {""sourceRow"": 4, ""sourceColumn"": 14, ""cell"": ""O4"", ""text"": ""(e.g. joint development or marketing)""}, {""sourceRow"": 43, ""sourceColumn"": 0, ""cell"": ""A43"", ""text"": ""(i.e. any location in Australia outside of a capital city)""}, {""sourceRow"": 44, ""sourceColumn"": 0, ""cell"": ""A44"", ""text"": ""(i.e. other location combinations not listed above)""}]",Online forms
markets,Digital value,2024-25:6-3:11,2024-25,2024–25,New opportunities to enter or expand markets,New opportunities to enter or expand markets,"Proportions are of all businesses in each output category. Businesses could select more than one option. Coverage includes Agriculture, Forestry and Fishing.",Employing businesses; ABS exclusions apply. Agriculture included in selected table.,ANZSIC 2006 (Revision 2.0),0–4; 5–19; 20–199; 200+ persons; overlapping 0–19 subtotal excluded,C,2024-25,data_2024-25/BCSDC06_2024–25.xlsx | Table 3 | https://www.abs.gov.au/methodologies/characteristics-australian-business-methodology/2024-25,Survey redevelopment and/or item context changed. Keep this wave separate; no temporal change calculated.,None,Codex source-cell audit; conservative research gate,2026-09-14,"[{""row"": 1, ""values"": [""This tab contains a single table presenting the outcomes for which businesses reported their use of ICTs was important during the year ended 30 June 2025. It ranges from cell A1 to P49."", """", """", """", """", """", """", """", """", """", """", """", """", """", """", """"]}, {""row"": 2, ""values"": [""Table 3: Outcomes for which the business's use of ICTs was important, by employment size, by industry, by state/territory, by location — year ended 30 June 2025"", """", """", """", """", """", """", """", """", """", """", """", """", """", """", """"]}, {""row"": 3, ""values"": [""Characteristics of Australian businesses, 2024–25"", """", """", """", """", """", """", """", """", """", """", """", """", """", """", """"]}, {""row"": 4, ""values"": ["""", ""Improved responsiveness to customer needs"", ""Greater understanding of markets"", ""Better sales or marketing methods"", ""Introduced goods or services not possible without ICT"", ""Reduced prices from suppliers"", ""Improved efficiency of workflow, inventory management, or ordering systems"", ""Improved data security and privacy"", ""Better coordination of staff and business activities"", ""Improved efficiency of production processes"", ""Improved management of quality"", ""Improved management information systems"", ""New opportunities to enter or expand markets"", ""Shifted activities to other businesses"", ""Improved collaboration with other businesses"", ""Other outcomes""]}, {""row"": 5, ""values"": ["""", ""%"", ""%"", ""%"", ""%"", ""%"", ""%"", ""%"", ""%"", ""%"", ""%"", ""%"", ""%"", ""%"", ""%"", ""%""]}]","[{""sourceRow"": 46, ""sourceColumn"": 0, ""cell"": ""A46"", ""text"": ""—  nil or rounded to zero (including null cells).""}, {""sourceRow"": 47, ""sourceColumn"": 0, ""cell"": ""A47"", ""text"": ""np not available for publication but included in totals where applicable, unless otherwise indicated.""}, {""sourceRow"": 48, ""sourceColumn"": 0, ""cell"": ""A48"", ""text"": ""^ estimate has a relative standard error of 10% to less than 25% and should be used with caution.""}, {""sourceRow"": 49, ""sourceColumn"": 0, ""cell"": ""A49"", ""text"": ""© Commonwealth of Australia""}, {""sourceRow"": 2, ""sourceColumn"": 0, ""cell"": ""A2"", ""text"": ""Proportions are of all businesses in each output category. Businesses could select more than one option.""}, {""sourceRow"": 4, ""sourceColumn"": 1, ""cell"": ""B4"", ""text"": ""(e.g. customised goods or services)""}, {""sourceRow"": 4, ""sourceColumn"": 2, ""cell"": ""C4"", ""text"": ""(e.g. analysing customer purchasing patterns)""}, {""sourceRow"": 4, ""sourceColumn"": 5, ""cell"": ""F4"", ""text"": ""(e.g. ability to shop around)""}, {""sourceRow"": 4, ""sourceColumn"": 6, ""cell"": ""G4"", ""text"": ""(e.g. just-in-time processes)""}, {""sourceRow"": 4, ""sourceColumn"": 9, ""cell"": ""J4"", ""text"": ""(e.g. due to reduced downtime or automation)""}, {""sourceRow"": 4, ""sourceColumn"": 11, ""cell"": ""L4"", ""text"": ""(e.g. real-time performance monitoring)""}, {""sourceRow"": 4, ""sourceColumn"": 13, ""cell"": ""N4"", ""text"": ""(e.g. contracting out payroll functions)""}, {""sourceRow"": 4, ""sourceColumn"": 14, ""cell"": ""O4"", ""text"": ""(e.g. joint development or marketing)""}, {""sourceRow"": 43, ""sourceColumn"": 0, ""cell"": ""A43"", ""text"": ""(i.e. any location in Australia outside of a capital city)""}, {""sourceRow"": 44, ""sourceColumn"": 0, ""cell"": ""A44"", ""text"": ""(i.e. other location combinations not listed above)""}]",Online forms
skills,Constraints,2024-25:6-4:0,2024-25,2024–25,Insufficient staff skills and/or capability,Insufficient staff skills and/or capability,"Proportions are of all businesses in each output category. Businesses could select more than one option. Coverage includes Agriculture, Forestry and Fishing.",Employing businesses; ABS exclusions apply. Agriculture included in selected table.,ANZSIC 2006 (Revision 2.0),0–4; 5–19; 20–199; 200+ persons; overlapping 0–19 subtotal excluded,C,2024-25,data_2024-25/BCSDC06_2024–25.xlsx | Table 4 | https://www.abs.gov.au/methodologies/characteristics-australian-business-methodology/2024-25,Survey redevelopment and/or item context changed. Keep this wave separate; no temporal change calculated.,None,Codex source-cell audit; conservative research gate,2026-09-14,"[{""row"": 1, ""values"": [""This tab contains a single table presenting the factors that limited the business's use of ICTs during the year ended 30 June 2025. It ranges from cell A1 to I49."", """", """", """", """", """", """", """", """"]}, {""row"": 2, ""values"": [""Table 4: Factors that limited the use of ICTs, by employment size, by industry, by state/territory, by location — year ended 30 June 2025"", """", """", """", """", """", """", """", """"]}, {""row"": 3, ""values"": [""Characteristics of Australian businesses, 2024–25"", """", """", """", """", """", """", """", """"]}, {""row"": 4, ""values"": ["""", ""Insufficient staff skills and/or capability"", ""Lack of access to additional funds"", ""Uncertainty around cost/benefit"", ""Technology issues"", ""Cyber security issues"", ""Lack of understanding of digital technology needs or available products"", ""Other factors"", ""Any factors""]}, {""row"": 5, ""values"": ["""", ""%"", ""%"", ""%"", ""%"", ""%"", ""%"", ""%"", ""%""]}]","[{""sourceRow"": 46, ""sourceColumn"": 0, ""cell"": ""A46"", ""text"": ""—  nil or rounded to zero (including null cells).""}, {""sourceRow"": 47, ""sourceColumn"": 0, ""cell"": ""A47"", ""text"": ""np not available for publication but included in totals where applicable, unless otherwise indicated.""}, {""sourceRow"": 48, ""sourceColumn"": 0, ""cell"": ""A48"", ""text"": ""^ estimate has a relative standard error of 10% to less than 25% and should be used with caution.""}, {""sourceRow"": 49, ""sourceColumn"": 0, ""cell"": ""A49"", ""text"": ""© Commonwealth of Australia""}, {""sourceRow"": 2, ""sourceColumn"": 0, ""cell"": ""A2"", ""text"": ""Proportions are of all businesses in each output category. Businesses could select more than one option.""}, {""sourceRow"": 4, ""sourceColumn"": 4, ""cell"": ""E4"", ""text"": ""(e.g. speed, reliability, system outage)""}, {""sourceRow"": 43, ""sourceColumn"": 0, ""cell"": ""A43"", ""text"": ""(i.e. any location in Australia outside of a capital city)""}, {""sourceRow"": 44, ""sourceColumn"": 0, ""cell"": ""A44"", ""text"": ""(i.e. other location combinations not listed above)""}]",Online forms
funds,Constraints,2024-25:6-4:1,2024-25,2024–25,Lack of access to additional funds,Lack of access to additional funds,"Proportions are of all businesses in each output category. Businesses could select more than one option. Coverage includes Agriculture, Forestry and Fishing.",Employing businesses; ABS exclusions apply. Agriculture included in selected table.,ANZSIC 2006 (Revision 2.0),0–4; 5–19; 20–199; 200+ persons; overlapping 0–19 subtotal excluded,C,2024-25,data_2024-25/BCSDC06_2024–25.xlsx | Table 4 | https://www.abs.gov.au/methodologies/characteristics-australian-business-methodology/2024-25,Survey redevelopment and/or item context changed. Keep this wave separate; no temporal change calculated.,None,Codex source-cell audit; conservative research gate,2026-09-14,"[{""row"": 1, ""values"": [""This tab contains a single table presenting the factors that limited the business's use of ICTs during the year ended 30 June 2025. It ranges from cell A1 to I49."", """", """", """", """", """", """", """", """"]}, {""row"": 2, ""values"": [""Table 4: Factors that limited the use of ICTs, by employment size, by industry, by state/territory, by location — year ended 30 June 2025"", """", """", """", """", """", """", """", """"]}, {""row"": 3, ""values"": [""Characteristics of Australian businesses, 2024–25"", """", """", """", """", """", """", """", """"]}, {""row"": 4, ""values"": ["""", ""Insufficient staff skills and/or capability"", ""Lack of access to additional funds"", ""Uncertainty around cost/benefit"", ""Technology issues"", ""Cyber security issues"", ""Lack of understanding of digital technology needs or available products"", ""Other factors"", ""Any factors""]}, {""row"": 5, ""values"": ["""", ""%"", ""%"", ""%"", ""%"", ""%"", ""%"", ""%"", ""%""]}]","[{""sourceRow"": 46, ""sourceColumn"": 0, ""cell"": ""A46"", ""text"": ""—  nil or rounded to zero (including null cells).""}, {""sourceRow"": 47, ""sourceColumn"": 0, ""cell"": ""A47"", ""text"": ""np not available for publication but included in totals where applicable, unless otherwise indicated.""}, {""sourceRow"": 48, ""sourceColumn"": 0, ""cell"": ""A48"", ""text"": ""^ estimate has a relative standard error of 10% to less than 25% and should be used with caution.""}, {""sourceRow"": 49, ""sourceColumn"": 0, ""cell"": ""A49"", ""text"": ""© Commonwealth of Australia""}, {""sourceRow"": 2, ""sourceColumn"": 0, ""cell"": ""A2"", ""text"": ""Proportions are of all businesses in each output category. Businesses could select more than one option.""}, {""sourceRow"": 4, ""sourceColumn"": 4, ""cell"": ""E4"", ""text"": ""(e.g. speed, reliability, system outage)""}, {""sourceRow"": 43, ""sourceColumn"": 0, ""cell"": ""A43"", ""text"": ""(i.e. any location in Australia outside of a capital city)""}, {""sourceRow"": 44, ""sourceColumn"": 0, ""cell"": ""A44"", ""text"": ""(i.e. other location combinations not listed above)""}]",Online forms
benefits,Constraints,2024-25:6-4:2,2024-25,2024–25,Uncertainty around cost/benefit,Uncertainty around cost/benefit,"Proportions are of all businesses in each output category. Businesses could select more than one option. Coverage includes Agriculture, Forestry and Fishing.",Employing businesses; ABS exclusions apply. Agriculture included in selected table.,ANZSIC 2006 (Revision 2.0),0–4; 5–19; 20–199; 200+ persons; overlapping 0–19 subtotal excluded,C,2024-25,data_2024-25/BCSDC06_2024–25.xlsx | Table 4 | https://www.abs.gov.au/methodologies/characteristics-australian-business-methodology/2024-25,Survey redevelopment and/or item context changed. Keep this wave separate; no temporal change calculated.,None,Codex source-cell audit; conservative research gate,2026-09-14,"[{""row"": 1, ""values"": [""This tab contains a single table presenting the factors that limited the business's use of ICTs during the year ended 30 June 2025. It ranges from cell A1 to I49."", """", """", """", """", """", """", """", """"]}, {""row"": 2, ""values"": [""Table 4: Factors that limited the use of ICTs, by employment size, by industry, by state/territory, by location — year ended 30 June 2025"", """", """", """", """", """", """", """", """"]}, {""row"": 3, ""values"": [""Characteristics of Australian businesses, 2024–25"", """", """", """", """", """", """", """", """"]}, {""row"": 4, ""values"": ["""", ""Insufficient staff skills and/or capability"", ""Lack of access to additional funds"", ""Uncertainty around cost/benefit"", ""Technology issues"", ""Cyber security issues"", ""Lack of understanding of digital technology needs or available products"", ""Other factors"", ""Any factors""]}, {""row"": 5, ""values"": ["""", ""%"", ""%"", ""%"", ""%"", ""%"", ""%"", ""%"", ""%""]}]","[{""sourceRow"": 46, ""sourceColumn"": 0, ""cell"": ""A46"", ""text"": ""—  nil or rounded to zero (including null cells).""}, {""sourceRow"": 47, ""sourceColumn"": 0, ""cell"": ""A47"", ""text"": ""np not available for publication but included in totals where applicable, unless otherwise indicated.""}, {""sourceRow"": 48, ""sourceColumn"": 0, ""cell"": ""A48"", ""text"": ""^ estimate has a relative standard error of 10% to less than 25% and should be used with caution.""}, {""sourceRow"": 49, ""sourceColumn"": 0, ""cell"": ""A49"", ""text"": ""© Commonwealth of Australia""}, {""sourceRow"": 2, ""sourceColumn"": 0, ""cell"": ""A2"", ""text"": ""Proportions are of all businesses in each output category. Businesses could select more than one option.""}, {""sourceRow"": 4, ""sourceColumn"": 4, ""cell"": ""E4"", ""text"": ""(e.g. speed, reliability, system outage)""}, {""sourceRow"": 43, ""sourceColumn"": 0, ""cell"": ""A43"", ""text"": ""(i.e. any location in Australia outside of a capital city)""}, {""sourceRow"": 44, ""sourceColumn"": 0, ""cell"": ""A44"", ""text"": ""(i.e. other location combinations not listed above)""}]",Online forms
technology,Constraints,2024-25:6-4:3,2024-25,2024–25,Technology issues,Technology issues,"Proportions are of all businesses in each output category. Businesses could select more than one option. Coverage includes Agriculture, Forestry and Fishing.",Employing businesses; ABS exclusions apply. Agriculture included in selected table.,ANZSIC 2006 (Revision 2.0),0–4; 5–19; 20–199; 200+ persons; overlapping 0–19 subtotal excluded,C,2024-25,data_2024-25/BCSDC06_2024–25.xlsx | Table 4 | https://www.abs.gov.au/methodologies/characteristics-australian-business-methodology/2024-25,Survey redevelopment and/or item context changed. Keep this wave separate; no temporal change calculated.,None,Codex source-cell audit; conservative research gate,2026-09-14,"[{""row"": 1, ""values"": [""This tab contains a single table presenting the factors that limited the business's use of ICTs during the year ended 30 June 2025. It ranges from cell A1 to I49."", """", """", """", """", """", """", """", """"]}, {""row"": 2, ""values"": [""Table 4: Factors that limited the use of ICTs, by employment size, by industry, by state/territory, by location — year ended 30 June 2025"", """", """", """", """", """", """", """", """"]}, {""row"": 3, ""values"": [""Characteristics of Australian businesses, 2024–25"", """", """", """", """", """", """", """", """"]}, {""row"": 4, ""values"": ["""", ""Insufficient staff skills and/or capability"", ""Lack of access to additional funds"", ""Uncertainty around cost/benefit"", ""Technology issues"", ""Cyber security issues"", ""Lack of understanding of digital technology needs or available products"", ""Other factors"", ""Any factors""]}, {""row"": 5, ""values"": ["""", ""%"", ""%"", ""%"", ""%"", ""%"", ""%"", ""%"", ""%""]}]","[{""sourceRow"": 46, ""sourceColumn"": 0, ""cell"": ""A46"", ""text"": ""—  nil or rounded to zero (including null cells).""}, {""sourceRow"": 47, ""sourceColumn"": 0, ""cell"": ""A47"", ""text"": ""np not available for publication but included in totals where applicable, unless otherwise indicated.""}, {""sourceRow"": 48, ""sourceColumn"": 0, ""cell"": ""A48"", ""text"": ""^ estimate has a relative standard error of 10% to less than 25% and should be used with caution.""}, {""sourceRow"": 49, ""sourceColumn"": 0, ""cell"": ""A49"", ""text"": ""© Commonwealth of Australia""}, {""sourceRow"": 2, ""sourceColumn"": 0, ""cell"": ""A2"", ""text"": ""Proportions are of all businesses in each output category. Businesses could select more than one option.""}, {""sourceRow"": 4, ""sourceColumn"": 4, ""cell"": ""E4"", ""text"": ""(e.g. speed, reliability, system outage)""}, {""sourceRow"": 43, ""sourceColumn"": 0, ""cell"": ""A43"", ""text"": ""(i.e. any location in Australia outside of a capital city)""}, {""sourceRow"": 44, ""sourceColumn"": 0, ""cell"": ""A44"", ""text"": ""(i.e. other location combinations not listed above)""}]",Online forms
knowledge,Constraints,2024-25:6-4:5,2024-25,2024–25,Lack of understanding of digital technology needs or available products,Lack of understanding of digital technology needs or available products,"Proportions are of all businesses in each output category. Businesses could select more than one option. Coverage includes Agriculture, Forestry and Fishing.",Employing businesses; ABS exclusions apply. Agriculture included in selected table.,ANZSIC 2006 (Revision 2.0),0–4; 5–19; 20–199; 200+ persons; overlapping 0–19 subtotal excluded,C,2024-25,data_2024-25/BCSDC06_2024–25.xlsx | Table 4 | https://www.abs.gov.au/methodologies/characteristics-australian-business-methodology/2024-25,Survey redevelopment and/or item context changed. Keep this wave separate; no temporal change calculated.,None,Codex source-cell audit; conservative research gate,2026-09-14,"[{""row"": 1, ""values"": [""This tab contains a single table presenting the factors that limited the business's use of ICTs during the year ended 30 June 2025. It ranges from cell A1 to I49."", """", """", """", """", """", """", """", """"]}, {""row"": 2, ""values"": [""Table 4: Factors that limited the use of ICTs, by employment size, by industry, by state/territory, by location — year ended 30 June 2025"", """", """", """", """", """", """", """", """"]}, {""row"": 3, ""values"": [""Characteristics of Australian businesses, 2024–25"", """", """", """", """", """", """", """", """"]}, {""row"": 4, ""values"": ["""", ""Insufficient staff skills and/or capability"", ""Lack of access to additional funds"", ""Uncertainty around cost/benefit"", ""Technology issues"", ""Cyber security issues"", ""Lack of understanding of digital technology needs or available products"", ""Other factors"", ""Any factors""]}, {""row"": 5, ""values"": ["""", ""%"", ""%"", ""%"", ""%"", ""%"", ""%"", ""%"", ""%""]}]","[{""sourceRow"": 46, ""sourceColumn"": 0, ""cell"": ""A46"", ""text"": ""—  nil or rounded to zero (including null cells).""}, {""sourceRow"": 47, ""sourceColumn"": 0, ""cell"": ""A47"", ""text"": ""np not available for publication but included in totals where applicable, unless otherwise indicated.""}, {""sourceRow"": 48, ""sourceColumn"": 0, ""cell"": ""A48"", ""text"": ""^ estimate has a relative standard error of 10% to less than 25% and should be used with caution.""}, {""sourceRow"": 49, ""sourceColumn"": 0, ""cell"": ""A49"", ""text"": ""© Commonwealth of Australia""}, {""sourceRow"": 2, ""sourceColumn"": 0, ""cell"": ""A2"", ""text"": ""Proportions are of all businesses in each output category. Businesses could select more than one option.""}, {""sourceRow"": 4, ""sourceColumn"": 4, ""cell"": ""E4"", ""text"": ""(e.g. speed, reliability, system outage)""}, {""sourceRow"": 43, ""sourceColumn"": 0, ""cell"": ""A43"", ""text"": ""(i.e. any location in Australia outside of a capital city)""}, {""sourceRow"": 44, ""sourceColumn"": 0, ""cell"": ""A44"", ""text"": ""(i.e. other location combinations not listed above)""}]",Online forms
internet,Basic connectivity,2018-19:9-1:5,2018-19,2018–19,Innovation-active businesses / Proportion of businesses with / internet access | Innovation-active businesses,internet access,Businesses in the named innovation-status population within each output category: Innovation-active businesses,Historical scope equivalence not independently established. Agriculture included in selected table.,Historical classification equivalence not approved,0–4; 5–19; 20–199; 200+ persons; overlapping 0–19 subtotal excluded,D,2018-19-innovation-snapshot,data_2018-19/81670do009_201819.xls | Table_1 | Original workbook only,Original status headers and matching source cells checked. Within-wave comparison only; each status population is its own base. No temporal innovation comparison approved.,None,Codex source-cell audit; conservative research gate,2026-09-14,"[{""row"": 1, ""values"": [""Australian Bureau of Statistics"", """", """", """", """", """", """", """", """", """", """", """", """", """", """", """"]}, {""row"": 2, ""values"": [""81670DO009_201819 Characteristics of Australian Business, 2018-19"", """", """", """", """", """", """", """", """", """", """", """", """", """", """", """"]}, {""row"": 3, ""values"": [""Released at 11:30 am (Canberra time) Fri 26 Jun 2020"", """", """", """", """", """", """", """", """", """", """", """", """", """", """", """"]}, {""row"": 4, ""values"": [""Table 1 Business use of Information Technology, by innovation status, by key indicators, by employment size, by industry – 2018-19"", """", """", """", """", """", """", """", """", """", """", """", """", """", """", """"]}, {""row"": 5, ""values"": ["""", ""All businesses"", """", """", """", """", ""Innovation-active businesses"", """", """", """", """", ""Non innovation-active businesses"", """", """", """", """"]}, {""row"": 6, ""values"": ["""", ""Proportion of businesses with"", """", """", ""Proportion of businesses that"", """", ""Proportion of businesses with"", """", """", ""Proportion of businesses that"", """", ""Proportion of businesses with"", """", """", ""Proportion of businesses that"", """"]}, {""row"": 7, ""values"": ["""", ""internet access"", ""web presence"", ""social media presence"", ""placed orders via the internet"", ""received orders via the internet"", ""internet access"", ""web presence"", ""social media presence"", ""placed orders via the internet"", ""received orders via the internet"", ""internet access"", ""web presence"", ""social media presence"", ""placed orders via the internet"", ""received orders via the internet""]}, {""row"": 8, ""values"": ["""", ""%"", ""%"", ""%"", ""%"", ""%"", ""%"", ""%"", ""%"", ""%"", ""%"", ""%"", ""%"", ""%"", ""%"", ""%""]}]","[{""sourceRow"": 4, ""sourceColumn"": 0, ""cell"": ""A4"", ""text"": ""Proportions are of all businesses in each output category. See Glossary for definitions of innovation status.""}, {""sourceRow"": 6, ""sourceColumn"": 1, ""cell"": ""B6"", ""text"": ""As at the end of the reference period, 30 June 2019.""}, {""sourceRow"": 6, ""sourceColumn"": 6, ""cell"": ""G6"", ""text"": ""As at the end of the reference period, 30 June 2019.""}, {""sourceRow"": 6, ""sourceColumn"": 11, ""cell"": ""L6"", ""text"": ""As at the end of the reference period, 30 June 2019.""}]",Not independently verified for this item
internet,Basic connectivity,2018-19:9-1:10,2018-19,2018–19,Non innovation-active businesses / Proportion of businesses with / internet access | Non innovation-active businesses,internet access,Businesses in the named innovation-status population within each output category: Non innovation-active businesses,Historical scope equivalence not independently established. Agriculture included in selected table.,Historical classification equivalence not approved,0–4; 5–19; 20–199; 200+ persons; overlapping 0–19 subtotal excluded,D,2018-19-innovation-snapshot,data_2018-19/81670do009_201819.xls | Table_1 | Original workbook only,Original status headers and matching source cells checked. Within-wave comparison only; each status population is its own base. No temporal innovation comparison approved.,None,Codex source-cell audit; conservative research gate,2026-09-14,"[{""row"": 1, ""values"": [""Australian Bureau of Statistics"", """", """", """", """", """", """", """", """", """", """", """", """", """", """", """"]}, {""row"": 2, ""values"": [""81670DO009_201819 Characteristics of Australian Business, 2018-19"", """", """", """", """", """", """", """", """", """", """", """", """", """", """", """"]}, {""row"": 3, ""values"": [""Released at 11:30 am (Canberra time) Fri 26 Jun 2020"", """", """", """", """", """", """", """", """", """", """", """", """", """", """", """"]}, {""row"": 4, ""values"": [""Table 1 Business use of Information Technology, by innovation status, by key indicators, by employment size, by industry – 2018-19"", """", """", """", """", """", """", """", """", """", """", """", """", """", """", """"]}, {""row"": 5, ""values"": ["""", ""All businesses"", """", """", """", """", ""Innovation-active businesses"", """", """", """", """", ""Non innovation-active businesses"", """", """", """", """"]}, {""row"": 6, ""values"": ["""", ""Proportion of businesses with"", """", """", ""Proportion of businesses that"", """", ""Proportion of businesses with"", """", """", ""Proportion of businesses that"", """", ""Proportion of businesses with"", """", """", ""Proportion of businesses that"", """"]}, {""row"": 7, ""values"": ["""", ""internet access"", ""web presence"", ""social media presence"", ""placed orders via the internet"", ""received orders via the internet"", ""internet access"", ""web presence"", ""social media presence"", ""placed orders via the internet"", ""received orders via the internet"", ""internet access"", ""web presence"", ""social media presence"", ""placed orders via the internet"", ""received orders via the internet""]}, {""row"": 8, ""values"": ["""", ""%"", ""%"", ""%"", ""%"", ""%"", ""%"", ""%"", ""%"", ""%"", ""%"", ""%"", ""%"", ""%"", ""%"", ""%""]}]","[{""sourceRow"": 4, ""sourceColumn"": 0, ""cell"": ""A4"", ""text"": ""Proportions are of all businesses in each output category. See Glossary for definitions of innovation status.""}, {""sourceRow"": 6, ""sourceColumn"": 1, ""cell"": ""B6"", ""text"": ""As at the end of the reference period, 30 June 2019.""}, {""sourceRow"": 6, ""sourceColumn"": 6, ""cell"": ""G6"", ""text"": ""As at the end of the reference period, 30 June 2019.""}, {""sourceRow"": 6, ""sourceColumn"": 11, ""cell"": ""L6"", ""text"": ""As at the end of the reference period, 30 June 2019.""}]",Not independently verified for this item
web,Basic connectivity,2018-19:9-1:6,2018-19,2018–19,Innovation-active businesses / Proportion of businesses with / web presence | Innovation-active businesses,web presence,Businesses in the named innovation-status population within each output category: Innovation-active businesses,Historical scope equivalence not independently established. Agriculture included in selected table.,Historical classification equivalence not approved,0–4; 5–19; 20–199; 200+ persons; overlapping 0–19 subtotal excluded,D,2018-19-innovation-snapshot,data_2018-19/81670do009_201819.xls | Table_1 | Original workbook only,Original status headers and matching source cells checked. Within-wave comparison only; each status population is its own base. No temporal innovation comparison approved.,None,Codex source-cell audit; conservative research gate,2026-09-14,"[{""row"": 1, ""values"": [""Australian Bureau of Statistics"", """", """", """", """", """", """", """", """", """", """", """", """", """", """", """"]}, {""row"": 2, ""values"": [""81670DO009_201819 Characteristics of Australian Business, 2018-19"", """", """", """", """", """", """", """", """", """", """", """", """", """", """", """"]}, {""row"": 3, ""values"": [""Released at 11:30 am (Canberra time) Fri 26 Jun 2020"", """", """", """", """", """", """", """", """", """", """", """", """", """", """", """"]}, {""row"": 4, ""values"": [""Table 1 Business use of Information Technology, by innovation status, by key indicators, by employment size, by industry – 2018-19"", """", """", """", """", """", """", """", """", """", """", """", """", """", """", """"]}, {""row"": 5, ""values"": ["""", ""All businesses"", """", """", """", """", ""Innovation-active businesses"", """", """", """", """", ""Non innovation-active businesses"", """", """", """", """"]}, {""row"": 6, ""values"": ["""", ""Proportion of businesses with"", """", """", ""Proportion of businesses that"", """", ""Proportion of businesses with"", """", """", ""Proportion of businesses that"", """", ""Proportion of businesses with"", """", """", ""Proportion of businesses that"", """"]}, {""row"": 7, ""values"": ["""", ""internet access"", ""web presence"", ""social media presence"", ""placed orders via the internet"", ""received orders via the internet"", ""internet access"", ""web presence"", ""social media presence"", ""placed orders via the internet"", ""received orders via the internet"", ""internet access"", ""web presence"", ""social media presence"", ""placed orders via the internet"", ""received orders via the internet""]}, {""row"": 8, ""values"": ["""", ""%"", ""%"", ""%"", ""%"", ""%"", ""%"", ""%"", ""%"", ""%"", ""%"", ""%"", ""%"", ""%"", ""%"", ""%""]}]","[{""sourceRow"": 4, ""sourceColumn"": 0, ""cell"": ""A4"", ""text"": ""Proportions are of all businesses in each output category. See Glossary for definitions of innovation status.""}, {""sourceRow"": 6, ""sourceColumn"": 1, ""cell"": ""B6"", ""text"": ""As at the end of the reference period, 30 June 2019.""}, {""sourceRow"": 6, ""sourceColumn"": 6, ""cell"": ""G6"", ""text"": ""As at the end of the reference period, 30 June 2019.""}, {""sourceRow"": 6, ""sourceColumn"": 11, ""cell"": ""L6"", ""text"": ""As at the end of the reference period, 30 June 2019.""}]",Not independently verified for this item
web,Basic connectivity,2018-19:9-1:11,2018-19,2018–19,Non innovation-active businesses / Proportion of businesses with / web presence | Non innovation-active businesses,web presence,Businesses in the named innovation-status population within each output category: Non innovation-active businesses,Historical scope equivalence not independently established. Agriculture included in selected table.,Historical classification equivalence not approved,0–4; 5–19; 20–199; 200+ persons; overlapping 0–19 subtotal excluded,D,2018-19-innovation-snapshot,data_2018-19/81670do009_201819.xls | Table_1 | Original workbook only,Original status headers and matching source cells checked. Within-wave comparison only; each status population is its own base. No temporal innovation comparison approved.,None,Codex source-cell audit; conservative research gate,2026-09-14,"[{""row"": 1, ""values"": [""Australian Bureau of Statistics"", """", """", """", """", """", """", """", """", """", """", """", """", """", """", """"]}, {""row"": 2, ""values"": [""81670DO009_201819 Characteristics of Australian Business, 2018-19"", """", """", """", """", """", """", """", """", """", """", """", """", """", """", """"]}, {""row"": 3, ""values"": [""Released at 11:30 am (Canberra time) Fri 26 Jun 2020"", """", """", """", """", """", """", """", """", """", """", """", """", """", """", """"]}, {""row"": 4, ""values"": [""Table 1 Business use of Information Technology, by innovation status, by key indicators, by employment size, by industry – 2018-19"", """", """", """", """", """", """", """", """", """", """", """", """", """", """", """"]}, {""row"": 5, ""values"": ["""", ""All businesses"", """", """", """", """", ""Innovation-active businesses"", """", """", """", """", ""Non innovation-active businesses"", """", """", """", """"]}, {""row"": 6, ""values"": ["""", ""Proportion of businesses with"", """", """", ""Proportion of businesses that"", """", ""Proportion of businesses with"", """", """", ""Proportion of businesses that"", """", ""Proportion of businesses with"", """", """", ""Proportion of businesses that"", """"]}, {""row"": 7, ""values"": ["""", ""internet access"", ""web presence"", ""social media presence"", ""placed orders via the internet"", ""received orders via the internet"", ""internet access"", ""web presence"", ""social media presence"", ""placed orders via the internet"", ""received orders via the internet"", ""internet access"", ""web presence"", ""social media presence"", ""placed orders via the internet"", ""received orders via the internet""]}, {""row"": 8, ""values"": ["""", ""%"", ""%"", ""%"", ""%"", ""%"", ""%"", ""%"", ""%"", ""%"", ""%"", ""%"", ""%"", ""%"", ""%"", ""%""]}]","[{""sourceRow"": 4, ""sourceColumn"": 0, ""cell"": ""A4"", ""text"": ""Proportions are of all businesses in each output category. See Glossary for definitions of innovation status.""}, {""sourceRow"": 6, ""sourceColumn"": 1, ""cell"": ""B6"", ""text"": ""As at the end of the reference period, 30 June 2019.""}, {""sourceRow"": 6, ""sourceColumn"": 6, ""cell"": ""G6"", ""text"": ""As at the end of the reference period, 30 June 2019.""}, {""sourceRow"": 6, ""sourceColumn"": 11, ""cell"": ""L6"", ""text"": ""As at the end of the reference period, 30 June 2019.""}]",Not independently verified for this item
social,Basic connectivity,2018-19:9-1:7,2018-19,2018–19,Innovation-active businesses / Proportion of businesses with / social media presence | Innovation-active businesses,social media presence,Businesses in the named innovation-status population within each output category: Innovation-active businesses,Historical scope equivalence not independently established. Agriculture included in selected table.,Historical classification equivalence not approved,0–4; 5–19; 20–199; 200+ persons; overlapping 0–19 subtotal excluded,D,2018-19-innovation-snapshot,data_2018-19/81670do009_201819.xls | Table_1 | Original workbook only,Original status headers and matching source cells checked. Within-wave comparison only; each status population is its own base. No temporal innovation comparison approved.,None,Codex source-cell audit; conservative research gate,2026-09-14,"[{""row"": 1, ""values"": [""Australian Bureau of Statistics"", """", """", """", """", """", """", """", """", """", """", """", """", """", """", """"]}, {""row"": 2, ""values"": [""81670DO009_201819 Characteristics of Australian Business, 2018-19"", """", """", """", """", """", """", """", """", """", """", """", """", """", """", """"]}, {""row"": 3, ""values"": [""Released at 11:30 am (Canberra time) Fri 26 Jun 2020"", """", """", """", """", """", """", """", """", """", """", """", """", """", """", """"]}, {""row"": 4, ""values"": [""Table 1 Business use of Information Technology, by innovation status, by key indicators, by employment size, by industry – 2018-19"", """", """", """", """", """", """", """", """", """", """", """", """", """", """", """"]}, {""row"": 5, ""values"": ["""", ""All businesses"", """", """", """", """", ""Innovation-active businesses"", """", """", """", """", ""Non innovation-active businesses"", """", """", """", """"]}, {""row"": 6, ""values"": ["""", ""Proportion of businesses with"", """", """", ""Proportion of businesses that"", """", ""Proportion of businesses with"", """", """", ""Proportion of businesses that"", """", ""Proportion of businesses with"", """", """", ""Proportion of businesses that"", """"]}, {""row"": 7, ""values"": ["""", ""internet access"", ""web presence"", ""social media presence"", ""placed orders via the internet"", ""received orders via the internet"", ""internet access"", ""web presence"", ""social media presence"", ""placed orders via the internet"", ""received orders via the internet"", ""internet access"", ""web presence"", ""social media presence"", ""placed orders via the internet"", ""received orders via the internet""]}, {""row"": 8, ""values"": ["""", ""%"", ""%"", ""%"", ""%"", ""%"", ""%"", ""%"", ""%"", ""%"", ""%"", ""%"", ""%"", ""%"", ""%"", ""%""]}]","[{""sourceRow"": 4, ""sourceColumn"": 0, ""cell"": ""A4"", ""text"": ""Proportions are of all businesses in each output category. See Glossary for definitions of innovation status.""}, {""sourceRow"": 6, ""sourceColumn"": 1, ""cell"": ""B6"", ""text"": ""As at the end of the reference period, 30 June 2019.""}, {""sourceRow"": 6, ""sourceColumn"": 6, ""cell"": ""G6"", ""text"": ""As at the end of the reference period, 30 June 2019.""}, {""sourceRow"": 6, ""sourceColumn"": 11, ""cell"": ""L6"", ""text"": ""As at the end of the reference period, 30 June 2019.""}]",Not independently verified for this item
social,Basic connectivity,2018-19:9-1:12,2018-19,2018–19,Non innovation-active businesses / Proportion of businesses with / social media presence | Non innovation-active businesses,social media presence,Businesses in the named innovation-status population within each output category: Non innovation-active businesses,Historical scope equivalence not independently established. Agriculture included in selected table.,Historical classification equivalence not approved,0–4; 5–19; 20–199; 200+ persons; overlapping 0–19 subtotal excluded,D,2018-19-innovation-snapshot,data_2018-19/81670do009_201819.xls | Table_1 | Original workbook only,Original status headers and matching source cells checked. Within-wave comparison only; each status population is its own base. No temporal innovation comparison approved.,None,Codex source-cell audit; conservative research gate,2026-09-14,"[{""row"": 1, ""values"": [""Australian Bureau of Statistics"", """", """", """", """", """", """", """", """", """", """", """", """", """", """", """"]}, {""row"": 2, ""values"": [""81670DO009_201819 Characteristics of Australian Business, 2018-19"", """", """", """", """", """", """", """", """", """", """", """", """", """", """", """"]}, {""row"": 3, ""values"": [""Released at 11:30 am (Canberra time) Fri 26 Jun 2020"", """", """", """", """", """", """", """", """", """", """", """", """", """", """", """"]}, {""row"": 4, ""values"": [""Table 1 Business use of Information Technology, by innovation status, by key indicators, by employment size, by industry – 2018-19"", """", """", """", """", """", """", """", """", """", """", """", """", """", """", """"]}, {""row"": 5, ""values"": ["""", ""All businesses"", """", """", """", """", ""Innovation-active businesses"", """", """", """", """", ""Non innovation-active businesses"", """", """", """", """"]}, {""row"": 6, ""values"": ["""", ""Proportion of businesses with"", """", """", ""Proportion of businesses that"", """", ""Proportion of businesses with"", """", """", ""Proportion of businesses that"", """", ""Proportion of businesses with"", """", """", ""Proportion of businesses that"", """"]}, {""row"": 7, ""values"": ["""", ""internet access"", ""web presence"", ""social media presence"", ""placed orders via the internet"", ""received orders via the internet"", ""internet access"", ""web presence"", ""social media presence"", ""placed orders via the internet"", ""received orders via the internet"", ""internet access"", ""web presence"", ""social media presence"", ""placed orders via the internet"", ""received orders via the internet""]}, {""row"": 8, ""values"": ["""", ""%"", ""%"", ""%"", ""%"", ""%"", ""%"", ""%"", ""%"", ""%"", ""%"", ""%"", ""%"", ""%"", ""%"", ""%""]}]","[{""sourceRow"": 4, ""sourceColumn"": 0, ""cell"": ""A4"", ""text"": ""Proportions are of all businesses in each output category. See Glossary for definitions of innovation status.""}, {""sourceRow"": 6, ""sourceColumn"": 1, ""cell"": ""B6"", ""text"": ""As at the end of the reference period, 30 June 2019.""}, {""sourceRow"": 6, ""sourceColumn"": 6, ""cell"": ""G6"", ""text"": ""As at the end of the reference period, 30 June 2019.""}, {""sourceRow"": 6, ""sourceColumn"": 11, ""cell"": ""L6"", ""text"": ""As at the end of the reference period, 30 June 2019.""}]",Not independently verified for this item
placed,Digital transactions,2018-19:9-1:8,2018-19,2018–19,Innovation-active businesses / Proportion of businesses that / placed orders via the internet | Innovation-active businesses,placed orders via the internet,Businesses in the named innovation-status population within each output category: Innovation-active businesses,Historical scope equivalence not independently established. Agriculture included in selected table.,Historical classification equivalence not approved,0–4; 5–19; 20–199; 200+ persons; overlapping 0–19 subtotal excluded,D,2018-19-innovation-snapshot,data_2018-19/81670do009_201819.xls | Table_1 | Original workbook only,Original status headers and matching source cells checked. Within-wave comparison only; each status population is its own base. No temporal innovation comparison approved.,None,Codex source-cell audit; conservative research gate,2026-09-14,"[{""row"": 1, ""values"": [""Australian Bureau of Statistics"", """", """", """", """", """", """", """", """", """", """", """", """", """", """", """"]}, {""row"": 2, ""values"": [""81670DO009_201819 Characteristics of Australian Business, 2018-19"", """", """", """", """", """", """", """", """", """", """", """", """", """", """", """"]}, {""row"": 3, ""values"": [""Released at 11:30 am (Canberra time) Fri 26 Jun 2020"", """", """", """", """", """", """", """", """", """", """", """", """", """", """", """"]}, {""row"": 4, ""values"": [""Table 1 Business use of Information Technology, by innovation status, by key indicators, by employment size, by industry – 2018-19"", """", """", """", """", """", """", """", """", """", """", """", """", """", """", """"]}, {""row"": 5, ""values"": ["""", ""All businesses"", """", """", """", """", ""Innovation-active businesses"", """", """", """", """", ""Non innovation-active businesses"", """", """", """", """"]}, {""row"": 6, ""values"": ["""", ""Proportion of businesses with"", """", """", ""Proportion of businesses that"", """", ""Proportion of businesses with"", """", """", ""Proportion of businesses that"", """", ""Proportion of businesses with"", """", """", ""Proportion of businesses that"", """"]}, {""row"": 7, ""values"": ["""", ""internet access"", ""web presence"", ""social media presence"", ""placed orders via the internet"", ""received orders via the internet"", ""internet access"", ""web presence"", ""social media presence"", ""placed orders via the internet"", ""received orders via the internet"", ""internet access"", ""web presence"", ""social media presence"", ""placed orders via the internet"", ""received orders via the internet""]}, {""row"": 8, ""values"": ["""", ""%"", ""%"", ""%"", ""%"", ""%"", ""%"", ""%"", ""%"", ""%"", ""%"", ""%"", ""%"", ""%"", ""%"", ""%""]}]","[{""sourceRow"": 4, ""sourceColumn"": 0, ""cell"": ""A4"", ""text"": ""Proportions are of all businesses in each output category. See Glossary for definitions of innovation status.""}, {""sourceRow"": 6, ""sourceColumn"": 1, ""cell"": ""B6"", ""text"": ""As at the end of the reference period, 30 June 2019.""}, {""sourceRow"": 6, ""sourceColumn"": 6, ""cell"": ""G6"", ""text"": ""As at the end of the reference period, 30 June 2019.""}, {""sourceRow"": 6, ""sourceColumn"": 11, ""cell"": ""L6"", ""text"": ""As at the end of the reference period, 30 June 2019.""}]",Not independently verified for this item
placed,Digital transactions,2018-19:9-1:13,2018-19,2018–19,Non innovation-active businesses / Proportion of businesses that / placed orders via the internet | Non innovation-active businesses,placed orders via the internet,Businesses in the named innovation-status population within each output category: Non innovation-active businesses,Historical scope equivalence not independently established. Agriculture included in selected table.,Historical classification equivalence not approved,0–4; 5–19; 20–199; 200+ persons; overlapping 0–19 subtotal excluded,D,2018-19-innovation-snapshot,data_2018-19/81670do009_201819.xls | Table_1 | Original workbook only,Original status headers and matching source cells checked. Within-wave comparison only; each status population is its own base. No temporal innovation comparison approved.,None,Codex source-cell audit; conservative research gate,2026-09-14,"[{""row"": 1, ""values"": [""Australian Bureau of Statistics"", """", """", """", """", """", """", """", """", """", """", """", """", """", """", """"]}, {""row"": 2, ""values"": [""81670DO009_201819 Characteristics of Australian Business, 2018-19"", """", """", """", """", """", """", """", """", """", """", """", """", """", """", """"]}, {""row"": 3, ""values"": [""Released at 11:30 am (Canberra time) Fri 26 Jun 2020"", """", """", """", """", """", """", """", """", """", """", """", """", """", """", """"]}, {""row"": 4, ""values"": [""Table 1 Business use of Information Technology, by innovation status, by key indicators, by employment size, by industry – 2018-19"", """", """", """", """", """", """", """", """", """", """", """", """", """", """", """"]}, {""row"": 5, ""values"": ["""", ""All businesses"", """", """", """", """", ""Innovation-active businesses"", """", """", """", """", ""Non innovation-active businesses"", """", """", """", """"]}, {""row"": 6, ""values"": ["""", ""Proportion of businesses with"", """", """", ""Proportion of businesses that"", """", ""Proportion of businesses with"", """", """", ""Proportion of businesses that"", """", ""Proportion of businesses with"", """", """", ""Proportion of businesses that"", """"]}, {""row"": 7, ""values"": ["""", ""internet access"", ""web presence"", ""social media presence"", ""placed orders via the internet"", ""received orders via the internet"", ""internet access"", ""web presence"", ""social media presence"", ""placed orders via the internet"", ""received orders via the internet"", ""internet access"", ""web presence"", ""social media presence"", ""placed orders via the internet"", ""received orders via the internet""]}, {""row"": 8, ""values"": ["""", ""%"", ""%"", ""%"", ""%"", ""%"", ""%"", ""%"", ""%"", ""%"", ""%"", ""%"", ""%"", ""%"", ""%"", ""%""]}]","[{""sourceRow"": 4, ""sourceColumn"": 0, ""cell"": ""A4"", ""text"": ""Proportions are of all businesses in each output category. See Glossary for definitions of innovation status.""}, {""sourceRow"": 6, ""sourceColumn"": 1, ""cell"": ""B6"", ""text"": ""As at the end of the reference period, 30 June 2019.""}, {""sourceRow"": 6, ""sourceColumn"": 6, ""cell"": ""G6"", ""text"": ""As at the end of the reference period, 30 June 2019.""}, {""sourceRow"": 6, ""sourceColumn"": 11, ""cell"": ""L6"", ""text"": ""As at the end of the reference period, 30 June 2019.""}]",Not independently verified for this item
received,Digital transactions,2018-19:9-1:9,2018-19,2018–19,Innovation-active businesses / Proportion of businesses that / received orders via the internet | Innovation-active businesses,received orders via the internet,Businesses in the named innovation-status population within each output category: Innovation-active businesses,Historical scope equivalence not independently established. Agriculture included in selected table.,Historical classification equivalence not approved,0–4; 5–19; 20–199; 200+ persons; overlapping 0–19 subtotal excluded,D,2018-19-innovation-snapshot,data_2018-19/81670do009_201819.xls | Table_1 | Original workbook only,Original status headers and matching source cells checked. Within-wave comparison only; each status population is its own base. No temporal innovation comparison approved.,None,Codex source-cell audit; conservative research gate,2026-09-14,"[{""row"": 1, ""values"": [""Australian Bureau of Statistics"", """", """", """", """", """", """", """", """", """", """", """", """", """", """", """"]}, {""row"": 2, ""values"": [""81670DO009_201819 Characteristics of Australian Business, 2018-19"", """", """", """", """", """", """", """", """", """", """", """", """", """", """", """"]}, {""row"": 3, ""values"": [""Released at 11:30 am (Canberra time) Fri 26 Jun 2020"", """", """", """", """", """", """", """", """", """", """", """", """", """", """", """"]}, {""row"": 4, ""values"": [""Table 1 Business use of Information Technology, by innovation status, by key indicators, by employment size, by industry – 2018-19"", """", """", """", """", """", """", """", """", """", """", """", """", """", """", """"]}, {""row"": 5, ""values"": ["""", ""All businesses"", """", """", """", """", ""Innovation-active businesses"", """", """", """", """", ""Non innovation-active businesses"", """", """", """", """"]}, {""row"": 6, ""values"": ["""", ""Proportion of businesses with"", """", """", ""Proportion of businesses that"", """", ""Proportion of businesses with"", """", """", ""Proportion of businesses that"", """", ""Proportion of businesses with"", """", """", ""Proportion of businesses that"", """"]}, {""row"": 7, ""values"": ["""", ""internet access"", ""web presence"", ""social media presence"", ""placed orders via the internet"", ""received orders via the internet"", ""internet access"", ""web presence"", ""social media presence"", ""placed orders via the internet"", ""received orders via the internet"", ""internet access"", ""web presence"", ""social media presence"", ""placed orders via the internet"", ""received orders via the internet""]}, {""row"": 8, ""values"": ["""", ""%"", ""%"", ""%"", ""%"", ""%"", ""%"", ""%"", ""%"", ""%"", ""%"", ""%"", ""%"", ""%"", ""%"", ""%""]}]","[{""sourceRow"": 4, ""sourceColumn"": 0, ""cell"": ""A4"", ""text"": ""Proportions are of all businesses in each output category. See Glossary for definitions of innovation status.""}, {""sourceRow"": 6, ""sourceColumn"": 1, ""cell"": ""B6"", ""text"": ""As at the end of the reference period, 30 June 2019.""}, {""sourceRow"": 6, ""sourceColumn"": 6, ""cell"": ""G6"", ""text"": ""As at the end of the reference period, 30 June 2019.""}, {""sourceRow"": 6, ""sourceColumn"": 11, ""cell"": ""L6"", ""text"": ""As at the end of the reference period, 30 June 2019.""}]",Not independently verified for this item
received,Digital transactions,2018-19:9-1:14,2018-19,2018–19,Non innovation-active businesses / Proportion of businesses that / received orders via the internet | Non innovation-active businesses,received orders via the internet,Businesses in the named innovation-status population within each output category: Non innovation-active businesses,Historical scope equivalence not independently established. Agriculture included in selected table.,Historical classification equivalence not approved,0–4; 5–19; 20–199; 200+ persons; overlapping 0–19 subtotal excluded,D,2018-19-innovation-snapshot,data_2018-19/81670do009_201819.xls | Table_1 | Original workbook only,Original status headers and matching source cells checked. Within-wave comparison only; each status population is its own base. No temporal innovation comparison approved.,None,Codex source-cell audit; conservative research gate,2026-09-14,"[{""row"": 1, ""values"": [""Australian Bureau of Statistics"", """", """", """", """", """", """", """", """", """", """", """", """", """", """", """"]}, {""row"": 2, ""values"": [""81670DO009_201819 Characteristics of Australian Business, 2018-19"", """", """", """", """", """", """", """", """", """", """", """", """", """", """", """"]}, {""row"": 3, ""values"": [""Released at 11:30 am (Canberra time) Fri 26 Jun 2020"", """", """", """", """", """", """", """", """", """", """", """", """", """", """", """"]}, {""row"": 4, ""values"": [""Table 1 Business use of Information Technology, by innovation status, by key indicators, by employment size, by industry – 2018-19"", """", """", """", """", """", """", """", """", """", """", """", """", """", """", """"]}, {""row"": 5, ""values"": ["""", ""All businesses"", """", """", """", """", ""Innovation-active businesses"", """", """", """", """", ""Non innovation-active businesses"", """", """", """", """"]}, {""row"": 6, ""values"": ["""", ""Proportion of businesses with"", """", """", ""Proportion of businesses that"", """", ""Proportion of businesses with"", """", """", ""Proportion of businesses that"", """", ""Proportion of businesses with"", """", """", ""Proportion of businesses that"", """"]}, {""row"": 7, ""values"": ["""", ""internet access"", ""web presence"", ""social media presence"", ""placed orders via the internet"", ""received orders via the internet"", ""internet access"", ""web presence"", ""social media presence"", ""placed orders via the internet"", ""received orders via the internet"", ""internet access"", ""web presence"", ""social media presence"", ""placed orders via the internet"", ""received orders via the internet""]}, {""row"": 8, ""values"": ["""", ""%"", ""%"", ""%"", ""%"", ""%"", ""%"", ""%"", ""%"", ""%"", ""%"", ""%"", ""%"", ""%"", ""%"", ""%""]}]","[{""sourceRow"": 4, ""sourceColumn"": 0, ""cell"": ""A4"", ""text"": ""Proportions are of all businesses in each output category. See Glossary for definitions of innovation status.""}, {""sourceRow"": 6, ""sourceColumn"": 1, ""cell"": ""B6"", ""text"": ""As at the end of the reference period, 30 June 2019.""}, {""sourceRow"": 6, ""sourceColumn"": 6, ""cell"": ""G6"", ""text"": ""As at the end of the reference period, 30 June 2019.""}, {""sourceRow"": 6, ""sourceColumn"": 11, ""cell"": ""L6"", ""text"": ""As at the end of the reference period, 30 June 2019.""}]",Not independently verified for this item
