series,dimension,year,period,group,category,population,value,status,note,unit,decision,segment,denominator,record_id,workbook,sheet,cell,raw_value
internet,Basic connectivity,2006-07,2006–07,Employment size,0–4 persons,All businesses,83.4,published,,%,D,2006-07,Businesses in the selected category and population.,2006-07:4-1:8,data_2006-07/extracted/81670do004_200607/81670DO004_200607.xls,Table_1,J10,83.4
internet,Basic connectivity,2006-07,2006–07,Employment size,5–19 persons,All businesses,89.6,published,,%,D,2006-07,Businesses in the selected category and population.,2006-07:4-1:8,data_2006-07/extracted/81670do004_200607/81670DO004_200607.xls,Table_1,J11,89.6
internet,Basic connectivity,2006-07,2006–07,Employment size,20–199 persons,All businesses,98.4,published,,%,D,2006-07,Businesses in the selected category and population.,2006-07:4-1:8,data_2006-07/extracted/81670do004_200607/81670DO004_200607.xls,Table_1,J12,98.4
internet,Basic connectivity,2006-07,2006–07,Employment size,200 or more persons,All businesses,99.9,published,,%,D,2006-07,Businesses in the selected category and population.,2006-07:4-1:8,data_2006-07/extracted/81670do004_200607/81670DO004_200607.xls,Table_1,J13,99.9
internet,Basic connectivity,2006-07,2006–07,Industry,Mining,All businesses,91.0,published,,%,D,2006-07,Businesses in the selected category and population.,2006-07:4-1:8,data_2006-07/extracted/81670do004_200607/81670DO004_200607.xls,Table_1,J15,91.0
internet,Basic connectivity,2006-07,2006–07,Industry,Manufacturing,All businesses,86.8,published,,%,D,2006-07,Businesses in the selected category and population.,2006-07:4-1:8,data_2006-07/extracted/81670do004_200607/81670DO004_200607.xls,Table_1,J16,86.8
internet,Basic connectivity,2006-07,2006–07,Industry,"Electricity, Gas, Water and Waste Services",All businesses,84.9,published,,%,D,2006-07,Businesses in the selected category and population.,2006-07:4-1:8,data_2006-07/extracted/81670do004_200607/81670DO004_200607.xls,Table_1,J17,84.9
internet,Basic connectivity,2006-07,2006–07,Industry,Construction,All businesses,85.8,published,,%,D,2006-07,Businesses in the selected category and population.,2006-07:4-1:8,data_2006-07/extracted/81670do004_200607/81670DO004_200607.xls,Table_1,J18,85.8
internet,Basic connectivity,2006-07,2006–07,Industry,Wholesale Trade,All businesses,94.0,published,,%,D,2006-07,Businesses in the selected category and population.,2006-07:4-1:8,data_2006-07/extracted/81670do004_200607/81670DO004_200607.xls,Table_1,J19,94.0
internet,Basic connectivity,2006-07,2006–07,Industry,Retail Trade,All businesses,81.1,published,,%,D,2006-07,Businesses in the selected category and population.,2006-07:4-1:8,data_2006-07/extracted/81670do004_200607/81670DO004_200607.xls,Table_1,J20,81.1
internet,Basic connectivity,2006-07,2006–07,Industry,Accommodation and Food Services,All businesses,68.4,published,,%,D,2006-07,Businesses in the selected category and population.,2006-07:4-1:8,data_2006-07/extracted/81670do004_200607/81670DO004_200607.xls,Table_1,J21,68.4
internet,Basic connectivity,2006-07,2006–07,Industry,"Transport, Postal and Warehousing",All businesses,80.5,published,,%,D,2006-07,Businesses in the selected category and population.,2006-07:4-1:8,data_2006-07/extracted/81670do004_200607/81670DO004_200607.xls,Table_1,J22,80.5
internet,Basic connectivity,2006-07,2006–07,Industry,Information Media and Telecommunications,All businesses,97.8,published,,%,D,2006-07,Businesses in the selected category and population.,2006-07:4-1:8,data_2006-07/extracted/81670do004_200607/81670DO004_200607.xls,Table_1,J23,97.8
internet,Basic connectivity,2006-07,2006–07,Industry,Financial and Insurance Services,All businesses,95.3,published,,%,D,2006-07,Businesses in the selected category and population.,2006-07:4-1:8,data_2006-07/extracted/81670do004_200607/81670DO004_200607.xls,Table_1,J24,95.3
internet,Basic connectivity,2006-07,2006–07,Industry,"Rental, Hiring and Real Estate Services",All businesses,85.0,published,,%,D,2006-07,Businesses in the selected category and population.,2006-07:4-1:8,data_2006-07/extracted/81670do004_200607/81670DO004_200607.xls,Table_1,J25,85.0
internet,Basic connectivity,2006-07,2006–07,Industry,"Professional, Scientific and Technical Services",All businesses,98.4,published,,%,D,2006-07,Businesses in the selected category and population.,2006-07:4-1:8,data_2006-07/extracted/81670do004_200607/81670DO004_200607.xls,Table_1,J26,98.4
internet,Basic connectivity,2006-07,2006–07,Industry,Administrative and Support Services,All businesses,91.6,published,,%,D,2006-07,Businesses in the selected category and population.,2006-07:4-1:8,data_2006-07/extracted/81670do004_200607/81670DO004_200607.xls,Table_1,J27,91.6
internet,Basic connectivity,2006-07,2006–07,Industry,Health Care and Social Assistance,All businesses,88.4,published,,%,D,2006-07,Businesses in the selected category and population.,2006-07:4-1:8,data_2006-07/extracted/81670do004_200607/81670DO004_200607.xls,Table_1,J28,88.4
internet,Basic connectivity,2006-07,2006–07,Industry,Arts and Recreation Services,All businesses,85.5,published,,%,D,2006-07,Businesses in the selected category and population.,2006-07:4-1:8,data_2006-07/extracted/81670do004_200607/81670DO004_200607.xls,Table_1,J29,85.5
internet,Basic connectivity,2006-07,2006–07,Industry,Other Services,All businesses,76.7,published,,%,D,2006-07,Businesses in the selected category and population.,2006-07:4-1:8,data_2006-07/extracted/81670do004_200607/81670DO004_200607.xls,Table_1,J30,76.7
internet,Basic connectivity,2006-07,2006–07,Overall,Total,All businesses,86.5,published,,%,D,2006-07,Businesses in the selected category and population.,2006-07:4-1:8,data_2006-07/extracted/81670do004_200607/81670DO004_200607.xls,Table_1,J31,86.5
web,Basic connectivity,2006-07,2006–07,Employment size,0–4 persons,All businesses,24.5,published,,%,D,2006-07,Businesses in the selected category and population.,2006-07:4-1:9,data_2006-07/extracted/81670do004_200607/81670DO004_200607.xls,Table_1,K10,24.5
web,Basic connectivity,2006-07,2006–07,Employment size,5–19 persons,All businesses,44.4,published,,%,D,2006-07,Businesses in the selected category and population.,2006-07:4-1:9,data_2006-07/extracted/81670do004_200607/81670DO004_200607.xls,Table_1,K11,44.4
web,Basic connectivity,2006-07,2006–07,Employment size,20–199 persons,All businesses,67.6,published,,%,D,2006-07,Businesses in the selected category and population.,2006-07:4-1:9,data_2006-07/extracted/81670do004_200607/81670DO004_200607.xls,Table_1,K12,67.6
web,Basic connectivity,2006-07,2006–07,Employment size,200 or more persons,All businesses,95.0,published,,%,D,2006-07,Businesses in the selected category and population.,2006-07:4-1:9,data_2006-07/extracted/81670do004_200607/81670DO004_200607.xls,Table_1,K13,95.0
web,Basic connectivity,2006-07,2006–07,Industry,Mining,All businesses,45.6,published,,%,D,2006-07,Businesses in the selected category and population.,2006-07:4-1:9,data_2006-07/extracted/81670do004_200607/81670DO004_200607.xls,Table_1,K15,45.6
web,Basic connectivity,2006-07,2006–07,Industry,Manufacturing,All businesses,43.3,published,,%,D,2006-07,Businesses in the selected category and population.,2006-07:4-1:9,data_2006-07/extracted/81670do004_200607/81670DO004_200607.xls,Table_1,K16,43.3
web,Basic connectivity,2006-07,2006–07,Industry,"Electricity, Gas, Water and Waste Services",All businesses,29.6,published,,%,D,2006-07,Businesses in the selected category and population.,2006-07:4-1:9,data_2006-07/extracted/81670do004_200607/81670DO004_200607.xls,Table_1,K17,29.6
web,Basic connectivity,2006-07,2006–07,Industry,Construction,All businesses,16.4,published,,%,D,2006-07,Businesses in the selected category and population.,2006-07:4-1:9,data_2006-07/extracted/81670do004_200607/81670DO004_200607.xls,Table_1,K18,16.4
web,Basic connectivity,2006-07,2006–07,Industry,Wholesale Trade,All businesses,48.4,published,,%,D,2006-07,Businesses in the selected category and population.,2006-07:4-1:9,data_2006-07/extracted/81670do004_200607/81670DO004_200607.xls,Table_1,K19,48.4
web,Basic connectivity,2006-07,2006–07,Industry,Retail Trade,All businesses,37.5,published,,%,D,2006-07,Businesses in the selected category and population.,2006-07:4-1:9,data_2006-07/extracted/81670do004_200607/81670DO004_200607.xls,Table_1,K20,37.5
web,Basic connectivity,2006-07,2006–07,Industry,Accommodation and Food Services,All businesses,34.3,published,,%,D,2006-07,Businesses in the selected category and population.,2006-07:4-1:9,data_2006-07/extracted/81670do004_200607/81670DO004_200607.xls,Table_1,K21,34.3
web,Basic connectivity,2006-07,2006–07,Industry,"Transport, Postal and Warehousing",All businesses,14.3,published,,%,D,2006-07,Businesses in the selected category and population.,2006-07:4-1:9,data_2006-07/extracted/81670do004_200607/81670DO004_200607.xls,Table_1,K22,14.3
web,Basic connectivity,2006-07,2006–07,Industry,Information Media and Telecommunications,All businesses,65.3,published,,%,D,2006-07,Businesses in the selected category and population.,2006-07:4-1:9,data_2006-07/extracted/81670do004_200607/81670DO004_200607.xls,Table_1,K23,65.3
web,Basic connectivity,2006-07,2006–07,Industry,Financial and Insurance Services,All businesses,44.5,published,,%,D,2006-07,Businesses in the selected category and population.,2006-07:4-1:9,data_2006-07/extracted/81670do004_200607/81670DO004_200607.xls,Table_1,K24,44.5
web,Basic connectivity,2006-07,2006–07,Industry,"Rental, Hiring and Real Estate Services",All businesses,51.8,published,,%,D,2006-07,Businesses in the selected category and population.,2006-07:4-1:9,data_2006-07/extracted/81670do004_200607/81670DO004_200607.xls,Table_1,K25,51.8
web,Basic connectivity,2006-07,2006–07,Industry,"Professional, Scientific and Technical Services",All businesses,45.3,published,,%,D,2006-07,Businesses in the selected category and population.,2006-07:4-1:9,data_2006-07/extracted/81670do004_200607/81670DO004_200607.xls,Table_1,K26,45.3
web,Basic connectivity,2006-07,2006–07,Industry,Administrative and Support Services,All businesses,36.5,published,,%,D,2006-07,Businesses in the selected category and population.,2006-07:4-1:9,data_2006-07/extracted/81670do004_200607/81670DO004_200607.xls,Table_1,K27,36.5
web,Basic connectivity,2006-07,2006–07,Industry,Health Care and Social Assistance,All businesses,22.8,published,,%,D,2006-07,Businesses in the selected category and population.,2006-07:4-1:9,data_2006-07/extracted/81670do004_200607/81670DO004_200607.xls,Table_1,K28,22.8
web,Basic connectivity,2006-07,2006–07,Industry,Arts and Recreation Services,All businesses,53.6,published,,%,D,2006-07,Businesses in the selected category and population.,2006-07:4-1:9,data_2006-07/extracted/81670do004_200607/81670DO004_200607.xls,Table_1,K29,53.6
web,Basic connectivity,2006-07,2006–07,Industry,Other Services,All businesses,24.3,published,,%,D,2006-07,Businesses in the selected category and population.,2006-07:4-1:9,data_2006-07/extracted/81670do004_200607/81670DO004_200607.xls,Table_1,K30,24.3
web,Basic connectivity,2006-07,2006–07,Overall,Total,All businesses,33.9,published,,%,D,2006-07,Businesses in the selected category and population.,2006-07:4-1:9,data_2006-07/extracted/81670do004_200607/81670DO004_200607.xls,Table_1,K31,33.9
placed,Digital transactions,2006-07,2006–07,Employment size,0–4 persons,All businesses,34.1,published,,%,D,2006-07,Businesses in the selected category and population.,2006-07:4-1:10,data_2006-07/extracted/81670do004_200607/81670DO004_200607.xls,Table_1,L10,34.1
placed,Digital transactions,2006-07,2006–07,Employment size,5–19 persons,All businesses,48.6,published,,%,D,2006-07,Businesses in the selected category and population.,2006-07:4-1:10,data_2006-07/extracted/81670do004_200607/81670DO004_200607.xls,Table_1,L11,48.6
placed,Digital transactions,2006-07,2006–07,Employment size,20–199 persons,All businesses,51.8,published,,%,D,2006-07,Businesses in the selected category and population.,2006-07:4-1:10,data_2006-07/extracted/81670do004_200607/81670DO004_200607.xls,Table_1,L12,51.8
placed,Digital transactions,2006-07,2006–07,Employment size,200 or more persons,All businesses,69.2,published,,%,D,2006-07,Businesses in the selected category and population.,2006-07:4-1:10,data_2006-07/extracted/81670do004_200607/81670DO004_200607.xls,Table_1,L13,69.2
placed,Digital transactions,2006-07,2006–07,Industry,Mining,All businesses,34.6,published,,%,D,2006-07,Businesses in the selected category and population.,2006-07:4-1:10,data_2006-07/extracted/81670do004_200607/81670DO004_200607.xls,Table_1,L15,34.6
placed,Digital transactions,2006-07,2006–07,Industry,Manufacturing,All businesses,40.9,published,,%,D,2006-07,Businesses in the selected category and population.,2006-07:4-1:10,data_2006-07/extracted/81670do004_200607/81670DO004_200607.xls,Table_1,L16,40.9
placed,Digital transactions,2006-07,2006–07,Industry,"Electricity, Gas, Water and Waste Services",All businesses,21.6,published,,%,D,2006-07,Businesses in the selected category and population.,2006-07:4-1:10,data_2006-07/extracted/81670do004_200607/81670DO004_200607.xls,Table_1,L17,21.6
placed,Digital transactions,2006-07,2006–07,Industry,Construction,All businesses,27.2,published,,%,D,2006-07,Businesses in the selected category and population.,2006-07:4-1:10,data_2006-07/extracted/81670do004_200607/81670DO004_200607.xls,Table_1,L18,27.2
placed,Digital transactions,2006-07,2006–07,Industry,Wholesale Trade,All businesses,45.1,published,,%,D,2006-07,Businesses in the selected category and population.,2006-07:4-1:10,data_2006-07/extracted/81670do004_200607/81670DO004_200607.xls,Table_1,L19,45.1
placed,Digital transactions,2006-07,2006–07,Industry,Retail Trade,All businesses,43.5,published,,%,D,2006-07,Businesses in the selected category and population.,2006-07:4-1:10,data_2006-07/extracted/81670do004_200607/81670DO004_200607.xls,Table_1,L20,43.5
placed,Digital transactions,2006-07,2006–07,Industry,Accommodation and Food Services,All businesses,29.9,published,,%,D,2006-07,Businesses in the selected category and population.,2006-07:4-1:10,data_2006-07/extracted/81670do004_200607/81670DO004_200607.xls,Table_1,L21,29.9
placed,Digital transactions,2006-07,2006–07,Industry,"Transport, Postal and Warehousing",All businesses,21.4,published,,%,D,2006-07,Businesses in the selected category and population.,2006-07:4-1:10,data_2006-07/extracted/81670do004_200607/81670DO004_200607.xls,Table_1,L22,21.4
placed,Digital transactions,2006-07,2006–07,Industry,Information Media and Telecommunications,All businesses,67.6,published,,%,D,2006-07,Businesses in the selected category and population.,2006-07:4-1:10,data_2006-07/extracted/81670do004_200607/81670DO004_200607.xls,Table_1,L23,67.6
placed,Digital transactions,2006-07,2006–07,Industry,Financial and Insurance Services,All businesses,45.5,published,,%,D,2006-07,Businesses in the selected category and population.,2006-07:4-1:10,data_2006-07/extracted/81670do004_200607/81670DO004_200607.xls,Table_1,L24,45.5
placed,Digital transactions,2006-07,2006–07,Industry,"Rental, Hiring and Real Estate Services",All businesses,44.6,published,,%,D,2006-07,Businesses in the selected category and population.,2006-07:4-1:10,data_2006-07/extracted/81670do004_200607/81670DO004_200607.xls,Table_1,L25,44.6
placed,Digital transactions,2006-07,2006–07,Industry,"Professional, Scientific and Technical Services",All businesses,63.0,published,,%,D,2006-07,Businesses in the selected category and population.,2006-07:4-1:10,data_2006-07/extracted/81670do004_200607/81670DO004_200607.xls,Table_1,L26,63.0
placed,Digital transactions,2006-07,2006–07,Industry,Administrative and Support Services,All businesses,37.2,published,,%,D,2006-07,Businesses in the selected category and population.,2006-07:4-1:10,data_2006-07/extracted/81670do004_200607/81670DO004_200607.xls,Table_1,L27,37.2
placed,Digital transactions,2006-07,2006–07,Industry,Health Care and Social Assistance,All businesses,34.9,published,,%,D,2006-07,Businesses in the selected category and population.,2006-07:4-1:10,data_2006-07/extracted/81670do004_200607/81670DO004_200607.xls,Table_1,L28,34.9
placed,Digital transactions,2006-07,2006–07,Industry,Arts and Recreation Services,All businesses,44.1,published,,%,D,2006-07,Businesses in the selected category and population.,2006-07:4-1:10,data_2006-07/extracted/81670do004_200607/81670DO004_200607.xls,Table_1,L29,44.1
placed,Digital transactions,2006-07,2006–07,Industry,Other Services,All businesses,32.8,published,,%,D,2006-07,Businesses in the selected category and population.,2006-07:4-1:10,data_2006-07/extracted/81670do004_200607/81670DO004_200607.xls,Table_1,L30,32.8
placed,Digital transactions,2006-07,2006–07,Overall,Total,All businesses,39.8,published,,%,D,2006-07,Businesses in the selected category and population.,2006-07:4-1:10,data_2006-07/extracted/81670do004_200607/81670DO004_200607.xls,Table_1,L31,39.8
received,Digital transactions,2006-07,2006–07,Employment size,0–4 persons,All businesses,19.7,published,,%,D,2006-07,Businesses in the selected category and population.,2006-07:4-1:11,data_2006-07/extracted/81670do004_200607/81670DO004_200607.xls,Table_1,M10,19.7
received,Digital transactions,2006-07,2006–07,Employment size,5–19 persons,All businesses,29.0,published,,%,D,2006-07,Businesses in the selected category and population.,2006-07:4-1:11,data_2006-07/extracted/81670do004_200607/81670DO004_200607.xls,Table_1,M11,29.0
received,Digital transactions,2006-07,2006–07,Employment size,20–199 persons,All businesses,30.7,published,,%,D,2006-07,Businesses in the selected category and population.,2006-07:4-1:11,data_2006-07/extracted/81670do004_200607/81670DO004_200607.xls,Table_1,M12,30.7
received,Digital transactions,2006-07,2006–07,Employment size,200 or more persons,All businesses,25.9,published,,%,D,2006-07,Businesses in the selected category and population.,2006-07:4-1:11,data_2006-07/extracted/81670do004_200607/81670DO004_200607.xls,Table_1,M13,25.9
received,Digital transactions,2006-07,2006–07,Industry,Mining,All businesses,15.3,published,,%,D,2006-07,Businesses in the selected category and population.,2006-07:4-1:11,data_2006-07/extracted/81670do004_200607/81670DO004_200607.xls,Table_1,M15,15.3
received,Digital transactions,2006-07,2006–07,Industry,Manufacturing,All businesses,34.4,published,,%,D,2006-07,Businesses in the selected category and population.,2006-07:4-1:11,data_2006-07/extracted/81670do004_200607/81670DO004_200607.xls,Table_1,M16,34.4
received,Digital transactions,2006-07,2006–07,Industry,"Electricity, Gas, Water and Waste Services",All businesses,12.0,published,,%,D,2006-07,Businesses in the selected category and population.,2006-07:4-1:11,data_2006-07/extracted/81670do004_200607/81670DO004_200607.xls,Table_1,M17,12.0
received,Digital transactions,2006-07,2006–07,Industry,Construction,All businesses,17.0,published,,%,D,2006-07,Businesses in the selected category and population.,2006-07:4-1:11,data_2006-07/extracted/81670do004_200607/81670DO004_200607.xls,Table_1,M18,17.0
received,Digital transactions,2006-07,2006–07,Industry,Wholesale Trade,All businesses,37.8,published,,%,D,2006-07,Businesses in the selected category and population.,2006-07:4-1:11,data_2006-07/extracted/81670do004_200607/81670DO004_200607.xls,Table_1,M19,37.8
received,Digital transactions,2006-07,2006–07,Industry,Retail Trade,All businesses,30.7,published,,%,D,2006-07,Businesses in the selected category and population.,2006-07:4-1:11,data_2006-07/extracted/81670do004_200607/81670DO004_200607.xls,Table_1,M20,30.7
received,Digital transactions,2006-07,2006–07,Industry,Accommodation and Food Services,All businesses,18.2,published,,%,D,2006-07,Businesses in the selected category and population.,2006-07:4-1:11,data_2006-07/extracted/81670do004_200607/81670DO004_200607.xls,Table_1,M21,18.2
received,Digital transactions,2006-07,2006–07,Industry,"Transport, Postal and Warehousing",All businesses,13.0,published,,%,D,2006-07,Businesses in the selected category and population.,2006-07:4-1:11,data_2006-07/extracted/81670do004_200607/81670DO004_200607.xls,Table_1,M22,13.0
received,Digital transactions,2006-07,2006–07,Industry,Information Media and Telecommunications,All businesses,40.3,published,,%,D,2006-07,Businesses in the selected category and population.,2006-07:4-1:11,data_2006-07/extracted/81670do004_200607/81670DO004_200607.xls,Table_1,M23,40.3
received,Digital transactions,2006-07,2006–07,Industry,Financial and Insurance Services,All businesses,20.3,published,,%,D,2006-07,Businesses in the selected category and population.,2006-07:4-1:11,data_2006-07/extracted/81670do004_200607/81670DO004_200607.xls,Table_1,M24,20.3
received,Digital transactions,2006-07,2006–07,Industry,"Rental, Hiring and Real Estate Services",All businesses,24.8,published,,%,D,2006-07,Businesses in the selected category and population.,2006-07:4-1:11,data_2006-07/extracted/81670do004_200607/81670DO004_200607.xls,Table_1,M25,24.8
received,Digital transactions,2006-07,2006–07,Industry,"Professional, Scientific and Technical Services",All businesses,28.5,published,,%,D,2006-07,Businesses in the selected category and population.,2006-07:4-1:11,data_2006-07/extracted/81670do004_200607/81670DO004_200607.xls,Table_1,M26,28.5
received,Digital transactions,2006-07,2006–07,Industry,Administrative and Support Services,All businesses,23.1,published,,%,D,2006-07,Businesses in the selected category and population.,2006-07:4-1:11,data_2006-07/extracted/81670do004_200607/81670DO004_200607.xls,Table_1,M27,23.1
received,Digital transactions,2006-07,2006–07,Industry,Health Care and Social Assistance,All businesses,12.2,published,,%,D,2006-07,Businesses in the selected category and population.,2006-07:4-1:11,data_2006-07/extracted/81670do004_200607/81670DO004_200607.xls,Table_1,M28,12.2
received,Digital transactions,2006-07,2006–07,Industry,Arts and Recreation Services,All businesses,26.8,published,,%,D,2006-07,Businesses in the selected category and population.,2006-07:4-1:11,data_2006-07/extracted/81670do004_200607/81670DO004_200607.xls,Table_1,M29,26.8
received,Digital transactions,2006-07,2006–07,Industry,Other Services,All businesses,15.6,published,,%,D,2006-07,Businesses in the selected category and population.,2006-07:4-1:11,data_2006-07/extracted/81670do004_200607/81670DO004_200607.xls,Table_1,M30,15.6
received,Digital transactions,2006-07,2006–07,Overall,Total,All businesses,23.3,published,,%,D,2006-07,Businesses in the selected category and population.,2006-07:4-1:11,data_2006-07/extracted/81670do004_200607/81670DO004_200607.xls,Table_1,M31,23.3
internet,Basic connectivity,2008-09,2008–09,Employment size,0–4 persons,All businesses,87.7,published,,%,D,2008-09,All businesses in the selected category and population.,2008-09:4-1:8,data_2008-09/extracted/81670do004_200809/81670DO004_200809.xls,Table_1,J10,87.7
internet,Basic connectivity,2008-09,2008–09,Employment size,5–19 persons,All businesses,93.8,published,,%,D,2008-09,All businesses in the selected category and population.,2008-09:4-1:8,data_2008-09/extracted/81670do004_200809/81670DO004_200809.xls,Table_1,J11,93.8
internet,Basic connectivity,2008-09,2008–09,Employment size,20–199 persons,All businesses,98.0,published,,%,D,2008-09,All businesses in the selected category and population.,2008-09:4-1:8,data_2008-09/extracted/81670do004_200809/81670DO004_200809.xls,Table_1,J12,98.0
internet,Basic connectivity,2008-09,2008–09,Employment size,200 or more persons,All businesses,99.0,published,,%,D,2008-09,All businesses in the selected category and population.,2008-09:4-1:8,data_2008-09/extracted/81670do004_200809/81670DO004_200809.xls,Table_1,J13,99.0
internet,Basic connectivity,2008-09,2008–09,Industry,Mining,All businesses,93.0,published,,%,D,2008-09,All businesses in the selected category and population.,2008-09:4-1:8,data_2008-09/extracted/81670do004_200809/81670DO004_200809.xls,Table_1,J15,93.0
internet,Basic connectivity,2008-09,2008–09,Industry,Manufacturing,All businesses,92.6,published,,%,D,2008-09,All businesses in the selected category and population.,2008-09:4-1:8,data_2008-09/extracted/81670do004_200809/81670DO004_200809.xls,Table_1,J16,92.6
internet,Basic connectivity,2008-09,2008–09,Industry,"Electricity, Gas, Water and Waste Services",All businesses,93.9,published,,%,D,2008-09,All businesses in the selected category and population.,2008-09:4-1:8,data_2008-09/extracted/81670do004_200809/81670DO004_200809.xls,Table_1,J17,93.9
internet,Basic connectivity,2008-09,2008–09,Industry,Construction,All businesses,90.9,published,,%,D,2008-09,All businesses in the selected category and population.,2008-09:4-1:8,data_2008-09/extracted/81670do004_200809/81670DO004_200809.xls,Table_1,J18,90.9
internet,Basic connectivity,2008-09,2008–09,Industry,Wholesale Trade,All businesses,95.5,published,,%,D,2008-09,All businesses in the selected category and population.,2008-09:4-1:8,data_2008-09/extracted/81670do004_200809/81670DO004_200809.xls,Table_1,J19,95.5
internet,Basic connectivity,2008-09,2008–09,Industry,Retail Trade,All businesses,88.6,published,,%,D,2008-09,All businesses in the selected category and population.,2008-09:4-1:8,data_2008-09/extracted/81670do004_200809/81670DO004_200809.xls,Table_1,J20,88.6
internet,Basic connectivity,2008-09,2008–09,Industry,Accommodation and Food Services,All businesses,73.4,published,,%,D,2008-09,All businesses in the selected category and population.,2008-09:4-1:8,data_2008-09/extracted/81670do004_200809/81670DO004_200809.xls,Table_1,J21,73.4
internet,Basic connectivity,2008-09,2008–09,Industry,"Transport, Postal and Warehousing",All businesses,77.6,published,,%,D,2008-09,All businesses in the selected category and population.,2008-09:4-1:8,data_2008-09/extracted/81670do004_200809/81670DO004_200809.xls,Table_1,J22,77.6
internet,Basic connectivity,2008-09,2008–09,Industry,Information Media and Telecommunications,All businesses,99.0,published,,%,D,2008-09,All businesses in the selected category and population.,2008-09:4-1:8,data_2008-09/extracted/81670do004_200809/81670DO004_200809.xls,Table_1,J23,99.0
internet,Basic connectivity,2008-09,2008–09,Industry,Financial and Insurance Services,All businesses,98.7,published,,%,D,2008-09,All businesses in the selected category and population.,2008-09:4-1:8,data_2008-09/extracted/81670do004_200809/81670DO004_200809.xls,Table_1,J24,98.7
internet,Basic connectivity,2008-09,2008–09,Industry,"Rental, Hiring and Real Estate Services",All businesses,91.0,published,,%,D,2008-09,All businesses in the selected category and population.,2008-09:4-1:8,data_2008-09/extracted/81670do004_200809/81670DO004_200809.xls,Table_1,J25,91.0
internet,Basic connectivity,2008-09,2008–09,Industry,"Professional, Scientific and Technical Services",All businesses,98.6,published,,%,D,2008-09,All businesses in the selected category and population.,2008-09:4-1:8,data_2008-09/extracted/81670do004_200809/81670DO004_200809.xls,Table_1,J26,98.6
internet,Basic connectivity,2008-09,2008–09,Industry,Administrative and Support Services,All businesses,95.2,published,,%,D,2008-09,All businesses in the selected category and population.,2008-09:4-1:8,data_2008-09/extracted/81670do004_200809/81670DO004_200809.xls,Table_1,J27,95.2
internet,Basic connectivity,2008-09,2008–09,Industry,Health Care and Social Assistance,All businesses,92.9,published,,%,D,2008-09,All businesses in the selected category and population.,2008-09:4-1:8,data_2008-09/extracted/81670do004_200809/81670DO004_200809.xls,Table_1,J28,92.9
internet,Basic connectivity,2008-09,2008–09,Industry,Arts and Recreation Services,All businesses,91.5,published,,%,D,2008-09,All businesses in the selected category and population.,2008-09:4-1:8,data_2008-09/extracted/81670do004_200809/81670DO004_200809.xls,Table_1,J29,91.5
internet,Basic connectivity,2008-09,2008–09,Industry,Other Services,All businesses,84.3,published,,%,D,2008-09,All businesses in the selected category and population.,2008-09:4-1:8,data_2008-09/extracted/81670do004_200809/81670DO004_200809.xls,Table_1,J30,84.3
internet,Basic connectivity,2008-09,2008–09,Overall,Total,All businesses,90.5,published,,%,D,2008-09,All businesses in the selected category and population.,2008-09:4-1:8,data_2008-09/extracted/81670do004_200809/81670DO004_200809.xls,Table_1,J31,90.5
web,Basic connectivity,2008-09,2008–09,Employment size,0–4 persons,All businesses,31.2,published,,%,D,2008-09,All businesses in the selected category and population.,2008-09:4-1:9,data_2008-09/extracted/81670do004_200809/81670DO004_200809.xls,Table_1,K10,31.2
web,Basic connectivity,2008-09,2008–09,Employment size,5–19 persons,All businesses,53.3,published,,%,D,2008-09,All businesses in the selected category and population.,2008-09:4-1:9,data_2008-09/extracted/81670do004_200809/81670DO004_200809.xls,Table_1,K11,53.3
web,Basic connectivity,2008-09,2008–09,Employment size,20–199 persons,All businesses,70.0,published,,%,D,2008-09,All businesses in the selected category and population.,2008-09:4-1:9,data_2008-09/extracted/81670do004_200809/81670DO004_200809.xls,Table_1,K12,70.0
web,Basic connectivity,2008-09,2008–09,Employment size,200 or more persons,All businesses,95.1,published,,%,D,2008-09,All businesses in the selected category and population.,2008-09:4-1:9,data_2008-09/extracted/81670do004_200809/81670DO004_200809.xls,Table_1,K13,95.1
web,Basic connectivity,2008-09,2008–09,Industry,Mining,All businesses,49.6,published,,%,D,2008-09,All businesses in the selected category and population.,2008-09:4-1:9,data_2008-09/extracted/81670do004_200809/81670DO004_200809.xls,Table_1,K15,49.6
web,Basic connectivity,2008-09,2008–09,Industry,Manufacturing,All businesses,47.7,published,,%,D,2008-09,All businesses in the selected category and population.,2008-09:4-1:9,data_2008-09/extracted/81670do004_200809/81670DO004_200809.xls,Table_1,K16,47.7
web,Basic connectivity,2008-09,2008–09,Industry,"Electricity, Gas, Water and Waste Services",All businesses,32.7,published,,%,D,2008-09,All businesses in the selected category and population.,2008-09:4-1:9,data_2008-09/extracted/81670do004_200809/81670DO004_200809.xls,Table_1,K17,32.7
web,Basic connectivity,2008-09,2008–09,Industry,Construction,All businesses,27.1,published,,%,D,2008-09,All businesses in the selected category and population.,2008-09:4-1:9,data_2008-09/extracted/81670do004_200809/81670DO004_200809.xls,Table_1,K18,27.1
web,Basic connectivity,2008-09,2008–09,Industry,Wholesale Trade,All businesses,58.7,published,,%,D,2008-09,All businesses in the selected category and population.,2008-09:4-1:9,data_2008-09/extracted/81670do004_200809/81670DO004_200809.xls,Table_1,K19,58.7
web,Basic connectivity,2008-09,2008–09,Industry,Retail Trade,All businesses,43.9,published,,%,D,2008-09,All businesses in the selected category and population.,2008-09:4-1:9,data_2008-09/extracted/81670do004_200809/81670DO004_200809.xls,Table_1,K20,43.9
web,Basic connectivity,2008-09,2008–09,Industry,Accommodation and Food Services,All businesses,42.0,published,,%,D,2008-09,All businesses in the selected category and population.,2008-09:4-1:9,data_2008-09/extracted/81670do004_200809/81670DO004_200809.xls,Table_1,K21,42.0
web,Basic connectivity,2008-09,2008–09,Industry,"Transport, Postal and Warehousing",All businesses,20.7,published,,%,D,2008-09,All businesses in the selected category and population.,2008-09:4-1:9,data_2008-09/extracted/81670do004_200809/81670DO004_200809.xls,Table_1,K22,20.7
web,Basic connectivity,2008-09,2008–09,Industry,Information Media and Telecommunications,All businesses,65.0,published,,%,D,2008-09,All businesses in the selected category and population.,2008-09:4-1:9,data_2008-09/extracted/81670do004_200809/81670DO004_200809.xls,Table_1,K23,65.0
web,Basic connectivity,2008-09,2008–09,Industry,Financial and Insurance Services,All businesses,50.3,published,,%,D,2008-09,All businesses in the selected category and population.,2008-09:4-1:9,data_2008-09/extracted/81670do004_200809/81670DO004_200809.xls,Table_1,K24,50.3
web,Basic connectivity,2008-09,2008–09,Industry,"Rental, Hiring and Real Estate Services",All businesses,54.2,published,,%,D,2008-09,All businesses in the selected category and population.,2008-09:4-1:9,data_2008-09/extracted/81670do004_200809/81670DO004_200809.xls,Table_1,K25,54.2
web,Basic connectivity,2008-09,2008–09,Industry,"Professional, Scientific and Technical Services",All businesses,54.7,published,,%,D,2008-09,All businesses in the selected category and population.,2008-09:4-1:9,data_2008-09/extracted/81670do004_200809/81670DO004_200809.xls,Table_1,K26,54.7
web,Basic connectivity,2008-09,2008–09,Industry,Administrative and Support Services,All businesses,41.5,published,,%,D,2008-09,All businesses in the selected category and population.,2008-09:4-1:9,data_2008-09/extracted/81670do004_200809/81670DO004_200809.xls,Table_1,K27,41.5
web,Basic connectivity,2008-09,2008–09,Industry,Health Care and Social Assistance,All businesses,30.3,published,,%,D,2008-09,All businesses in the selected category and population.,2008-09:4-1:9,data_2008-09/extracted/81670do004_200809/81670DO004_200809.xls,Table_1,K28,30.3
web,Basic connectivity,2008-09,2008–09,Industry,Arts and Recreation Services,All businesses,59.1,published,,%,D,2008-09,All businesses in the selected category and population.,2008-09:4-1:9,data_2008-09/extracted/81670do004_200809/81670DO004_200809.xls,Table_1,K29,59.1
web,Basic connectivity,2008-09,2008–09,Industry,Other Services,All businesses,32.1,published,,%,D,2008-09,All businesses in the selected category and population.,2008-09:4-1:9,data_2008-09/extracted/81670do004_200809/81670DO004_200809.xls,Table_1,K30,32.1
web,Basic connectivity,2008-09,2008–09,Overall,Total,All businesses,41.5,published,,%,D,2008-09,All businesses in the selected category and population.,2008-09:4-1:9,data_2008-09/extracted/81670do004_200809/81670DO004_200809.xls,Table_1,K31,41.5
placed,Digital transactions,2008-09,2008–09,Employment size,0–4 persons,All businesses,40.6,published,,%,D,2008-09,All businesses in the selected category and population.,2008-09:4-1:10,data_2008-09/extracted/81670do004_200809/81670DO004_200809.xls,Table_1,L10,40.6
placed,Digital transactions,2008-09,2008–09,Employment size,5–19 persons,All businesses,52.8,published,,%,D,2008-09,All businesses in the selected category and population.,2008-09:4-1:10,data_2008-09/extracted/81670do004_200809/81670DO004_200809.xls,Table_1,L11,52.8
placed,Digital transactions,2008-09,2008–09,Employment size,20–199 persons,All businesses,58.7,published,,%,D,2008-09,All businesses in the selected category and population.,2008-09:4-1:10,data_2008-09/extracted/81670do004_200809/81670DO004_200809.xls,Table_1,L12,58.7
placed,Digital transactions,2008-09,2008–09,Employment size,200 or more persons,All businesses,75.1,published,,%,D,2008-09,All businesses in the selected category and population.,2008-09:4-1:10,data_2008-09/extracted/81670do004_200809/81670DO004_200809.xls,Table_1,L13,75.1
placed,Digital transactions,2008-09,2008–09,Industry,Mining,All businesses,47.6,published,,%,D,2008-09,All businesses in the selected category and population.,2008-09:4-1:10,data_2008-09/extracted/81670do004_200809/81670DO004_200809.xls,Table_1,L15,47.6
placed,Digital transactions,2008-09,2008–09,Industry,Manufacturing,All businesses,45.2,published,,%,D,2008-09,All businesses in the selected category and population.,2008-09:4-1:10,data_2008-09/extracted/81670do004_200809/81670DO004_200809.xls,Table_1,L16,45.2
placed,Digital transactions,2008-09,2008–09,Industry,"Electricity, Gas, Water and Waste Services",All businesses,33.2,published,,%,D,2008-09,All businesses in the selected category and population.,2008-09:4-1:10,data_2008-09/extracted/81670do004_200809/81670DO004_200809.xls,Table_1,L17,33.2
placed,Digital transactions,2008-09,2008–09,Industry,Construction,All businesses,33.1,published,,%,D,2008-09,All businesses in the selected category and population.,2008-09:4-1:10,data_2008-09/extracted/81670do004_200809/81670DO004_200809.xls,Table_1,L18,33.1
placed,Digital transactions,2008-09,2008–09,Industry,Wholesale Trade,All businesses,54.0,published,,%,D,2008-09,All businesses in the selected category and population.,2008-09:4-1:10,data_2008-09/extracted/81670do004_200809/81670DO004_200809.xls,Table_1,L19,54.0
placed,Digital transactions,2008-09,2008–09,Industry,Retail Trade,All businesses,56.4,published,,%,D,2008-09,All businesses in the selected category and population.,2008-09:4-1:10,data_2008-09/extracted/81670do004_200809/81670DO004_200809.xls,Table_1,L20,56.4
placed,Digital transactions,2008-09,2008–09,Industry,Accommodation and Food Services,All businesses,28.8,published,,%,D,2008-09,All businesses in the selected category and population.,2008-09:4-1:10,data_2008-09/extracted/81670do004_200809/81670DO004_200809.xls,Table_1,L21,28.8
placed,Digital transactions,2008-09,2008–09,Industry,"Transport, Postal and Warehousing",All businesses,31.6,published,,%,D,2008-09,All businesses in the selected category and population.,2008-09:4-1:10,data_2008-09/extracted/81670do004_200809/81670DO004_200809.xls,Table_1,L22,31.6
placed,Digital transactions,2008-09,2008–09,Industry,Information Media and Telecommunications,All businesses,67.1,published,,%,D,2008-09,All businesses in the selected category and population.,2008-09:4-1:10,data_2008-09/extracted/81670do004_200809/81670DO004_200809.xls,Table_1,L23,67.1
placed,Digital transactions,2008-09,2008–09,Industry,Financial and Insurance Services,All businesses,48.1,published,,%,D,2008-09,All businesses in the selected category and population.,2008-09:4-1:10,data_2008-09/extracted/81670do004_200809/81670DO004_200809.xls,Table_1,L24,48.1
placed,Digital transactions,2008-09,2008–09,Industry,"Rental, Hiring and Real Estate Services",All businesses,50.2,published,,%,D,2008-09,All businesses in the selected category and population.,2008-09:4-1:10,data_2008-09/extracted/81670do004_200809/81670DO004_200809.xls,Table_1,L25,50.2
placed,Digital transactions,2008-09,2008–09,Industry,"Professional, Scientific and Technical Services",All businesses,65.9,published,,%,D,2008-09,All businesses in the selected category and population.,2008-09:4-1:10,data_2008-09/extracted/81670do004_200809/81670DO004_200809.xls,Table_1,L26,65.9
placed,Digital transactions,2008-09,2008–09,Industry,Administrative and Support Services,All businesses,43.2,published,,%,D,2008-09,All businesses in the selected category and population.,2008-09:4-1:10,data_2008-09/extracted/81670do004_200809/81670DO004_200809.xls,Table_1,L27,43.2
placed,Digital transactions,2008-09,2008–09,Industry,Health Care and Social Assistance,All businesses,43.6,published,,%,D,2008-09,All businesses in the selected category and population.,2008-09:4-1:10,data_2008-09/extracted/81670do004_200809/81670DO004_200809.xls,Table_1,L28,43.6
placed,Digital transactions,2008-09,2008–09,Industry,Arts and Recreation Services,All businesses,52.1,published,,%,D,2008-09,All businesses in the selected category and population.,2008-09:4-1:10,data_2008-09/extracted/81670do004_200809/81670DO004_200809.xls,Table_1,L29,52.1
placed,Digital transactions,2008-09,2008–09,Industry,Other Services,All businesses,38.8,published,,%,D,2008-09,All businesses in the selected category and population.,2008-09:4-1:10,data_2008-09/extracted/81670do004_200809/81670DO004_200809.xls,Table_1,L30,38.8
placed,Digital transactions,2008-09,2008–09,Overall,Total,All businesses,46.0,published,,%,D,2008-09,All businesses in the selected category and population.,2008-09:4-1:10,data_2008-09/extracted/81670do004_200809/81670DO004_200809.xls,Table_1,L31,46.0
received,Digital transactions,2008-09,2008–09,Employment size,0–4 persons,All businesses,23.5,published,,%,D,2008-09,All businesses in the selected category and population.,2008-09:4-1:11,data_2008-09/extracted/81670do004_200809/81670DO004_200809.xls,Table_1,M10,23.5
received,Digital transactions,2008-09,2008–09,Employment size,5–19 persons,All businesses,31.8,published,,%,D,2008-09,All businesses in the selected category and population.,2008-09:4-1:11,data_2008-09/extracted/81670do004_200809/81670DO004_200809.xls,Table_1,M11,31.8
received,Digital transactions,2008-09,2008–09,Employment size,20–199 persons,All businesses,35.3,published,,%,D,2008-09,All businesses in the selected category and population.,2008-09:4-1:11,data_2008-09/extracted/81670do004_200809/81670DO004_200809.xls,Table_1,M12,35.3
received,Digital transactions,2008-09,2008–09,Employment size,200 or more persons,All businesses,35.9,published,,%,D,2008-09,All businesses in the selected category and population.,2008-09:4-1:11,data_2008-09/extracted/81670do004_200809/81670DO004_200809.xls,Table_1,M13,35.9
received,Digital transactions,2008-09,2008–09,Industry,Mining,All businesses,14.3,published,,%,D,2008-09,All businesses in the selected category and population.,2008-09:4-1:11,data_2008-09/extracted/81670do004_200809/81670DO004_200809.xls,Table_1,M15,14.3
received,Digital transactions,2008-09,2008–09,Industry,Manufacturing,All businesses,43.7,published,,%,D,2008-09,All businesses in the selected category and population.,2008-09:4-1:11,data_2008-09/extracted/81670do004_200809/81670DO004_200809.xls,Table_1,M16,43.7
received,Digital transactions,2008-09,2008–09,Industry,"Electricity, Gas, Water and Waste Services",All businesses,17.9,published,,%,D,2008-09,All businesses in the selected category and population.,2008-09:4-1:11,data_2008-09/extracted/81670do004_200809/81670DO004_200809.xls,Table_1,M17,17.9
received,Digital transactions,2008-09,2008–09,Industry,Construction,All businesses,23.3,published,,%,D,2008-09,All businesses in the selected category and population.,2008-09:4-1:11,data_2008-09/extracted/81670do004_200809/81670DO004_200809.xls,Table_1,M18,23.3
received,Digital transactions,2008-09,2008–09,Industry,Wholesale Trade,All businesses,45.4,published,,%,D,2008-09,All businesses in the selected category and population.,2008-09:4-1:11,data_2008-09/extracted/81670do004_200809/81670DO004_200809.xls,Table_1,M19,45.4
received,Digital transactions,2008-09,2008–09,Industry,Retail Trade,All businesses,35.7,published,,%,D,2008-09,All businesses in the selected category and population.,2008-09:4-1:11,data_2008-09/extracted/81670do004_200809/81670DO004_200809.xls,Table_1,M20,35.7
received,Digital transactions,2008-09,2008–09,Industry,Accommodation and Food Services,All businesses,22.6,published,,%,D,2008-09,All businesses in the selected category and population.,2008-09:4-1:11,data_2008-09/extracted/81670do004_200809/81670DO004_200809.xls,Table_1,M21,22.6
received,Digital transactions,2008-09,2008–09,Industry,"Transport, Postal and Warehousing",All businesses,20.5,published,,%,D,2008-09,All businesses in the selected category and population.,2008-09:4-1:11,data_2008-09/extracted/81670do004_200809/81670DO004_200809.xls,Table_1,M22,20.5
received,Digital transactions,2008-09,2008–09,Industry,Information Media and Telecommunications,All businesses,35.1,published,,%,D,2008-09,All businesses in the selected category and population.,2008-09:4-1:11,data_2008-09/extracted/81670do004_200809/81670DO004_200809.xls,Table_1,M23,35.1
received,Digital transactions,2008-09,2008–09,Industry,Financial and Insurance Services,All businesses,21.1,published,,%,D,2008-09,All businesses in the selected category and population.,2008-09:4-1:11,data_2008-09/extracted/81670do004_200809/81670DO004_200809.xls,Table_1,M24,21.1
received,Digital transactions,2008-09,2008–09,Industry,"Rental, Hiring and Real Estate Services",All businesses,21.1,published,,%,D,2008-09,All businesses in the selected category and population.,2008-09:4-1:11,data_2008-09/extracted/81670do004_200809/81670DO004_200809.xls,Table_1,M25,21.1
received,Digital transactions,2008-09,2008–09,Industry,"Professional, Scientific and Technical Services",All businesses,27.6,published,,%,D,2008-09,All businesses in the selected category and population.,2008-09:4-1:11,data_2008-09/extracted/81670do004_200809/81670DO004_200809.xls,Table_1,M26,27.6
received,Digital transactions,2008-09,2008–09,Industry,Administrative and Support Services,All businesses,25.5,published,,%,D,2008-09,All businesses in the selected category and population.,2008-09:4-1:11,data_2008-09/extracted/81670do004_200809/81670DO004_200809.xls,Table_1,M27,25.5
received,Digital transactions,2008-09,2008–09,Industry,Health Care and Social Assistance,All businesses,11.2,published,,%,D,2008-09,All businesses in the selected category and population.,2008-09:4-1:11,data_2008-09/extracted/81670do004_200809/81670DO004_200809.xls,Table_1,M28,11.2
received,Digital transactions,2008-09,2008–09,Industry,Arts and Recreation Services,All businesses,32.8,published,,%,D,2008-09,All businesses in the selected category and population.,2008-09:4-1:11,data_2008-09/extracted/81670do004_200809/81670DO004_200809.xls,Table_1,M29,32.8
received,Digital transactions,2008-09,2008–09,Industry,Other Services,All businesses,22.6,published,,%,D,2008-09,All businesses in the selected category and population.,2008-09:4-1:11,data_2008-09/extracted/81670do004_200809/81670DO004_200809.xls,Table_1,M30,22.6
received,Digital transactions,2008-09,2008–09,Overall,Total,All businesses,27.1,published,,%,D,2008-09,All businesses in the selected category and population.,2008-09:4-1:11,data_2008-09/extracted/81670do004_200809/81670DO004_200809.xls,Table_1,M31,27.1
internet,Basic connectivity,2009-10,2009–10,Employment size,0–4 persons,All businesses,87.3,published,,%,D,2009-10,"All businesses in the selected category and population. Coverage: including Agriculture, Forestry and Fishing.",2009-10:7-1:8,data_2009-10/extracted/81670do007_200910/81670DO007_200910.xls,Table_1,J10,87.3
internet,Basic connectivity,2009-10,2009–10,Employment size,5–19 persons,All businesses,93.7,published,,%,D,2009-10,"All businesses in the selected category and population. Coverage: including Agriculture, Forestry and Fishing.",2009-10:7-1:8,data_2009-10/extracted/81670do007_200910/81670DO007_200910.xls,Table_1,J11,93.7
internet,Basic connectivity,2009-10,2009–10,Employment size,20–199 persons,All businesses,96.4,published,,%,D,2009-10,"All businesses in the selected category and population. Coverage: including Agriculture, Forestry and Fishing.",2009-10:7-1:8,data_2009-10/extracted/81670do007_200910/81670DO007_200910.xls,Table_1,J12,96.4
internet,Basic connectivity,2009-10,2009–10,Employment size,200 or more persons,All businesses,99.2,published,,%,D,2009-10,"All businesses in the selected category and population. Coverage: including Agriculture, Forestry and Fishing.",2009-10:7-1:8,data_2009-10/extracted/81670do007_200910/81670DO007_200910.xls,Table_1,J13,99.2
internet,Basic connectivity,2009-10,2009–10,Industry,"Agriculture, Forestry and Fishing",All businesses,83.0,published,,%,D,2009-10,"All businesses in the selected category and population. Coverage: including Agriculture, Forestry and Fishing.",2009-10:7-1:8,data_2009-10/extracted/81670do007_200910/81670DO007_200910.xls,Table_1,J15,83.0
internet,Basic connectivity,2009-10,2009–10,Industry,Mining,All businesses,95.6,published,,%,D,2009-10,"All businesses in the selected category and population. Coverage: including Agriculture, Forestry and Fishing.",2009-10:7-1:8,data_2009-10/extracted/81670do007_200910/81670DO007_200910.xls,Table_1,J16,95.6
internet,Basic connectivity,2009-10,2009–10,Industry,Manufacturing,All businesses,90.8,published,,%,D,2009-10,"All businesses in the selected category and population. Coverage: including Agriculture, Forestry and Fishing.",2009-10:7-1:8,data_2009-10/extracted/81670do007_200910/81670DO007_200910.xls,Table_1,J17,90.8
internet,Basic connectivity,2009-10,2009–10,Industry,"Electricity, Gas, Water and Waste Services",All businesses,88.8,published,,%,D,2009-10,"All businesses in the selected category and population. Coverage: including Agriculture, Forestry and Fishing.",2009-10:7-1:8,data_2009-10/extracted/81670do007_200910/81670DO007_200910.xls,Table_1,J18,88.8
internet,Basic connectivity,2009-10,2009–10,Industry,Construction,All businesses,91.7,published,,%,D,2009-10,"All businesses in the selected category and population. Coverage: including Agriculture, Forestry and Fishing.",2009-10:7-1:8,data_2009-10/extracted/81670do007_200910/81670DO007_200910.xls,Table_1,J19,91.7
internet,Basic connectivity,2009-10,2009–10,Industry,Wholesale Trade,All businesses,96.1,published,,%,D,2009-10,"All businesses in the selected category and population. Coverage: including Agriculture, Forestry and Fishing.",2009-10:7-1:8,data_2009-10/extracted/81670do007_200910/81670DO007_200910.xls,Table_1,J20,96.1
internet,Basic connectivity,2009-10,2009–10,Industry,Retail Trade,All businesses,88.7,published,,%,D,2009-10,"All businesses in the selected category and population. Coverage: including Agriculture, Forestry and Fishing.",2009-10:7-1:8,data_2009-10/extracted/81670do007_200910/81670DO007_200910.xls,Table_1,J21,88.7
internet,Basic connectivity,2009-10,2009–10,Industry,Accommodation and Food Services,All businesses,73.6,published,,%,D,2009-10,"All businesses in the selected category and population. Coverage: including Agriculture, Forestry and Fishing.",2009-10:7-1:8,data_2009-10/extracted/81670do007_200910/81670DO007_200910.xls,Table_1,J22,73.6
internet,Basic connectivity,2009-10,2009–10,Industry,"Transport, Postal and Warehousing",All businesses,84.1,published,,%,D,2009-10,"All businesses in the selected category and population. Coverage: including Agriculture, Forestry and Fishing.",2009-10:7-1:8,data_2009-10/extracted/81670do007_200910/81670DO007_200910.xls,Table_1,J23,84.1
internet,Basic connectivity,2009-10,2009–10,Industry,Information Media and Telecommunications,All businesses,99.8,published,,%,D,2009-10,"All businesses in the selected category and population. Coverage: including Agriculture, Forestry and Fishing.",2009-10:7-1:8,data_2009-10/extracted/81670do007_200910/81670DO007_200910.xls,Table_1,J24,99.8
internet,Basic connectivity,2009-10,2009–10,Industry,Financial and Insurance Services,All businesses,98.0,published,,%,D,2009-10,"All businesses in the selected category and population. Coverage: including Agriculture, Forestry and Fishing.",2009-10:7-1:8,data_2009-10/extracted/81670do007_200910/81670DO007_200910.xls,Table_1,J25,98.0
internet,Basic connectivity,2009-10,2009–10,Industry,"Rental, Hiring and Real Estate Services",All businesses,89.3,published,,%,D,2009-10,"All businesses in the selected category and population. Coverage: including Agriculture, Forestry and Fishing.",2009-10:7-1:8,data_2009-10/extracted/81670do007_200910/81670DO007_200910.xls,Table_1,J26,89.3
internet,Basic connectivity,2009-10,2009–10,Industry,"Professional, Scientific and Technical Services",All businesses,97.0,published,,%,D,2009-10,"All businesses in the selected category and population. Coverage: including Agriculture, Forestry and Fishing.",2009-10:7-1:8,data_2009-10/extracted/81670do007_200910/81670DO007_200910.xls,Table_1,J27,97.0
internet,Basic connectivity,2009-10,2009–10,Industry,Administrative and Support Services,All businesses,92.3,published,,%,D,2009-10,"All businesses in the selected category and population. Coverage: including Agriculture, Forestry and Fishing.",2009-10:7-1:8,data_2009-10/extracted/81670do007_200910/81670DO007_200910.xls,Table_1,J28,92.3
internet,Basic connectivity,2009-10,2009–10,Industry,Health Care and Social Assistance,All businesses,91.4,published,,%,D,2009-10,"All businesses in the selected category and population. Coverage: including Agriculture, Forestry and Fishing.",2009-10:7-1:8,data_2009-10/extracted/81670do007_200910/81670DO007_200910.xls,Table_1,J29,91.4
internet,Basic connectivity,2009-10,2009–10,Industry,Arts and Recreation Services,All businesses,95.3,published,,%,D,2009-10,"All businesses in the selected category and population. Coverage: including Agriculture, Forestry and Fishing.",2009-10:7-1:8,data_2009-10/extracted/81670do007_200910/81670DO007_200910.xls,Table_1,J30,95.3
internet,Basic connectivity,2009-10,2009–10,Industry,Other Services,All businesses,88.9,published,,%,D,2009-10,"All businesses in the selected category and population. Coverage: including Agriculture, Forestry and Fishing.",2009-10:7-1:8,data_2009-10/extracted/81670do007_200910/81670DO007_200910.xls,Table_1,J31,88.9
internet,Basic connectivity,2009-10,2009–10,Overall,Total,All businesses,90.1,published,,%,D,2009-10,"All businesses in the selected category and population. Coverage: including Agriculture, Forestry and Fishing.",2009-10:7-1:8,data_2009-10/extracted/81670do007_200910/81670DO007_200910.xls,Table_1,J32,90.1
web,Basic connectivity,2009-10,2009–10,Employment size,0–4 persons,All businesses,29.2,published,,%,D,2009-10,"All businesses in the selected category and population. Coverage: including Agriculture, Forestry and Fishing.",2009-10:7-1:9,data_2009-10/extracted/81670do007_200910/81670DO007_200910.xls,Table_1,K10,29.2
web,Basic connectivity,2009-10,2009–10,Employment size,5–19 persons,All businesses,51.5,published,,%,D,2009-10,"All businesses in the selected category and population. Coverage: including Agriculture, Forestry and Fishing.",2009-10:7-1:9,data_2009-10/extracted/81670do007_200910/81670DO007_200910.xls,Table_1,K11,51.5
web,Basic connectivity,2009-10,2009–10,Employment size,20–199 persons,All businesses,73.0,published,,%,D,2009-10,"All businesses in the selected category and population. Coverage: including Agriculture, Forestry and Fishing.",2009-10:7-1:9,data_2009-10/extracted/81670do007_200910/81670DO007_200910.xls,Table_1,K12,73.0
web,Basic connectivity,2009-10,2009–10,Employment size,200 or more persons,All businesses,94.0,published,,%,D,2009-10,"All businesses in the selected category and population. Coverage: including Agriculture, Forestry and Fishing.",2009-10:7-1:9,data_2009-10/extracted/81670do007_200910/81670DO007_200910.xls,Table_1,K13,94.0
web,Basic connectivity,2009-10,2009–10,Industry,"Agriculture, Forestry and Fishing",All businesses,10.9,published,,%,D,2009-10,"All businesses in the selected category and population. Coverage: including Agriculture, Forestry and Fishing.",2009-10:7-1:9,data_2009-10/extracted/81670do007_200910/81670DO007_200910.xls,Table_1,K15,10.9
web,Basic connectivity,2009-10,2009–10,Industry,Mining,All businesses,48.7,published,,%,D,2009-10,"All businesses in the selected category and population. Coverage: including Agriculture, Forestry and Fishing.",2009-10:7-1:9,data_2009-10/extracted/81670do007_200910/81670DO007_200910.xls,Table_1,K16,48.7
web,Basic connectivity,2009-10,2009–10,Industry,Manufacturing,All businesses,52.0,published,,%,D,2009-10,"All businesses in the selected category and population. Coverage: including Agriculture, Forestry and Fishing.",2009-10:7-1:9,data_2009-10/extracted/81670do007_200910/81670DO007_200910.xls,Table_1,K17,52.0
web,Basic connectivity,2009-10,2009–10,Industry,"Electricity, Gas, Water and Waste Services",All businesses,40.8,published,,%,D,2009-10,"All businesses in the selected category and population. Coverage: including Agriculture, Forestry and Fishing.",2009-10:7-1:9,data_2009-10/extracted/81670do007_200910/81670DO007_200910.xls,Table_1,K18,40.8
web,Basic connectivity,2009-10,2009–10,Industry,Construction,All businesses,27.4,published,,%,D,2009-10,"All businesses in the selected category and population. Coverage: including Agriculture, Forestry and Fishing.",2009-10:7-1:9,data_2009-10/extracted/81670do007_200910/81670DO007_200910.xls,Table_1,K19,27.4
web,Basic connectivity,2009-10,2009–10,Industry,Wholesale Trade,All businesses,57.3,published,,%,D,2009-10,"All businesses in the selected category and population. Coverage: including Agriculture, Forestry and Fishing.",2009-10:7-1:9,data_2009-10/extracted/81670do007_200910/81670DO007_200910.xls,Table_1,K20,57.3
web,Basic connectivity,2009-10,2009–10,Industry,Retail Trade,All businesses,46.0,published,,%,D,2009-10,"All businesses in the selected category and population. Coverage: including Agriculture, Forestry and Fishing.",2009-10:7-1:9,data_2009-10/extracted/81670do007_200910/81670DO007_200910.xls,Table_1,K21,46.0
web,Basic connectivity,2009-10,2009–10,Industry,Accommodation and Food Services,All businesses,42.8,published,,%,D,2009-10,"All businesses in the selected category and population. Coverage: including Agriculture, Forestry and Fishing.",2009-10:7-1:9,data_2009-10/extracted/81670do007_200910/81670DO007_200910.xls,Table_1,K22,42.8
web,Basic connectivity,2009-10,2009–10,Industry,"Transport, Postal and Warehousing",All businesses,21.7,published,,%,D,2009-10,"All businesses in the selected category and population. Coverage: including Agriculture, Forestry and Fishing.",2009-10:7-1:9,data_2009-10/extracted/81670do007_200910/81670DO007_200910.xls,Table_1,K23,21.7
web,Basic connectivity,2009-10,2009–10,Industry,Information Media and Telecommunications,All businesses,58.3,published,,%,D,2009-10,"All businesses in the selected category and population. Coverage: including Agriculture, Forestry and Fishing.",2009-10:7-1:9,data_2009-10/extracted/81670do007_200910/81670DO007_200910.xls,Table_1,K24,58.3
web,Basic connectivity,2009-10,2009–10,Industry,Financial and Insurance Services,All businesses,55.8,published,,%,D,2009-10,"All businesses in the selected category and population. Coverage: including Agriculture, Forestry and Fishing.",2009-10:7-1:9,data_2009-10/extracted/81670do007_200910/81670DO007_200910.xls,Table_1,K25,55.8
web,Basic connectivity,2009-10,2009–10,Industry,"Rental, Hiring and Real Estate Services",All businesses,50.3,published,,%,D,2009-10,"All businesses in the selected category and population. Coverage: including Agriculture, Forestry and Fishing.",2009-10:7-1:9,data_2009-10/extracted/81670do007_200910/81670DO007_200910.xls,Table_1,K26,50.3
web,Basic connectivity,2009-10,2009–10,Industry,"Professional, Scientific and Technical Services",All businesses,50.3,published,,%,D,2009-10,"All businesses in the selected category and population. Coverage: including Agriculture, Forestry and Fishing.",2009-10:7-1:9,data_2009-10/extracted/81670do007_200910/81670DO007_200910.xls,Table_1,K27,50.3
web,Basic connectivity,2009-10,2009–10,Industry,Administrative and Support Services,All businesses,39.6,published,,%,D,2009-10,"All businesses in the selected category and population. Coverage: including Agriculture, Forestry and Fishing.",2009-10:7-1:9,data_2009-10/extracted/81670do007_200910/81670DO007_200910.xls,Table_1,K28,39.6
web,Basic connectivity,2009-10,2009–10,Industry,Health Care and Social Assistance,All businesses,36.4,published,,%,D,2009-10,"All businesses in the selected category and population. Coverage: including Agriculture, Forestry and Fishing.",2009-10:7-1:9,data_2009-10/extracted/81670do007_200910/81670DO007_200910.xls,Table_1,K29,36.4
web,Basic connectivity,2009-10,2009–10,Industry,Arts and Recreation Services,All businesses,64.9,published,,%,D,2009-10,"All businesses in the selected category and population. Coverage: including Agriculture, Forestry and Fishing.",2009-10:7-1:9,data_2009-10/extracted/81670do007_200910/81670DO007_200910.xls,Table_1,K30,64.9
web,Basic connectivity,2009-10,2009–10,Industry,Other Services,All businesses,40.4,published,,%,D,2009-10,"All businesses in the selected category and population. Coverage: including Agriculture, Forestry and Fishing.",2009-10:7-1:9,data_2009-10/extracted/81670do007_200910/81670DO007_200910.xls,Table_1,K31,40.4
web,Basic connectivity,2009-10,2009–10,Overall,Total,All businesses,40.0,published,,%,D,2009-10,"All businesses in the selected category and population. Coverage: including Agriculture, Forestry and Fishing.",2009-10:7-1:9,data_2009-10/extracted/81670do007_200910/81670DO007_200910.xls,Table_1,K32,40.0
placed,Digital transactions,2009-10,2009–10,Employment size,0–4 persons,All businesses,39.8,published,,%,D,2009-10,"All businesses in the selected category and population. Coverage: including Agriculture, Forestry and Fishing.",2009-10:7-1:10,data_2009-10/extracted/81670do007_200910/81670DO007_200910.xls,Table_1,L10,39.8
placed,Digital transactions,2009-10,2009–10,Employment size,5–19 persons,All businesses,54.4,published,,%,D,2009-10,"All businesses in the selected category and population. Coverage: including Agriculture, Forestry and Fishing.",2009-10:7-1:10,data_2009-10/extracted/81670do007_200910/81670DO007_200910.xls,Table_1,L11,54.4
placed,Digital transactions,2009-10,2009–10,Employment size,20–199 persons,All businesses,63.3,published,,%,D,2009-10,"All businesses in the selected category and population. Coverage: including Agriculture, Forestry and Fishing.",2009-10:7-1:10,data_2009-10/extracted/81670do007_200910/81670DO007_200910.xls,Table_1,L12,63.3
placed,Digital transactions,2009-10,2009–10,Employment size,200 or more persons,All businesses,72.6,published,,%,D,2009-10,"All businesses in the selected category and population. Coverage: including Agriculture, Forestry and Fishing.",2009-10:7-1:10,data_2009-10/extracted/81670do007_200910/81670DO007_200910.xls,Table_1,L13,72.6
placed,Digital transactions,2009-10,2009–10,Industry,"Agriculture, Forestry and Fishing",All businesses,25.9,published,,%,D,2009-10,"All businesses in the selected category and population. Coverage: including Agriculture, Forestry and Fishing.",2009-10:7-1:10,data_2009-10/extracted/81670do007_200910/81670DO007_200910.xls,Table_1,L15,25.9
placed,Digital transactions,2009-10,2009–10,Industry,Mining,All businesses,53.2,published,,%,D,2009-10,"All businesses in the selected category and population. Coverage: including Agriculture, Forestry and Fishing.",2009-10:7-1:10,data_2009-10/extracted/81670do007_200910/81670DO007_200910.xls,Table_1,L16,53.2
placed,Digital transactions,2009-10,2009–10,Industry,Manufacturing,All businesses,53.4,published,,%,D,2009-10,"All businesses in the selected category and population. Coverage: including Agriculture, Forestry and Fishing.",2009-10:7-1:10,data_2009-10/extracted/81670do007_200910/81670DO007_200910.xls,Table_1,L17,53.4
placed,Digital transactions,2009-10,2009–10,Industry,"Electricity, Gas, Water and Waste Services",All businesses,41.2,published,,%,D,2009-10,"All businesses in the selected category and population. Coverage: including Agriculture, Forestry and Fishing.",2009-10:7-1:10,data_2009-10/extracted/81670do007_200910/81670DO007_200910.xls,Table_1,L18,41.2
placed,Digital transactions,2009-10,2009–10,Industry,Construction,All businesses,35.2,published,,%,D,2009-10,"All businesses in the selected category and population. Coverage: including Agriculture, Forestry and Fishing.",2009-10:7-1:10,data_2009-10/extracted/81670do007_200910/81670DO007_200910.xls,Table_1,L19,35.2
placed,Digital transactions,2009-10,2009–10,Industry,Wholesale Trade,All businesses,58.3,published,,%,D,2009-10,"All businesses in the selected category and population. Coverage: including Agriculture, Forestry and Fishing.",2009-10:7-1:10,data_2009-10/extracted/81670do007_200910/81670DO007_200910.xls,Table_1,L20,58.3
placed,Digital transactions,2009-10,2009–10,Industry,Retail Trade,All businesses,51.4,published,,%,D,2009-10,"All businesses in the selected category and population. Coverage: including Agriculture, Forestry and Fishing.",2009-10:7-1:10,data_2009-10/extracted/81670do007_200910/81670DO007_200910.xls,Table_1,L21,51.4
placed,Digital transactions,2009-10,2009–10,Industry,Accommodation and Food Services,All businesses,36.5,published,,%,D,2009-10,"All businesses in the selected category and population. Coverage: including Agriculture, Forestry and Fishing.",2009-10:7-1:10,data_2009-10/extracted/81670do007_200910/81670DO007_200910.xls,Table_1,L22,36.5
placed,Digital transactions,2009-10,2009–10,Industry,"Transport, Postal and Warehousing",All businesses,28.1,published,,%,D,2009-10,"All businesses in the selected category and population. Coverage: including Agriculture, Forestry and Fishing.",2009-10:7-1:10,data_2009-10/extracted/81670do007_200910/81670DO007_200910.xls,Table_1,L23,28.1
placed,Digital transactions,2009-10,2009–10,Industry,Information Media and Telecommunications,All businesses,70.4,published,,%,D,2009-10,"All businesses in the selected category and population. Coverage: including Agriculture, Forestry and Fishing.",2009-10:7-1:10,data_2009-10/extracted/81670do007_200910/81670DO007_200910.xls,Table_1,L24,70.4
placed,Digital transactions,2009-10,2009–10,Industry,Financial and Insurance Services,All businesses,50.0,published,,%,D,2009-10,"All businesses in the selected category and population. Coverage: including Agriculture, Forestry and Fishing.",2009-10:7-1:10,data_2009-10/extracted/81670do007_200910/81670DO007_200910.xls,Table_1,L25,50.0
placed,Digital transactions,2009-10,2009–10,Industry,"Rental, Hiring and Real Estate Services",All businesses,49.9,published,,%,D,2009-10,"All businesses in the selected category and population. Coverage: including Agriculture, Forestry and Fishing.",2009-10:7-1:10,data_2009-10/extracted/81670do007_200910/81670DO007_200910.xls,Table_1,L26,49.9
placed,Digital transactions,2009-10,2009–10,Industry,"Professional, Scientific and Technical Services",All businesses,70.8,published,,%,D,2009-10,"All businesses in the selected category and population. Coverage: including Agriculture, Forestry and Fishing.",2009-10:7-1:10,data_2009-10/extracted/81670do007_200910/81670DO007_200910.xls,Table_1,L27,70.8
placed,Digital transactions,2009-10,2009–10,Industry,Administrative and Support Services,All businesses,37.5,published,,%,D,2009-10,"All businesses in the selected category and population. Coverage: including Agriculture, Forestry and Fishing.",2009-10:7-1:10,data_2009-10/extracted/81670do007_200910/81670DO007_200910.xls,Table_1,L28,37.5
placed,Digital transactions,2009-10,2009–10,Industry,Health Care and Social Assistance,All businesses,42.5,published,,%,D,2009-10,"All businesses in the selected category and population. Coverage: including Agriculture, Forestry and Fishing.",2009-10:7-1:10,data_2009-10/extracted/81670do007_200910/81670DO007_200910.xls,Table_1,L29,42.5
placed,Digital transactions,2009-10,2009–10,Industry,Arts and Recreation Services,All businesses,52.3,published,,%,D,2009-10,"All businesses in the selected category and population. Coverage: including Agriculture, Forestry and Fishing.",2009-10:7-1:10,data_2009-10/extracted/81670do007_200910/81670DO007_200910.xls,Table_1,L30,52.3
placed,Digital transactions,2009-10,2009–10,Industry,Other Services,All businesses,46.2,published,,%,D,2009-10,"All businesses in the selected category and population. Coverage: including Agriculture, Forestry and Fishing.",2009-10:7-1:10,data_2009-10/extracted/81670do007_200910/81670DO007_200910.xls,Table_1,L31,46.2
placed,Digital transactions,2009-10,2009–10,Overall,Total,All businesses,46.5,published,,%,D,2009-10,"All businesses in the selected category and population. Coverage: including Agriculture, Forestry and Fishing.",2009-10:7-1:10,data_2009-10/extracted/81670do007_200910/81670DO007_200910.xls,Table_1,L32,46.5
received,Digital transactions,2009-10,2009–10,Employment size,0–4 persons,All businesses,21.0,published,,%,D,2009-10,"All businesses in the selected category and population. Coverage: including Agriculture, Forestry and Fishing.",2009-10:7-1:11,data_2009-10/extracted/81670do007_200910/81670DO007_200910.xls,Table_1,M10,21.0
received,Digital transactions,2009-10,2009–10,Employment size,5–19 persons,All businesses,29.4,published,,%,D,2009-10,"All businesses in the selected category and population. Coverage: including Agriculture, Forestry and Fishing.",2009-10:7-1:11,data_2009-10/extracted/81670do007_200910/81670DO007_200910.xls,Table_1,M11,29.4
received,Digital transactions,2009-10,2009–10,Employment size,20–199 persons,All businesses,33.5,published,,%,D,2009-10,"All businesses in the selected category and population. Coverage: including Agriculture, Forestry and Fishing.",2009-10:7-1:11,data_2009-10/extracted/81670do007_200910/81670DO007_200910.xls,Table_1,M12,33.5
received,Digital transactions,2009-10,2009–10,Employment size,200 or more persons,All businesses,33.8,published,,%,D,2009-10,"All businesses in the selected category and population. Coverage: including Agriculture, Forestry and Fishing.",2009-10:7-1:11,data_2009-10/extracted/81670do007_200910/81670DO007_200910.xls,Table_1,M13,33.8
received,Digital transactions,2009-10,2009–10,Industry,"Agriculture, Forestry and Fishing",All businesses,10.7,published,,%,D,2009-10,"All businesses in the selected category and population. Coverage: including Agriculture, Forestry and Fishing.",2009-10:7-1:11,data_2009-10/extracted/81670do007_200910/81670DO007_200910.xls,Table_1,M15,10.7
received,Digital transactions,2009-10,2009–10,Industry,Mining,All businesses,12.6,published,,%,D,2009-10,"All businesses in the selected category and population. Coverage: including Agriculture, Forestry and Fishing.",2009-10:7-1:11,data_2009-10/extracted/81670do007_200910/81670DO007_200910.xls,Table_1,M16,12.6
received,Digital transactions,2009-10,2009–10,Industry,Manufacturing,All businesses,40.8,published,,%,D,2009-10,"All businesses in the selected category and population. Coverage: including Agriculture, Forestry and Fishing.",2009-10:7-1:11,data_2009-10/extracted/81670do007_200910/81670DO007_200910.xls,Table_1,M17,40.8
received,Digital transactions,2009-10,2009–10,Industry,"Electricity, Gas, Water and Waste Services",All businesses,23.0,published,,%,D,2009-10,"All businesses in the selected category and population. Coverage: including Agriculture, Forestry and Fishing.",2009-10:7-1:11,data_2009-10/extracted/81670do007_200910/81670DO007_200910.xls,Table_1,M18,23.0
received,Digital transactions,2009-10,2009–10,Industry,Construction,All businesses,21.8,published,,%,D,2009-10,"All businesses in the selected category and population. Coverage: including Agriculture, Forestry and Fishing.",2009-10:7-1:11,data_2009-10/extracted/81670do007_200910/81670DO007_200910.xls,Table_1,M19,21.8
received,Digital transactions,2009-10,2009–10,Industry,Wholesale Trade,All businesses,48.8,published,,%,D,2009-10,"All businesses in the selected category and population. Coverage: including Agriculture, Forestry and Fishing.",2009-10:7-1:11,data_2009-10/extracted/81670do007_200910/81670DO007_200910.xls,Table_1,M20,48.8
received,Digital transactions,2009-10,2009–10,Industry,Retail Trade,All businesses,33.8,published,,%,D,2009-10,"All businesses in the selected category and population. Coverage: including Agriculture, Forestry and Fishing.",2009-10:7-1:11,data_2009-10/extracted/81670do007_200910/81670DO007_200910.xls,Table_1,M21,33.8
received,Digital transactions,2009-10,2009–10,Industry,Accommodation and Food Services,All businesses,22.6,published,,%,D,2009-10,"All businesses in the selected category and population. Coverage: including Agriculture, Forestry and Fishing.",2009-10:7-1:11,data_2009-10/extracted/81670do007_200910/81670DO007_200910.xls,Table_1,M22,22.6
received,Digital transactions,2009-10,2009–10,Industry,"Transport, Postal and Warehousing",All businesses,14.4,published,,%,D,2009-10,"All businesses in the selected category and population. Coverage: including Agriculture, Forestry and Fishing.",2009-10:7-1:11,data_2009-10/extracted/81670do007_200910/81670DO007_200910.xls,Table_1,M23,14.4
received,Digital transactions,2009-10,2009–10,Industry,Information Media and Telecommunications,All businesses,37.0,published,,%,D,2009-10,"All businesses in the selected category and population. Coverage: including Agriculture, Forestry and Fishing.",2009-10:7-1:11,data_2009-10/extracted/81670do007_200910/81670DO007_200910.xls,Table_1,M24,37.0
received,Digital transactions,2009-10,2009–10,Industry,Financial and Insurance Services,All businesses,18.6,published,,%,D,2009-10,"All businesses in the selected category and population. Coverage: including Agriculture, Forestry and Fishing.",2009-10:7-1:11,data_2009-10/extracted/81670do007_200910/81670DO007_200910.xls,Table_1,M25,18.6
received,Digital transactions,2009-10,2009–10,Industry,"Rental, Hiring and Real Estate Services",All businesses,23.3,published,,%,D,2009-10,"All businesses in the selected category and population. Coverage: including Agriculture, Forestry and Fishing.",2009-10:7-1:11,data_2009-10/extracted/81670do007_200910/81670DO007_200910.xls,Table_1,M26,23.3
received,Digital transactions,2009-10,2009–10,Industry,"Professional, Scientific and Technical Services",All businesses,27.0,published,,%,D,2009-10,"All businesses in the selected category and population. Coverage: including Agriculture, Forestry and Fishing.",2009-10:7-1:11,data_2009-10/extracted/81670do007_200910/81670DO007_200910.xls,Table_1,M27,27.0
received,Digital transactions,2009-10,2009–10,Industry,Administrative and Support Services,All businesses,22.9,published,,%,D,2009-10,"All businesses in the selected category and population. Coverage: including Agriculture, Forestry and Fishing.",2009-10:7-1:11,data_2009-10/extracted/81670do007_200910/81670DO007_200910.xls,Table_1,M28,22.9
received,Digital transactions,2009-10,2009–10,Industry,Health Care and Social Assistance,All businesses,6.9,published,,%,D,2009-10,"All businesses in the selected category and population. Coverage: including Agriculture, Forestry and Fishing.",2009-10:7-1:11,data_2009-10/extracted/81670do007_200910/81670DO007_200910.xls,Table_1,M29,6.9
received,Digital transactions,2009-10,2009–10,Industry,Arts and Recreation Services,All businesses,35.9,published,,%,D,2009-10,"All businesses in the selected category and population. Coverage: including Agriculture, Forestry and Fishing.",2009-10:7-1:11,data_2009-10/extracted/81670do007_200910/81670DO007_200910.xls,Table_1,M30,35.9
received,Digital transactions,2009-10,2009–10,Industry,Other Services,All businesses,23.8,published,,%,D,2009-10,"All businesses in the selected category and population. Coverage: including Agriculture, Forestry and Fishing.",2009-10:7-1:11,data_2009-10/extracted/81670do007_200910/81670DO007_200910.xls,Table_1,M31,23.8
received,Digital transactions,2009-10,2009–10,Overall,Total,All businesses,24.8,published,,%,D,2009-10,"All businesses in the selected category and population. Coverage: including Agriculture, Forestry and Fishing.",2009-10:7-1:11,data_2009-10/extracted/81670do007_200910/81670DO007_200910.xls,Table_1,M32,24.8
internet,Basic connectivity,2010-11,2010–11,Employment size,0–4 persons,All businesses,89.1,published,,%,D,2010-11,"All businesses in the selected category and population. Coverage includes Agriculture, Forestry and Fishing.",2010-11:4-1:8,data_2010-11/extracted/81670do004_201011/81670DO004_201011.XLS,Table_1,J10,89.1
internet,Basic connectivity,2010-11,2010–11,Employment size,5–19 persons,All businesses,93.3,published,,%,D,2010-11,"All businesses in the selected category and population. Coverage includes Agriculture, Forestry and Fishing.",2010-11:4-1:8,data_2010-11/extracted/81670do004_201011/81670DO004_201011.XLS,Table_1,J11,93.3
internet,Basic connectivity,2010-11,2010–11,Employment size,20–199 persons,All businesses,98.2,published,,%,D,2010-11,"All businesses in the selected category and population. Coverage includes Agriculture, Forestry and Fishing.",2010-11:4-1:8,data_2010-11/extracted/81670do004_201011/81670DO004_201011.XLS,Table_1,J12,98.2
internet,Basic connectivity,2010-11,2010–11,Employment size,200 or more persons,All businesses,100.0,published,,%,D,2010-11,"All businesses in the selected category and population. Coverage includes Agriculture, Forestry and Fishing.",2010-11:4-1:8,data_2010-11/extracted/81670do004_201011/81670DO004_201011.XLS,Table_1,J13,100.0
internet,Basic connectivity,2010-11,2010–11,Industry,"Agriculture, Forestry and Fishing",All businesses,88.5,published,,%,D,2010-11,"All businesses in the selected category and population. Coverage includes Agriculture, Forestry and Fishing.",2010-11:4-1:8,data_2010-11/extracted/81670do004_201011/81670DO004_201011.XLS,Table_1,J15,88.5
internet,Basic connectivity,2010-11,2010–11,Industry,Mining,All businesses,94.9,published,,%,D,2010-11,"All businesses in the selected category and population. Coverage includes Agriculture, Forestry and Fishing.",2010-11:4-1:8,data_2010-11/extracted/81670do004_201011/81670DO004_201011.XLS,Table_1,J16,94.9
internet,Basic connectivity,2010-11,2010–11,Industry,Manufacturing,All businesses,92.6,published,,%,D,2010-11,"All businesses in the selected category and population. Coverage includes Agriculture, Forestry and Fishing.",2010-11:4-1:8,data_2010-11/extracted/81670do004_201011/81670DO004_201011.XLS,Table_1,J17,92.6
internet,Basic connectivity,2010-11,2010–11,Industry,"Electricity, Gas, Water and Waste Services",All businesses,90.7,published,,%,D,2010-11,"All businesses in the selected category and population. Coverage includes Agriculture, Forestry and Fishing.",2010-11:4-1:8,data_2010-11/extracted/81670do004_201011/81670DO004_201011.XLS,Table_1,J18,90.7
internet,Basic connectivity,2010-11,2010–11,Industry,Construction,All businesses,92.2,published,,%,D,2010-11,"All businesses in the selected category and population. Coverage includes Agriculture, Forestry and Fishing.",2010-11:4-1:8,data_2010-11/extracted/81670do004_201011/81670DO004_201011.XLS,Table_1,J19,92.2
internet,Basic connectivity,2010-11,2010–11,Industry,Wholesale Trade,All businesses,97.0,published,,%,D,2010-11,"All businesses in the selected category and population. Coverage includes Agriculture, Forestry and Fishing.",2010-11:4-1:8,data_2010-11/extracted/81670do004_201011/81670DO004_201011.XLS,Table_1,J20,97.0
internet,Basic connectivity,2010-11,2010–11,Industry,Retail Trade,All businesses,89.9,published,,%,D,2010-11,"All businesses in the selected category and population. Coverage includes Agriculture, Forestry and Fishing.",2010-11:4-1:8,data_2010-11/extracted/81670do004_201011/81670DO004_201011.XLS,Table_1,J21,89.9
internet,Basic connectivity,2010-11,2010–11,Industry,Accommodation and Food Services,All businesses,73.0,published,,%,D,2010-11,"All businesses in the selected category and population. Coverage includes Agriculture, Forestry and Fishing.",2010-11:4-1:8,data_2010-11/extracted/81670do004_201011/81670DO004_201011.XLS,Table_1,J22,73.0
internet,Basic connectivity,2010-11,2010–11,Industry,"Transport, Postal and Warehousing",All businesses,83.2,published,,%,D,2010-11,"All businesses in the selected category and population. Coverage includes Agriculture, Forestry and Fishing.",2010-11:4-1:8,data_2010-11/extracted/81670do004_201011/81670DO004_201011.XLS,Table_1,J23,83.2
internet,Basic connectivity,2010-11,2010–11,Industry,Information Media and Telecommunications,All businesses,99.0,published,,%,D,2010-11,"All businesses in the selected category and population. Coverage includes Agriculture, Forestry and Fishing.",2010-11:4-1:8,data_2010-11/extracted/81670do004_201011/81670DO004_201011.XLS,Table_1,J24,99.0
internet,Basic connectivity,2010-11,2010–11,Industry,Financial and Insurance Services,All businesses,98.0,published,,%,D,2010-11,"All businesses in the selected category and population. Coverage includes Agriculture, Forestry and Fishing.",2010-11:4-1:8,data_2010-11/extracted/81670do004_201011/81670DO004_201011.XLS,Table_1,J25,98.0
internet,Basic connectivity,2010-11,2010–11,Industry,"Rental, Hiring and Real Estate Services",All businesses,93.2,published,,%,D,2010-11,"All businesses in the selected category and population. Coverage includes Agriculture, Forestry and Fishing.",2010-11:4-1:8,data_2010-11/extracted/81670do004_201011/81670DO004_201011.XLS,Table_1,J26,93.2
internet,Basic connectivity,2010-11,2010–11,Industry,"Professional, Scientific and Technical Services",All businesses,99.3,published,,%,D,2010-11,"All businesses in the selected category and population. Coverage includes Agriculture, Forestry and Fishing.",2010-11:4-1:8,data_2010-11/extracted/81670do004_201011/81670DO004_201011.XLS,Table_1,J27,99.3
internet,Basic connectivity,2010-11,2010–11,Industry,Administrative and Support Services,All businesses,92.9,published,,%,D,2010-11,"All businesses in the selected category and population. Coverage includes Agriculture, Forestry and Fishing.",2010-11:4-1:8,data_2010-11/extracted/81670do004_201011/81670DO004_201011.XLS,Table_1,J28,92.9
internet,Basic connectivity,2010-11,2010–11,Industry,Health Care and Social Assistance,All businesses,94.1,published,,%,D,2010-11,"All businesses in the selected category and population. Coverage includes Agriculture, Forestry and Fishing.",2010-11:4-1:8,data_2010-11/extracted/81670do004_201011/81670DO004_201011.XLS,Table_1,J29,94.1
internet,Basic connectivity,2010-11,2010–11,Industry,Arts and Recreation Services,All businesses,96.4,published,,%,D,2010-11,"All businesses in the selected category and population. Coverage includes Agriculture, Forestry and Fishing.",2010-11:4-1:8,data_2010-11/extracted/81670do004_201011/81670DO004_201011.XLS,Table_1,J30,96.4
internet,Basic connectivity,2010-11,2010–11,Industry,Other Services,All businesses,85.6,published,,%,D,2010-11,"All businesses in the selected category and population. Coverage includes Agriculture, Forestry and Fishing.",2010-11:4-1:8,data_2010-11/extracted/81670do004_201011/81670DO004_201011.XLS,Table_1,J31,85.6
internet,Basic connectivity,2010-11,2010–11,Overall,Total,All businesses,91.2,published,,%,D,2010-11,"All businesses in the selected category and population. Coverage includes Agriculture, Forestry and Fishing.",2010-11:4-1:8,data_2010-11/extracted/81670do004_201011/81670DO004_201011.XLS,Table_1,J32,91.2
web,Basic connectivity,2010-11,2010–11,Employment size,0–4 persons,All businesses,33.2,published,,%,D,2010-11,"All businesses in the selected category and population. Coverage includes Agriculture, Forestry and Fishing.",2010-11:4-1:9,data_2010-11/extracted/81670do004_201011/81670DO004_201011.XLS,Table_1,K10,33.2
web,Basic connectivity,2010-11,2010–11,Employment size,5–19 persons,All businesses,53.8,published,,%,D,2010-11,"All businesses in the selected category and population. Coverage includes Agriculture, Forestry and Fishing.",2010-11:4-1:9,data_2010-11/extracted/81670do004_201011/81670DO004_201011.XLS,Table_1,K11,53.8
web,Basic connectivity,2010-11,2010–11,Employment size,20–199 persons,All businesses,73.9,published,,%,D,2010-11,"All businesses in the selected category and population. Coverage includes Agriculture, Forestry and Fishing.",2010-11:4-1:9,data_2010-11/extracted/81670do004_201011/81670DO004_201011.XLS,Table_1,K12,73.9
web,Basic connectivity,2010-11,2010–11,Employment size,200 or more persons,All businesses,97.3,published,,%,D,2010-11,"All businesses in the selected category and population. Coverage includes Agriculture, Forestry and Fishing.",2010-11:4-1:9,data_2010-11/extracted/81670do004_201011/81670DO004_201011.XLS,Table_1,K13,97.3
web,Basic connectivity,2010-11,2010–11,Industry,"Agriculture, Forestry and Fishing",All businesses,13.0,published,,%,D,2010-11,"All businesses in the selected category and population. Coverage includes Agriculture, Forestry and Fishing.",2010-11:4-1:9,data_2010-11/extracted/81670do004_201011/81670DO004_201011.XLS,Table_1,K15,13.0
web,Basic connectivity,2010-11,2010–11,Industry,Mining,All businesses,56.8,published,,%,D,2010-11,"All businesses in the selected category and population. Coverage includes Agriculture, Forestry and Fishing.",2010-11:4-1:9,data_2010-11/extracted/81670do004_201011/81670DO004_201011.XLS,Table_1,K16,56.8
web,Basic connectivity,2010-11,2010–11,Industry,Manufacturing,All businesses,53.2,published,,%,D,2010-11,"All businesses in the selected category and population. Coverage includes Agriculture, Forestry and Fishing.",2010-11:4-1:9,data_2010-11/extracted/81670do004_201011/81670DO004_201011.XLS,Table_1,K17,53.2
web,Basic connectivity,2010-11,2010–11,Industry,"Electricity, Gas, Water and Waste Services",All businesses,49.0,published,,%,D,2010-11,"All businesses in the selected category and population. Coverage includes Agriculture, Forestry and Fishing.",2010-11:4-1:9,data_2010-11/extracted/81670do004_201011/81670DO004_201011.XLS,Table_1,K18,49.0
web,Basic connectivity,2010-11,2010–11,Industry,Construction,All businesses,31.9,published,,%,D,2010-11,"All businesses in the selected category and population. Coverage includes Agriculture, Forestry and Fishing.",2010-11:4-1:9,data_2010-11/extracted/81670do004_201011/81670DO004_201011.XLS,Table_1,K19,31.9
web,Basic connectivity,2010-11,2010–11,Industry,Wholesale Trade,All businesses,64.9,published,,%,D,2010-11,"All businesses in the selected category and population. Coverage includes Agriculture, Forestry and Fishing.",2010-11:4-1:9,data_2010-11/extracted/81670do004_201011/81670DO004_201011.XLS,Table_1,K20,64.9
web,Basic connectivity,2010-11,2010–11,Industry,Retail Trade,All businesses,44.4,published,,%,D,2010-11,"All businesses in the selected category and population. Coverage includes Agriculture, Forestry and Fishing.",2010-11:4-1:9,data_2010-11/extracted/81670do004_201011/81670DO004_201011.XLS,Table_1,K21,44.4
web,Basic connectivity,2010-11,2010–11,Industry,Accommodation and Food Services,All businesses,44.0,published,,%,D,2010-11,"All businesses in the selected category and population. Coverage includes Agriculture, Forestry and Fishing.",2010-11:4-1:9,data_2010-11/extracted/81670do004_201011/81670DO004_201011.XLS,Table_1,K22,44.0
web,Basic connectivity,2010-11,2010–11,Industry,"Transport, Postal and Warehousing",All businesses,21.6,published,,%,D,2010-11,"All businesses in the selected category and population. Coverage includes Agriculture, Forestry and Fishing.",2010-11:4-1:9,data_2010-11/extracted/81670do004_201011/81670DO004_201011.XLS,Table_1,K23,21.6
web,Basic connectivity,2010-11,2010–11,Industry,Information Media and Telecommunications,All businesses,66.7,published,,%,D,2010-11,"All businesses in the selected category and population. Coverage includes Agriculture, Forestry and Fishing.",2010-11:4-1:9,data_2010-11/extracted/81670do004_201011/81670DO004_201011.XLS,Table_1,K24,66.7
web,Basic connectivity,2010-11,2010–11,Industry,Financial and Insurance Services,All businesses,54.8,published,,%,D,2010-11,"All businesses in the selected category and population. Coverage includes Agriculture, Forestry and Fishing.",2010-11:4-1:9,data_2010-11/extracted/81670do004_201011/81670DO004_201011.XLS,Table_1,K25,54.8
web,Basic connectivity,2010-11,2010–11,Industry,"Rental, Hiring and Real Estate Services",All businesses,53.9,published,,%,D,2010-11,"All businesses in the selected category and population. Coverage includes Agriculture, Forestry and Fishing.",2010-11:4-1:9,data_2010-11/extracted/81670do004_201011/81670DO004_201011.XLS,Table_1,K26,53.9
web,Basic connectivity,2010-11,2010–11,Industry,"Professional, Scientific and Technical Services",All businesses,57.6,published,,%,D,2010-11,"All businesses in the selected category and population. Coverage includes Agriculture, Forestry and Fishing.",2010-11:4-1:9,data_2010-11/extracted/81670do004_201011/81670DO004_201011.XLS,Table_1,K27,57.6
web,Basic connectivity,2010-11,2010–11,Industry,Administrative and Support Services,All businesses,40.8,published,,%,D,2010-11,"All businesses in the selected category and population. Coverage includes Agriculture, Forestry and Fishing.",2010-11:4-1:9,data_2010-11/extracted/81670do004_201011/81670DO004_201011.XLS,Table_1,K28,40.8
web,Basic connectivity,2010-11,2010–11,Industry,Health Care and Social Assistance,All businesses,42.2,published,,%,D,2010-11,"All businesses in the selected category and population. Coverage includes Agriculture, Forestry and Fishing.",2010-11:4-1:9,data_2010-11/extracted/81670do004_201011/81670DO004_201011.XLS,Table_1,K29,42.2
web,Basic connectivity,2010-11,2010–11,Industry,Arts and Recreation Services,All businesses,67.0,published,,%,D,2010-11,"All businesses in the selected category and population. Coverage includes Agriculture, Forestry and Fishing.",2010-11:4-1:9,data_2010-11/extracted/81670do004_201011/81670DO004_201011.XLS,Table_1,K30,67.0
web,Basic connectivity,2010-11,2010–11,Industry,Other Services,All businesses,40.1,published,,%,D,2010-11,"All businesses in the selected category and population. Coverage includes Agriculture, Forestry and Fishing.",2010-11:4-1:9,data_2010-11/extracted/81670do004_201011/81670DO004_201011.XLS,Table_1,K31,40.1
web,Basic connectivity,2010-11,2010–11,Overall,Total,All businesses,43.1,published,,%,D,2010-11,"All businesses in the selected category and population. Coverage includes Agriculture, Forestry and Fishing.",2010-11:4-1:9,data_2010-11/extracted/81670do004_201011/81670DO004_201011.XLS,Table_1,K32,43.1
placed,Digital transactions,2010-11,2010–11,Employment size,0–4 persons,All businesses,43.8,published,,%,D,2010-11,"All businesses in the selected category and population. Coverage includes Agriculture, Forestry and Fishing.",2010-11:4-1:10,data_2010-11/extracted/81670do004_201011/81670DO004_201011.XLS,Table_1,L10,43.8
placed,Digital transactions,2010-11,2010–11,Employment size,5–19 persons,All businesses,59.5,published,,%,D,2010-11,"All businesses in the selected category and population. Coverage includes Agriculture, Forestry and Fishing.",2010-11:4-1:10,data_2010-11/extracted/81670do004_201011/81670DO004_201011.XLS,Table_1,L11,59.5
placed,Digital transactions,2010-11,2010–11,Employment size,20–199 persons,All businesses,68.7,published,,%,D,2010-11,"All businesses in the selected category and population. Coverage includes Agriculture, Forestry and Fishing.",2010-11:4-1:10,data_2010-11/extracted/81670do004_201011/81670DO004_201011.XLS,Table_1,L12,68.7
placed,Digital transactions,2010-11,2010–11,Employment size,200 or more persons,All businesses,81.1,published,,%,D,2010-11,"All businesses in the selected category and population. Coverage includes Agriculture, Forestry and Fishing.",2010-11:4-1:10,data_2010-11/extracted/81670do004_201011/81670DO004_201011.XLS,Table_1,L13,81.1
placed,Digital transactions,2010-11,2010–11,Industry,"Agriculture, Forestry and Fishing",All businesses,34.6,published,,%,D,2010-11,"All businesses in the selected category and population. Coverage includes Agriculture, Forestry and Fishing.",2010-11:4-1:10,data_2010-11/extracted/81670do004_201011/81670DO004_201011.XLS,Table_1,L15,34.6
placed,Digital transactions,2010-11,2010–11,Industry,Mining,All businesses,55.6,published,,%,D,2010-11,"All businesses in the selected category and population. Coverage includes Agriculture, Forestry and Fishing.",2010-11:4-1:10,data_2010-11/extracted/81670do004_201011/81670DO004_201011.XLS,Table_1,L16,55.6
placed,Digital transactions,2010-11,2010–11,Industry,Manufacturing,All businesses,58.2,published,,%,D,2010-11,"All businesses in the selected category and population. Coverage includes Agriculture, Forestry and Fishing.",2010-11:4-1:10,data_2010-11/extracted/81670do004_201011/81670DO004_201011.XLS,Table_1,L17,58.2
placed,Digital transactions,2010-11,2010–11,Industry,"Electricity, Gas, Water and Waste Services",All businesses,47.3,published,,%,D,2010-11,"All businesses in the selected category and population. Coverage includes Agriculture, Forestry and Fishing.",2010-11:4-1:10,data_2010-11/extracted/81670do004_201011/81670DO004_201011.XLS,Table_1,L18,47.3
placed,Digital transactions,2010-11,2010–11,Industry,Construction,All businesses,41.1,published,,%,D,2010-11,"All businesses in the selected category and population. Coverage includes Agriculture, Forestry and Fishing.",2010-11:4-1:10,data_2010-11/extracted/81670do004_201011/81670DO004_201011.XLS,Table_1,L19,41.1
placed,Digital transactions,2010-11,2010–11,Industry,Wholesale Trade,All businesses,60.9,published,,%,D,2010-11,"All businesses in the selected category and population. Coverage includes Agriculture, Forestry and Fishing.",2010-11:4-1:10,data_2010-11/extracted/81670do004_201011/81670DO004_201011.XLS,Table_1,L20,60.9
placed,Digital transactions,2010-11,2010–11,Industry,Retail Trade,All businesses,60.0,published,,%,D,2010-11,"All businesses in the selected category and population. Coverage includes Agriculture, Forestry and Fishing.",2010-11:4-1:10,data_2010-11/extracted/81670do004_201011/81670DO004_201011.XLS,Table_1,L21,60.0
placed,Digital transactions,2010-11,2010–11,Industry,Accommodation and Food Services,All businesses,34.7,published,,%,D,2010-11,"All businesses in the selected category and population. Coverage includes Agriculture, Forestry and Fishing.",2010-11:4-1:10,data_2010-11/extracted/81670do004_201011/81670DO004_201011.XLS,Table_1,L22,34.7
placed,Digital transactions,2010-11,2010–11,Industry,"Transport, Postal and Warehousing",All businesses,28.5,published,,%,D,2010-11,"All businesses in the selected category and population. Coverage includes Agriculture, Forestry and Fishing.",2010-11:4-1:10,data_2010-11/extracted/81670do004_201011/81670DO004_201011.XLS,Table_1,L23,28.5
placed,Digital transactions,2010-11,2010–11,Industry,Information Media and Telecommunications,All businesses,72.0,published,,%,D,2010-11,"All businesses in the selected category and population. Coverage includes Agriculture, Forestry and Fishing.",2010-11:4-1:10,data_2010-11/extracted/81670do004_201011/81670DO004_201011.XLS,Table_1,L24,72.0
placed,Digital transactions,2010-11,2010–11,Industry,Financial and Insurance Services,All businesses,55.0,published,,%,D,2010-11,"All businesses in the selected category and population. Coverage includes Agriculture, Forestry and Fishing.",2010-11:4-1:10,data_2010-11/extracted/81670do004_201011/81670DO004_201011.XLS,Table_1,L25,55.0
placed,Digital transactions,2010-11,2010–11,Industry,"Rental, Hiring and Real Estate Services",All businesses,56.7,published,,%,D,2010-11,"All businesses in the selected category and population. Coverage includes Agriculture, Forestry and Fishing.",2010-11:4-1:10,data_2010-11/extracted/81670do004_201011/81670DO004_201011.XLS,Table_1,L26,56.7
placed,Digital transactions,2010-11,2010–11,Industry,"Professional, Scientific and Technical Services",All businesses,72.1,published,,%,D,2010-11,"All businesses in the selected category and population. Coverage includes Agriculture, Forestry and Fishing.",2010-11:4-1:10,data_2010-11/extracted/81670do004_201011/81670DO004_201011.XLS,Table_1,L27,72.1
placed,Digital transactions,2010-11,2010–11,Industry,Administrative and Support Services,All businesses,44.2,published,,%,D,2010-11,"All businesses in the selected category and population. Coverage includes Agriculture, Forestry and Fishing.",2010-11:4-1:10,data_2010-11/extracted/81670do004_201011/81670DO004_201011.XLS,Table_1,L28,44.2
placed,Digital transactions,2010-11,2010–11,Industry,Health Care and Social Assistance,All businesses,59.2,published,,%,D,2010-11,"All businesses in the selected category and population. Coverage includes Agriculture, Forestry and Fishing.",2010-11:4-1:10,data_2010-11/extracted/81670do004_201011/81670DO004_201011.XLS,Table_1,L29,59.2
placed,Digital transactions,2010-11,2010–11,Industry,Arts and Recreation Services,All businesses,61.0,published,,%,D,2010-11,"All businesses in the selected category and population. Coverage includes Agriculture, Forestry and Fishing.",2010-11:4-1:10,data_2010-11/extracted/81670do004_201011/81670DO004_201011.XLS,Table_1,L30,61.0
placed,Digital transactions,2010-11,2010–11,Industry,Other Services,All businesses,37.8,published,,%,D,2010-11,"All businesses in the selected category and population. Coverage includes Agriculture, Forestry and Fishing.",2010-11:4-1:10,data_2010-11/extracted/81670do004_201011/81670DO004_201011.XLS,Table_1,L31,37.8
placed,Digital transactions,2010-11,2010–11,Overall,Total,All businesses,50.8,published,,%,D,2010-11,"All businesses in the selected category and population. Coverage includes Agriculture, Forestry and Fishing.",2010-11:4-1:10,data_2010-11/extracted/81670do004_201011/81670DO004_201011.XLS,Table_1,L32,50.8
received,Digital transactions,2010-11,2010–11,Employment size,0–4 persons,All businesses,24.4,published,,%,D,2010-11,"All businesses in the selected category and population. Coverage includes Agriculture, Forestry and Fishing.",2010-11:4-1:11,data_2010-11/extracted/81670do004_201011/81670DO004_201011.XLS,Table_1,M10,24.4
received,Digital transactions,2010-11,2010–11,Employment size,5–19 persons,All businesses,32.3,published,,%,D,2010-11,"All businesses in the selected category and population. Coverage includes Agriculture, Forestry and Fishing.",2010-11:4-1:11,data_2010-11/extracted/81670do004_201011/81670DO004_201011.XLS,Table_1,M11,32.3
received,Digital transactions,2010-11,2010–11,Employment size,20–199 persons,All businesses,38.4,published,,%,D,2010-11,"All businesses in the selected category and population. Coverage includes Agriculture, Forestry and Fishing.",2010-11:4-1:11,data_2010-11/extracted/81670do004_201011/81670DO004_201011.XLS,Table_1,M12,38.4
received,Digital transactions,2010-11,2010–11,Employment size,200 or more persons,All businesses,38.2,published,,%,D,2010-11,"All businesses in the selected category and population. Coverage includes Agriculture, Forestry and Fishing.",2010-11:4-1:11,data_2010-11/extracted/81670do004_201011/81670DO004_201011.XLS,Table_1,M13,38.2
received,Digital transactions,2010-11,2010–11,Industry,"Agriculture, Forestry and Fishing",All businesses,11.5,published,,%,D,2010-11,"All businesses in the selected category and population. Coverage includes Agriculture, Forestry and Fishing.",2010-11:4-1:11,data_2010-11/extracted/81670do004_201011/81670DO004_201011.XLS,Table_1,M15,11.5
received,Digital transactions,2010-11,2010–11,Industry,Mining,All businesses,16.3,published,,%,D,2010-11,"All businesses in the selected category and population. Coverage includes Agriculture, Forestry and Fishing.",2010-11:4-1:11,data_2010-11/extracted/81670do004_201011/81670DO004_201011.XLS,Table_1,M16,16.3
received,Digital transactions,2010-11,2010–11,Industry,Manufacturing,All businesses,49.6,published,,%,D,2010-11,"All businesses in the selected category and population. Coverage includes Agriculture, Forestry and Fishing.",2010-11:4-1:11,data_2010-11/extracted/81670do004_201011/81670DO004_201011.XLS,Table_1,M17,49.6
received,Digital transactions,2010-11,2010–11,Industry,"Electricity, Gas, Water and Waste Services",All businesses,35.8,published,,%,D,2010-11,"All businesses in the selected category and population. Coverage includes Agriculture, Forestry and Fishing.",2010-11:4-1:11,data_2010-11/extracted/81670do004_201011/81670DO004_201011.XLS,Table_1,M18,35.8
received,Digital transactions,2010-11,2010–11,Industry,Construction,All businesses,22.7,published,,%,D,2010-11,"All businesses in the selected category and population. Coverage includes Agriculture, Forestry and Fishing.",2010-11:4-1:11,data_2010-11/extracted/81670do004_201011/81670DO004_201011.XLS,Table_1,M19,22.7
received,Digital transactions,2010-11,2010–11,Industry,Wholesale Trade,All businesses,51.7,published,,%,D,2010-11,"All businesses in the selected category and population. Coverage includes Agriculture, Forestry and Fishing.",2010-11:4-1:11,data_2010-11/extracted/81670do004_201011/81670DO004_201011.XLS,Table_1,M20,51.7
received,Digital transactions,2010-11,2010–11,Industry,Retail Trade,All businesses,35.3,published,,%,D,2010-11,"All businesses in the selected category and population. Coverage includes Agriculture, Forestry and Fishing.",2010-11:4-1:11,data_2010-11/extracted/81670do004_201011/81670DO004_201011.XLS,Table_1,M21,35.3
received,Digital transactions,2010-11,2010–11,Industry,Accommodation and Food Services,All businesses,22.2,published,,%,D,2010-11,"All businesses in the selected category and population. Coverage includes Agriculture, Forestry and Fishing.",2010-11:4-1:11,data_2010-11/extracted/81670do004_201011/81670DO004_201011.XLS,Table_1,M22,22.2
received,Digital transactions,2010-11,2010–11,Industry,"Transport, Postal and Warehousing",All businesses,22.1,published,,%,D,2010-11,"All businesses in the selected category and population. Coverage includes Agriculture, Forestry and Fishing.",2010-11:4-1:11,data_2010-11/extracted/81670do004_201011/81670DO004_201011.XLS,Table_1,M23,22.1
received,Digital transactions,2010-11,2010–11,Industry,Information Media and Telecommunications,All businesses,42.3,published,,%,D,2010-11,"All businesses in the selected category and population. Coverage includes Agriculture, Forestry and Fishing.",2010-11:4-1:11,data_2010-11/extracted/81670do004_201011/81670DO004_201011.XLS,Table_1,M24,42.3
received,Digital transactions,2010-11,2010–11,Industry,Financial and Insurance Services,All businesses,28.0,published,,%,D,2010-11,"All businesses in the selected category and population. Coverage includes Agriculture, Forestry and Fishing.",2010-11:4-1:11,data_2010-11/extracted/81670do004_201011/81670DO004_201011.XLS,Table_1,M25,28.0
received,Digital transactions,2010-11,2010–11,Industry,"Rental, Hiring and Real Estate Services",All businesses,35.7,published,,%,D,2010-11,"All businesses in the selected category and population. Coverage includes Agriculture, Forestry and Fishing.",2010-11:4-1:11,data_2010-11/extracted/81670do004_201011/81670DO004_201011.XLS,Table_1,M26,35.7
received,Digital transactions,2010-11,2010–11,Industry,"Professional, Scientific and Technical Services",All businesses,29.4,published,,%,D,2010-11,"All businesses in the selected category and population. Coverage includes Agriculture, Forestry and Fishing.",2010-11:4-1:11,data_2010-11/extracted/81670do004_201011/81670DO004_201011.XLS,Table_1,M27,29.4
received,Digital transactions,2010-11,2010–11,Industry,Administrative and Support Services,All businesses,24.3,published,,%,D,2010-11,"All businesses in the selected category and population. Coverage includes Agriculture, Forestry and Fishing.",2010-11:4-1:11,data_2010-11/extracted/81670do004_201011/81670DO004_201011.XLS,Table_1,M28,24.3
received,Digital transactions,2010-11,2010–11,Industry,Health Care and Social Assistance,All businesses,12.6,published,,%,D,2010-11,"All businesses in the selected category and population. Coverage includes Agriculture, Forestry and Fishing.",2010-11:4-1:11,data_2010-11/extracted/81670do004_201011/81670DO004_201011.XLS,Table_1,M29,12.6
received,Digital transactions,2010-11,2010–11,Industry,Arts and Recreation Services,All businesses,33.4,published,,%,D,2010-11,"All businesses in the selected category and population. Coverage includes Agriculture, Forestry and Fishing.",2010-11:4-1:11,data_2010-11/extracted/81670do004_201011/81670DO004_201011.XLS,Table_1,M30,33.4
received,Digital transactions,2010-11,2010–11,Industry,Other Services,All businesses,27.3,published,,%,D,2010-11,"All businesses in the selected category and population. Coverage includes Agriculture, Forestry and Fishing.",2010-11:4-1:11,data_2010-11/extracted/81670do004_201011/81670DO004_201011.XLS,Table_1,M31,27.3
received,Digital transactions,2010-11,2010–11,Overall,Total,All businesses,28.0,published,,%,D,2010-11,"All businesses in the selected category and population. Coverage includes Agriculture, Forestry and Fishing.",2010-11:4-1:11,data_2010-11/extracted/81670do004_201011/81670DO004_201011.XLS,Table_1,M32,28.0
internet,Basic connectivity,2011-12,2011–12,Employment size,0–4 persons,All businesses,90.2,published,,%,D,2011-12,"All businesses in the selected category and population. Coverage includes Agriculture, Forestry and Fishing.",2011-12:4-1:10,data_2011-12/extracted/81670do004_201112/81670DO004_201112.xls,Table_1,L10,90.2
internet,Basic connectivity,2011-12,2011–12,Employment size,5–19 persons,All businesses,93.7,published,,%,D,2011-12,"All businesses in the selected category and population. Coverage includes Agriculture, Forestry and Fishing.",2011-12:4-1:10,data_2011-12/extracted/81670do004_201112/81670DO004_201112.xls,Table_1,L11,93.7
internet,Basic connectivity,2011-12,2011–12,Employment size,20–199 persons,All businesses,98.3,published,,%,D,2011-12,"All businesses in the selected category and population. Coverage includes Agriculture, Forestry and Fishing.",2011-12:4-1:10,data_2011-12/extracted/81670do004_201112/81670DO004_201112.xls,Table_1,L12,98.3
internet,Basic connectivity,2011-12,2011–12,Employment size,200 or more persons,All businesses,99.9,published,,%,D,2011-12,"All businesses in the selected category and population. Coverage includes Agriculture, Forestry and Fishing.",2011-12:4-1:10,data_2011-12/extracted/81670do004_201112/81670DO004_201112.xls,Table_1,L13,99.9
internet,Basic connectivity,2011-12,2011–12,Industry,"Agriculture, Forestry and Fishing",All businesses,84.2,published,,%,D,2011-12,"All businesses in the selected category and population. Coverage includes Agriculture, Forestry and Fishing.",2011-12:4-1:10,data_2011-12/extracted/81670do004_201112/81670DO004_201112.xls,Table_1,L15,84.2
internet,Basic connectivity,2011-12,2011–12,Industry,Mining,All businesses,95.5,published,,%,D,2011-12,"All businesses in the selected category and population. Coverage includes Agriculture, Forestry and Fishing.",2011-12:4-1:10,data_2011-12/extracted/81670do004_201112/81670DO004_201112.xls,Table_1,L16,95.5
internet,Basic connectivity,2011-12,2011–12,Industry,Manufacturing,All businesses,93.1,published,,%,D,2011-12,"All businesses in the selected category and population. Coverage includes Agriculture, Forestry and Fishing.",2011-12:4-1:10,data_2011-12/extracted/81670do004_201112/81670DO004_201112.xls,Table_1,L17,93.1
internet,Basic connectivity,2011-12,2011–12,Industry,"Electricity, Gas, Water and Waste Services",All businesses,91.3,published,,%,D,2011-12,"All businesses in the selected category and population. Coverage includes Agriculture, Forestry and Fishing.",2011-12:4-1:10,data_2011-12/extracted/81670do004_201112/81670DO004_201112.xls,Table_1,L18,91.3
internet,Basic connectivity,2011-12,2011–12,Industry,Construction,All businesses,93.7,published,,%,D,2011-12,"All businesses in the selected category and population. Coverage includes Agriculture, Forestry and Fishing.",2011-12:4-1:10,data_2011-12/extracted/81670do004_201112/81670DO004_201112.xls,Table_1,L19,93.7
internet,Basic connectivity,2011-12,2011–12,Industry,Wholesale Trade,All businesses,97.9,published,,%,D,2011-12,"All businesses in the selected category and population. Coverage includes Agriculture, Forestry and Fishing.",2011-12:4-1:10,data_2011-12/extracted/81670do004_201112/81670DO004_201112.xls,Table_1,L20,97.9
internet,Basic connectivity,2011-12,2011–12,Industry,Retail Trade,All businesses,93.7,published,,%,D,2011-12,"All businesses in the selected category and population. Coverage includes Agriculture, Forestry and Fishing.",2011-12:4-1:10,data_2011-12/extracted/81670do004_201112/81670DO004_201112.xls,Table_1,L21,93.7
internet,Basic connectivity,2011-12,2011–12,Industry,Accommodation and Food Services,All businesses,71.9,published,,%,D,2011-12,"All businesses in the selected category and population. Coverage includes Agriculture, Forestry and Fishing.",2011-12:4-1:10,data_2011-12/extracted/81670do004_201112/81670DO004_201112.xls,Table_1,L22,71.9
internet,Basic connectivity,2011-12,2011–12,Industry,"Transport, Postal and Warehousing",All businesses,86.8,published,,%,D,2011-12,"All businesses in the selected category and population. Coverage includes Agriculture, Forestry and Fishing.",2011-12:4-1:10,data_2011-12/extracted/81670do004_201112/81670DO004_201112.xls,Table_1,L23,86.8
internet,Basic connectivity,2011-12,2011–12,Industry,Information Media and Telecommunications,All businesses,100.0,published,,%,D,2011-12,"All businesses in the selected category and population. Coverage includes Agriculture, Forestry and Fishing.",2011-12:4-1:10,data_2011-12/extracted/81670do004_201112/81670DO004_201112.xls,Table_1,L24,100.0
internet,Basic connectivity,2011-12,2011–12,Industry,Financial and Insurance Services,All businesses,97.9,published,,%,D,2011-12,"All businesses in the selected category and population. Coverage includes Agriculture, Forestry and Fishing.",2011-12:4-1:10,data_2011-12/extracted/81670do004_201112/81670DO004_201112.xls,Table_1,L25,97.9
internet,Basic connectivity,2011-12,2011–12,Industry,"Rental, Hiring and Real Estate Services",All businesses,94.5,published,,%,D,2011-12,"All businesses in the selected category and population. Coverage includes Agriculture, Forestry and Fishing.",2011-12:4-1:10,data_2011-12/extracted/81670do004_201112/81670DO004_201112.xls,Table_1,L26,94.5
internet,Basic connectivity,2011-12,2011–12,Industry,"Professional, Scientific and Technical Services",All businesses,99.3,published,,%,D,2011-12,"All businesses in the selected category and population. Coverage includes Agriculture, Forestry and Fishing.",2011-12:4-1:10,data_2011-12/extracted/81670do004_201112/81670DO004_201112.xls,Table_1,L27,99.3
internet,Basic connectivity,2011-12,2011–12,Industry,Administrative and Support Services,All businesses,90.1,published,,%,D,2011-12,"All businesses in the selected category and population. Coverage includes Agriculture, Forestry and Fishing.",2011-12:4-1:10,data_2011-12/extracted/81670do004_201112/81670DO004_201112.xls,Table_1,L28,90.1
internet,Basic connectivity,2011-12,2011–12,Industry,Health Care and Social Assistance,All businesses,96.6,published,,%,D,2011-12,"All businesses in the selected category and population. Coverage includes Agriculture, Forestry and Fishing.",2011-12:4-1:10,data_2011-12/extracted/81670do004_201112/81670DO004_201112.xls,Table_1,L29,96.6
internet,Basic connectivity,2011-12,2011–12,Industry,Arts and Recreation Services,All businesses,97.9,published,,%,D,2011-12,"All businesses in the selected category and population. Coverage includes Agriculture, Forestry and Fishing.",2011-12:4-1:10,data_2011-12/extracted/81670do004_201112/81670DO004_201112.xls,Table_1,L30,97.9
internet,Basic connectivity,2011-12,2011–12,Industry,Other Services,All businesses,86.3,published,,%,D,2011-12,"All businesses in the selected category and population. Coverage includes Agriculture, Forestry and Fishing.",2011-12:4-1:10,data_2011-12/extracted/81670do004_201112/81670DO004_201112.xls,Table_1,L31,86.3
internet,Basic connectivity,2011-12,2011–12,Overall,Total,All businesses,91.9,published,,%,D,2011-12,"All businesses in the selected category and population. Coverage includes Agriculture, Forestry and Fishing.",2011-12:4-1:10,data_2011-12/extracted/81670do004_201112/81670DO004_201112.xls,Table_1,L32,91.9
web,Basic connectivity,2011-12,2011–12,Employment size,0–4 persons,All businesses,34.1,published,,%,D,2011-12,"All businesses in the selected category and population. Coverage includes Agriculture, Forestry and Fishing.",2011-12:4-1:11,data_2011-12/extracted/81670do004_201112/81670DO004_201112.xls,Table_1,M10,34.1
web,Basic connectivity,2011-12,2011–12,Employment size,5–19 persons,All businesses,57.0,published,,%,D,2011-12,"All businesses in the selected category and population. Coverage includes Agriculture, Forestry and Fishing.",2011-12:4-1:11,data_2011-12/extracted/81670do004_201112/81670DO004_201112.xls,Table_1,M11,57.0
web,Basic connectivity,2011-12,2011–12,Employment size,20–199 persons,All businesses,75.7,published,,%,D,2011-12,"All businesses in the selected category and population. Coverage includes Agriculture, Forestry and Fishing.",2011-12:4-1:11,data_2011-12/extracted/81670do004_201112/81670DO004_201112.xls,Table_1,M12,75.7
web,Basic connectivity,2011-12,2011–12,Employment size,200 or more persons,All businesses,97.0,published,,%,D,2011-12,"All businesses in the selected category and population. Coverage includes Agriculture, Forestry and Fishing.",2011-12:4-1:11,data_2011-12/extracted/81670do004_201112/81670DO004_201112.xls,Table_1,M13,97.0
web,Basic connectivity,2011-12,2011–12,Industry,"Agriculture, Forestry and Fishing",All businesses,10.8,published,,%,D,2011-12,"All businesses in the selected category and population. Coverage includes Agriculture, Forestry and Fishing.",2011-12:4-1:11,data_2011-12/extracted/81670do004_201112/81670DO004_201112.xls,Table_1,M15,10.8
web,Basic connectivity,2011-12,2011–12,Industry,Mining,All businesses,56.5,published,,%,D,2011-12,"All businesses in the selected category and population. Coverage includes Agriculture, Forestry and Fishing.",2011-12:4-1:11,data_2011-12/extracted/81670do004_201112/81670DO004_201112.xls,Table_1,M16,56.5
web,Basic connectivity,2011-12,2011–12,Industry,Manufacturing,All businesses,56.7,published,,%,D,2011-12,"All businesses in the selected category and population. Coverage includes Agriculture, Forestry and Fishing.",2011-12:4-1:11,data_2011-12/extracted/81670do004_201112/81670DO004_201112.xls,Table_1,M17,56.7
web,Basic connectivity,2011-12,2011–12,Industry,"Electricity, Gas, Water and Waste Services",All businesses,55.9,published,,%,D,2011-12,"All businesses in the selected category and population. Coverage includes Agriculture, Forestry and Fishing.",2011-12:4-1:11,data_2011-12/extracted/81670do004_201112/81670DO004_201112.xls,Table_1,M18,55.9
web,Basic connectivity,2011-12,2011–12,Industry,Construction,All businesses,31.4,published,,%,D,2011-12,"All businesses in the selected category and population. Coverage includes Agriculture, Forestry and Fishing.",2011-12:4-1:11,data_2011-12/extracted/81670do004_201112/81670DO004_201112.xls,Table_1,M19,31.4
web,Basic connectivity,2011-12,2011–12,Industry,Wholesale Trade,All businesses,61.3,published,,%,D,2011-12,"All businesses in the selected category and population. Coverage includes Agriculture, Forestry and Fishing.",2011-12:4-1:11,data_2011-12/extracted/81670do004_201112/81670DO004_201112.xls,Table_1,M20,61.3
web,Basic connectivity,2011-12,2011–12,Industry,Retail Trade,All businesses,52.3,published,,%,D,2011-12,"All businesses in the selected category and population. Coverage includes Agriculture, Forestry and Fishing.",2011-12:4-1:11,data_2011-12/extracted/81670do004_201112/81670DO004_201112.xls,Table_1,M21,52.3
web,Basic connectivity,2011-12,2011–12,Industry,Accommodation and Food Services,All businesses,42.0,published,,%,D,2011-12,"All businesses in the selected category and population. Coverage includes Agriculture, Forestry and Fishing.",2011-12:4-1:11,data_2011-12/extracted/81670do004_201112/81670DO004_201112.xls,Table_1,M22,42.0
web,Basic connectivity,2011-12,2011–12,Industry,"Transport, Postal and Warehousing",All businesses,18.5,published,,%,D,2011-12,"All businesses in the selected category and population. Coverage includes Agriculture, Forestry and Fishing.",2011-12:4-1:11,data_2011-12/extracted/81670do004_201112/81670DO004_201112.xls,Table_1,M23,18.5
web,Basic connectivity,2011-12,2011–12,Industry,Information Media and Telecommunications,All businesses,76.4,published,,%,D,2011-12,"All businesses in the selected category and population. Coverage includes Agriculture, Forestry and Fishing.",2011-12:4-1:11,data_2011-12/extracted/81670do004_201112/81670DO004_201112.xls,Table_1,M24,76.4
web,Basic connectivity,2011-12,2011–12,Industry,Financial and Insurance Services,All businesses,56.9,published,,%,D,2011-12,"All businesses in the selected category and population. Coverage includes Agriculture, Forestry and Fishing.",2011-12:4-1:11,data_2011-12/extracted/81670do004_201112/81670DO004_201112.xls,Table_1,M25,56.9
web,Basic connectivity,2011-12,2011–12,Industry,"Rental, Hiring and Real Estate Services",All businesses,58.0,published,,%,D,2011-12,"All businesses in the selected category and population. Coverage includes Agriculture, Forestry and Fishing.",2011-12:4-1:11,data_2011-12/extracted/81670do004_201112/81670DO004_201112.xls,Table_1,M26,58.0
web,Basic connectivity,2011-12,2011–12,Industry,"Professional, Scientific and Technical Services",All businesses,56.6,published,,%,D,2011-12,"All businesses in the selected category and population. Coverage includes Agriculture, Forestry and Fishing.",2011-12:4-1:11,data_2011-12/extracted/81670do004_201112/81670DO004_201112.xls,Table_1,M27,56.6
web,Basic connectivity,2011-12,2011–12,Industry,Administrative and Support Services,All businesses,47.8,published,,%,D,2011-12,"All businesses in the selected category and population. Coverage includes Agriculture, Forestry and Fishing.",2011-12:4-1:11,data_2011-12/extracted/81670do004_201112/81670DO004_201112.xls,Table_1,M28,47.8
web,Basic connectivity,2011-12,2011–12,Industry,Health Care and Social Assistance,All businesses,50.6,published,,%,D,2011-12,"All businesses in the selected category and population. Coverage includes Agriculture, Forestry and Fishing.",2011-12:4-1:11,data_2011-12/extracted/81670do004_201112/81670DO004_201112.xls,Table_1,M29,50.6
web,Basic connectivity,2011-12,2011–12,Industry,Arts and Recreation Services,All businesses,73.1,published,,%,D,2011-12,"All businesses in the selected category and population. Coverage includes Agriculture, Forestry and Fishing.",2011-12:4-1:11,data_2011-12/extracted/81670do004_201112/81670DO004_201112.xls,Table_1,M30,73.1
web,Basic connectivity,2011-12,2011–12,Industry,Other Services,All businesses,42.7,published,,%,D,2011-12,"All businesses in the selected category and population. Coverage includes Agriculture, Forestry and Fishing.",2011-12:4-1:11,data_2011-12/extracted/81670do004_201112/81670DO004_201112.xls,Table_1,M31,42.7
web,Basic connectivity,2011-12,2011–12,Overall,Total,All businesses,44.6,published,,%,D,2011-12,"All businesses in the selected category and population. Coverage includes Agriculture, Forestry and Fishing.",2011-12:4-1:11,data_2011-12/extracted/81670do004_201112/81670DO004_201112.xls,Table_1,M32,44.6
social,Basic connectivity,2011-12,2011–12,Employment size,0–4 persons,All businesses,12.6,published,,%,D,2011-12,"All businesses in the selected category and population. Coverage includes Agriculture, Forestry and Fishing.",2011-12:4-1:12,data_2011-12/extracted/81670do004_201112/81670DO004_201112.xls,Table_1,N10,12.6
social,Basic connectivity,2011-12,2011–12,Employment size,5–19 persons,All businesses,24.6,published,,%,D,2011-12,"All businesses in the selected category and population. Coverage includes Agriculture, Forestry and Fishing.",2011-12:4-1:12,data_2011-12/extracted/81670do004_201112/81670DO004_201112.xls,Table_1,N11,24.6
social,Basic connectivity,2011-12,2011–12,Employment size,20–199 persons,All businesses,34.5,published,,%,D,2011-12,"All businesses in the selected category and population. Coverage includes Agriculture, Forestry and Fishing.",2011-12:4-1:12,data_2011-12/extracted/81670do004_201112/81670DO004_201112.xls,Table_1,N12,34.5
social,Basic connectivity,2011-12,2011–12,Employment size,200 or more persons,All businesses,51.8,published,,%,D,2011-12,"All businesses in the selected category and population. Coverage includes Agriculture, Forestry and Fishing.",2011-12:4-1:12,data_2011-12/extracted/81670do004_201112/81670DO004_201112.xls,Table_1,N13,51.8
social,Basic connectivity,2011-12,2011–12,Industry,"Agriculture, Forestry and Fishing",All businesses,7.0,published,,%,D,2011-12,"All businesses in the selected category and population. Coverage includes Agriculture, Forestry and Fishing.",2011-12:4-1:12,data_2011-12/extracted/81670do004_201112/81670DO004_201112.xls,Table_1,N15,7.0
social,Basic connectivity,2011-12,2011–12,Industry,Mining,All businesses,9.7,published,,%,D,2011-12,"All businesses in the selected category and population. Coverage includes Agriculture, Forestry and Fishing.",2011-12:4-1:12,data_2011-12/extracted/81670do004_201112/81670DO004_201112.xls,Table_1,N16,9.7
social,Basic connectivity,2011-12,2011–12,Industry,Manufacturing,All businesses,19.4,published,,%,D,2011-12,"All businesses in the selected category and population. Coverage includes Agriculture, Forestry and Fishing.",2011-12:4-1:12,data_2011-12/extracted/81670do004_201112/81670DO004_201112.xls,Table_1,N17,19.4
social,Basic connectivity,2011-12,2011–12,Industry,"Electricity, Gas, Water and Waste Services",All businesses,14.7,published,,%,D,2011-12,"All businesses in the selected category and population. Coverage includes Agriculture, Forestry and Fishing.",2011-12:4-1:12,data_2011-12/extracted/81670do004_201112/81670DO004_201112.xls,Table_1,N18,14.7
social,Basic connectivity,2011-12,2011–12,Industry,Construction,All businesses,7.5,published,,%,D,2011-12,"All businesses in the selected category and population. Coverage includes Agriculture, Forestry and Fishing.",2011-12:4-1:12,data_2011-12/extracted/81670do004_201112/81670DO004_201112.xls,Table_1,N19,7.5
social,Basic connectivity,2011-12,2011–12,Industry,Wholesale Trade,All businesses,18.7,published,,%,D,2011-12,"All businesses in the selected category and population. Coverage includes Agriculture, Forestry and Fishing.",2011-12:4-1:12,data_2011-12/extracted/81670do004_201112/81670DO004_201112.xls,Table_1,N20,18.7
social,Basic connectivity,2011-12,2011–12,Industry,Retail Trade,All businesses,28.2,published,,%,D,2011-12,"All businesses in the selected category and population. Coverage includes Agriculture, Forestry and Fishing.",2011-12:4-1:12,data_2011-12/extracted/81670do004_201112/81670DO004_201112.xls,Table_1,N21,28.2
social,Basic connectivity,2011-12,2011–12,Industry,Accommodation and Food Services,All businesses,31.0,published,,%,D,2011-12,"All businesses in the selected category and population. Coverage includes Agriculture, Forestry and Fishing.",2011-12:4-1:12,data_2011-12/extracted/81670do004_201112/81670DO004_201112.xls,Table_1,N22,31.0
social,Basic connectivity,2011-12,2011–12,Industry,"Transport, Postal and Warehousing",All businesses,4.9,published,,%,D,2011-12,"All businesses in the selected category and population. Coverage includes Agriculture, Forestry and Fishing.",2011-12:4-1:12,data_2011-12/extracted/81670do004_201112/81670DO004_201112.xls,Table_1,N23,4.9
social,Basic connectivity,2011-12,2011–12,Industry,Information Media and Telecommunications,All businesses,44.3,published,,%,D,2011-12,"All businesses in the selected category and population. Coverage includes Agriculture, Forestry and Fishing.",2011-12:4-1:12,data_2011-12/extracted/81670do004_201112/81670DO004_201112.xls,Table_1,N24,44.3
social,Basic connectivity,2011-12,2011–12,Industry,Financial and Insurance Services,All businesses,15.7,published,,%,D,2011-12,"All businesses in the selected category and population. Coverage includes Agriculture, Forestry and Fishing.",2011-12:4-1:12,data_2011-12/extracted/81670do004_201112/81670DO004_201112.xls,Table_1,N25,15.7
social,Basic connectivity,2011-12,2011–12,Industry,"Rental, Hiring and Real Estate Services",All businesses,24.2,published,,%,D,2011-12,"All businesses in the selected category and population. Coverage includes Agriculture, Forestry and Fishing.",2011-12:4-1:12,data_2011-12/extracted/81670do004_201112/81670DO004_201112.xls,Table_1,N26,24.2
social,Basic connectivity,2011-12,2011–12,Industry,"Professional, Scientific and Technical Services",All businesses,23.5,published,,%,D,2011-12,"All businesses in the selected category and population. Coverage includes Agriculture, Forestry and Fishing.",2011-12:4-1:12,data_2011-12/extracted/81670do004_201112/81670DO004_201112.xls,Table_1,N27,23.5
social,Basic connectivity,2011-12,2011–12,Industry,Administrative and Support Services,All businesses,19.8,published,,%,D,2011-12,"All businesses in the selected category and population. Coverage includes Agriculture, Forestry and Fishing.",2011-12:4-1:12,data_2011-12/extracted/81670do004_201112/81670DO004_201112.xls,Table_1,N28,19.8
social,Basic connectivity,2011-12,2011–12,Industry,Health Care and Social Assistance,All businesses,12.4,published,,%,D,2011-12,"All businesses in the selected category and population. Coverage includes Agriculture, Forestry and Fishing.",2011-12:4-1:12,data_2011-12/extracted/81670do004_201112/81670DO004_201112.xls,Table_1,N29,12.4
social,Basic connectivity,2011-12,2011–12,Industry,Arts and Recreation Services,All businesses,48.2,published,,%,D,2011-12,"All businesses in the selected category and population. Coverage includes Agriculture, Forestry and Fishing.",2011-12:4-1:12,data_2011-12/extracted/81670do004_201112/81670DO004_201112.xls,Table_1,N30,48.2
social,Basic connectivity,2011-12,2011–12,Industry,Other Services,All businesses,19.3,published,,%,D,2011-12,"All businesses in the selected category and population. Coverage includes Agriculture, Forestry and Fishing.",2011-12:4-1:12,data_2011-12/extracted/81670do004_201112/81670DO004_201112.xls,Table_1,N31,19.3
social,Basic connectivity,2011-12,2011–12,Overall,Total,All businesses,18.1,published,,%,D,2011-12,"All businesses in the selected category and population. Coverage includes Agriculture, Forestry and Fishing.",2011-12:4-1:12,data_2011-12/extracted/81670do004_201112/81670DO004_201112.xls,Table_1,N32,18.1
placed,Digital transactions,2011-12,2011–12,Employment size,0–4 persons,All businesses,47.8,published,,%,D,2011-12,"All businesses in the selected category and population. Coverage includes Agriculture, Forestry and Fishing.",2011-12:4-1:13,data_2011-12/extracted/81670do004_201112/81670DO004_201112.xls,Table_1,O10,47.8
placed,Digital transactions,2011-12,2011–12,Employment size,5–19 persons,All businesses,65.2,published,,%,D,2011-12,"All businesses in the selected category and population. Coverage includes Agriculture, Forestry and Fishing.",2011-12:4-1:13,data_2011-12/extracted/81670do004_201112/81670DO004_201112.xls,Table_1,O11,65.2
placed,Digital transactions,2011-12,2011–12,Employment size,20–199 persons,All businesses,74.1,published,,%,D,2011-12,"All businesses in the selected category and population. Coverage includes Agriculture, Forestry and Fishing.",2011-12:4-1:13,data_2011-12/extracted/81670do004_201112/81670DO004_201112.xls,Table_1,O12,74.1
placed,Digital transactions,2011-12,2011–12,Employment size,200 or more persons,All businesses,81.3,published,,%,D,2011-12,"All businesses in the selected category and population. Coverage includes Agriculture, Forestry and Fishing.",2011-12:4-1:13,data_2011-12/extracted/81670do004_201112/81670DO004_201112.xls,Table_1,O13,81.3
placed,Digital transactions,2011-12,2011–12,Industry,"Agriculture, Forestry and Fishing",All businesses,36.9,published,,%,D,2011-12,"All businesses in the selected category and population. Coverage includes Agriculture, Forestry and Fishing.",2011-12:4-1:13,data_2011-12/extracted/81670do004_201112/81670DO004_201112.xls,Table_1,O15,36.9
placed,Digital transactions,2011-12,2011–12,Industry,Mining,All businesses,55.1,published,,%,D,2011-12,"All businesses in the selected category and population. Coverage includes Agriculture, Forestry and Fishing.",2011-12:4-1:13,data_2011-12/extracted/81670do004_201112/81670DO004_201112.xls,Table_1,O16,55.1
placed,Digital transactions,2011-12,2011–12,Industry,Manufacturing,All businesses,59.9,published,,%,D,2011-12,"All businesses in the selected category and population. Coverage includes Agriculture, Forestry and Fishing.",2011-12:4-1:13,data_2011-12/extracted/81670do004_201112/81670DO004_201112.xls,Table_1,O17,59.9
placed,Digital transactions,2011-12,2011–12,Industry,"Electricity, Gas, Water and Waste Services",All businesses,49.0,published,,%,D,2011-12,"All businesses in the selected category and population. Coverage includes Agriculture, Forestry and Fishing.",2011-12:4-1:13,data_2011-12/extracted/81670do004_201112/81670DO004_201112.xls,Table_1,O18,49.0
placed,Digital transactions,2011-12,2011–12,Industry,Construction,All businesses,48.1,published,,%,D,2011-12,"All businesses in the selected category and population. Coverage includes Agriculture, Forestry and Fishing.",2011-12:4-1:13,data_2011-12/extracted/81670do004_201112/81670DO004_201112.xls,Table_1,O19,48.1
placed,Digital transactions,2011-12,2011–12,Industry,Wholesale Trade,All businesses,65.2,published,,%,D,2011-12,"All businesses in the selected category and population. Coverage includes Agriculture, Forestry and Fishing.",2011-12:4-1:13,data_2011-12/extracted/81670do004_201112/81670DO004_201112.xls,Table_1,O20,65.2
placed,Digital transactions,2011-12,2011–12,Industry,Retail Trade,All businesses,67.4,published,,%,D,2011-12,"All businesses in the selected category and population. Coverage includes Agriculture, Forestry and Fishing.",2011-12:4-1:13,data_2011-12/extracted/81670do004_201112/81670DO004_201112.xls,Table_1,O21,67.4
placed,Digital transactions,2011-12,2011–12,Industry,Accommodation and Food Services,All businesses,39.4,published,,%,D,2011-12,"All businesses in the selected category and population. Coverage includes Agriculture, Forestry and Fishing.",2011-12:4-1:13,data_2011-12/extracted/81670do004_201112/81670DO004_201112.xls,Table_1,O22,39.4
placed,Digital transactions,2011-12,2011–12,Industry,"Transport, Postal and Warehousing",All businesses,38.6,published,,%,D,2011-12,"All businesses in the selected category and population. Coverage includes Agriculture, Forestry and Fishing.",2011-12:4-1:13,data_2011-12/extracted/81670do004_201112/81670DO004_201112.xls,Table_1,O23,38.6
placed,Digital transactions,2011-12,2011–12,Industry,Information Media and Telecommunications,All businesses,73.8,published,,%,D,2011-12,"All businesses in the selected category and population. Coverage includes Agriculture, Forestry and Fishing.",2011-12:4-1:13,data_2011-12/extracted/81670do004_201112/81670DO004_201112.xls,Table_1,O24,73.8
placed,Digital transactions,2011-12,2011–12,Industry,Financial and Insurance Services,All businesses,64.7,published,,%,D,2011-12,"All businesses in the selected category and population. Coverage includes Agriculture, Forestry and Fishing.",2011-12:4-1:13,data_2011-12/extracted/81670do004_201112/81670DO004_201112.xls,Table_1,O25,64.7
placed,Digital transactions,2011-12,2011–12,Industry,"Rental, Hiring and Real Estate Services",All businesses,59.1,published,,%,D,2011-12,"All businesses in the selected category and population. Coverage includes Agriculture, Forestry and Fishing.",2011-12:4-1:13,data_2011-12/extracted/81670do004_201112/81670DO004_201112.xls,Table_1,O26,59.1
placed,Digital transactions,2011-12,2011–12,Industry,"Professional, Scientific and Technical Services",All businesses,70.6,published,,%,D,2011-12,"All businesses in the selected category and population. Coverage includes Agriculture, Forestry and Fishing.",2011-12:4-1:13,data_2011-12/extracted/81670do004_201112/81670DO004_201112.xls,Table_1,O27,70.6
placed,Digital transactions,2011-12,2011–12,Industry,Administrative and Support Services,All businesses,53.0,published,,%,D,2011-12,"All businesses in the selected category and population. Coverage includes Agriculture, Forestry and Fishing.",2011-12:4-1:13,data_2011-12/extracted/81670do004_201112/81670DO004_201112.xls,Table_1,O28,53.0
placed,Digital transactions,2011-12,2011–12,Industry,Health Care and Social Assistance,All businesses,61.5,published,,%,D,2011-12,"All businesses in the selected category and population. Coverage includes Agriculture, Forestry and Fishing.",2011-12:4-1:13,data_2011-12/extracted/81670do004_201112/81670DO004_201112.xls,Table_1,O29,61.5
placed,Digital transactions,2011-12,2011–12,Industry,Arts and Recreation Services,All businesses,65.5,published,,%,D,2011-12,"All businesses in the selected category and population. Coverage includes Agriculture, Forestry and Fishing.",2011-12:4-1:13,data_2011-12/extracted/81670do004_201112/81670DO004_201112.xls,Table_1,O30,65.5
placed,Digital transactions,2011-12,2011–12,Industry,Other Services,All businesses,44.3,published,,%,D,2011-12,"All businesses in the selected category and population. Coverage includes Agriculture, Forestry and Fishing.",2011-12:4-1:13,data_2011-12/extracted/81670do004_201112/81670DO004_201112.xls,Table_1,O31,44.3
placed,Digital transactions,2011-12,2011–12,Overall,Total,All businesses,55.3,published,,%,D,2011-12,"All businesses in the selected category and population. Coverage includes Agriculture, Forestry and Fishing.",2011-12:4-1:13,data_2011-12/extracted/81670do004_201112/81670DO004_201112.xls,Table_1,O32,55.3
received,Digital transactions,2011-12,2011–12,Employment size,0–4 persons,All businesses,23.4,published,,%,D,2011-12,"All businesses in the selected category and population. Coverage includes Agriculture, Forestry and Fishing.",2011-12:4-1:14,data_2011-12/extracted/81670do004_201112/81670DO004_201112.xls,Table_1,P10,23.4
received,Digital transactions,2011-12,2011–12,Employment size,5–19 persons,All businesses,34.3,published,,%,D,2011-12,"All businesses in the selected category and population. Coverage includes Agriculture, Forestry and Fishing.",2011-12:4-1:14,data_2011-12/extracted/81670do004_201112/81670DO004_201112.xls,Table_1,P11,34.3
received,Digital transactions,2011-12,2011–12,Employment size,20–199 persons,All businesses,36.8,published,,%,D,2011-12,"All businesses in the selected category and population. Coverage includes Agriculture, Forestry and Fishing.",2011-12:4-1:14,data_2011-12/extracted/81670do004_201112/81670DO004_201112.xls,Table_1,P12,36.8
received,Digital transactions,2011-12,2011–12,Employment size,200 or more persons,All businesses,40.0,published,,%,D,2011-12,"All businesses in the selected category and population. Coverage includes Agriculture, Forestry and Fishing.",2011-12:4-1:14,data_2011-12/extracted/81670do004_201112/81670DO004_201112.xls,Table_1,P13,40.0
received,Digital transactions,2011-12,2011–12,Industry,"Agriculture, Forestry and Fishing",All businesses,11.5,published,,%,D,2011-12,"All businesses in the selected category and population. Coverage includes Agriculture, Forestry and Fishing.",2011-12:4-1:14,data_2011-12/extracted/81670do004_201112/81670DO004_201112.xls,Table_1,P15,11.5
received,Digital transactions,2011-12,2011–12,Industry,Mining,All businesses,12.7,published,,%,D,2011-12,"All businesses in the selected category and population. Coverage includes Agriculture, Forestry and Fishing.",2011-12:4-1:14,data_2011-12/extracted/81670do004_201112/81670DO004_201112.xls,Table_1,P16,12.7
received,Digital transactions,2011-12,2011–12,Industry,Manufacturing,All businesses,47.6,published,,%,D,2011-12,"All businesses in the selected category and population. Coverage includes Agriculture, Forestry and Fishing.",2011-12:4-1:14,data_2011-12/extracted/81670do004_201112/81670DO004_201112.xls,Table_1,P17,47.6
received,Digital transactions,2011-12,2011–12,Industry,"Electricity, Gas, Water and Waste Services",All businesses,38.4,published,,%,D,2011-12,"All businesses in the selected category and population. Coverage includes Agriculture, Forestry and Fishing.",2011-12:4-1:14,data_2011-12/extracted/81670do004_201112/81670DO004_201112.xls,Table_1,P18,38.4
received,Digital transactions,2011-12,2011–12,Industry,Construction,All businesses,24.5,published,,%,D,2011-12,"All businesses in the selected category and population. Coverage includes Agriculture, Forestry and Fishing.",2011-12:4-1:14,data_2011-12/extracted/81670do004_201112/81670DO004_201112.xls,Table_1,P19,24.5
received,Digital transactions,2011-12,2011–12,Industry,Wholesale Trade,All businesses,52.4,published,,%,D,2011-12,"All businesses in the selected category and population. Coverage includes Agriculture, Forestry and Fishing.",2011-12:4-1:14,data_2011-12/extracted/81670do004_201112/81670DO004_201112.xls,Table_1,P20,52.4
received,Digital transactions,2011-12,2011–12,Industry,Retail Trade,All businesses,36.1,published,,%,D,2011-12,"All businesses in the selected category and population. Coverage includes Agriculture, Forestry and Fishing.",2011-12:4-1:14,data_2011-12/extracted/81670do004_201112/81670DO004_201112.xls,Table_1,P21,36.1
received,Digital transactions,2011-12,2011–12,Industry,Accommodation and Food Services,All businesses,21.4,published,,%,D,2011-12,"All businesses in the selected category and population. Coverage includes Agriculture, Forestry and Fishing.",2011-12:4-1:14,data_2011-12/extracted/81670do004_201112/81670DO004_201112.xls,Table_1,P22,21.4
received,Digital transactions,2011-12,2011–12,Industry,"Transport, Postal and Warehousing",All businesses,19.6,published,,%,D,2011-12,"All businesses in the selected category and population. Coverage includes Agriculture, Forestry and Fishing.",2011-12:4-1:14,data_2011-12/extracted/81670do004_201112/81670DO004_201112.xls,Table_1,P23,19.6
received,Digital transactions,2011-12,2011–12,Industry,Information Media and Telecommunications,All businesses,54.8,published,,%,D,2011-12,"All businesses in the selected category and population. Coverage includes Agriculture, Forestry and Fishing.",2011-12:4-1:14,data_2011-12/extracted/81670do004_201112/81670DO004_201112.xls,Table_1,P24,54.8
received,Digital transactions,2011-12,2011–12,Industry,Financial and Insurance Services,All businesses,22.4,published,,%,D,2011-12,"All businesses in the selected category and population. Coverage includes Agriculture, Forestry and Fishing.",2011-12:4-1:14,data_2011-12/extracted/81670do004_201112/81670DO004_201112.xls,Table_1,P25,22.4
received,Digital transactions,2011-12,2011–12,Industry,"Rental, Hiring and Real Estate Services",All businesses,31.1,published,,%,D,2011-12,"All businesses in the selected category and population. Coverage includes Agriculture, Forestry and Fishing.",2011-12:4-1:14,data_2011-12/extracted/81670do004_201112/81670DO004_201112.xls,Table_1,P26,31.1
received,Digital transactions,2011-12,2011–12,Industry,"Professional, Scientific and Technical Services",All businesses,28.3,published,,%,D,2011-12,"All businesses in the selected category and population. Coverage includes Agriculture, Forestry and Fishing.",2011-12:4-1:14,data_2011-12/extracted/81670do004_201112/81670DO004_201112.xls,Table_1,P27,28.3
received,Digital transactions,2011-12,2011–12,Industry,Administrative and Support Services,All businesses,25.5,published,,%,D,2011-12,"All businesses in the selected category and population. Coverage includes Agriculture, Forestry and Fishing.",2011-12:4-1:14,data_2011-12/extracted/81670do004_201112/81670DO004_201112.xls,Table_1,P28,25.5
received,Digital transactions,2011-12,2011–12,Industry,Health Care and Social Assistance,All businesses,15.5,published,,%,D,2011-12,"All businesses in the selected category and population. Coverage includes Agriculture, Forestry and Fishing.",2011-12:4-1:14,data_2011-12/extracted/81670do004_201112/81670DO004_201112.xls,Table_1,P29,15.5
received,Digital transactions,2011-12,2011–12,Industry,Arts and Recreation Services,All businesses,35.1,published,,%,D,2011-12,"All businesses in the selected category and population. Coverage includes Agriculture, Forestry and Fishing.",2011-12:4-1:14,data_2011-12/extracted/81670do004_201112/81670DO004_201112.xls,Table_1,P30,35.1
received,Digital transactions,2011-12,2011–12,Industry,Other Services,All businesses,26.9,published,,%,D,2011-12,"All businesses in the selected category and population. Coverage includes Agriculture, Forestry and Fishing.",2011-12:4-1:14,data_2011-12/extracted/81670do004_201112/81670DO004_201112.xls,Table_1,P31,26.9
received,Digital transactions,2011-12,2011–12,Overall,Total,All businesses,27.8,published,,%,D,2011-12,"All businesses in the selected category and population. Coverage includes Agriculture, Forestry and Fishing.",2011-12:4-1:14,data_2011-12/extracted/81670do004_201112/81670DO004_201112.xls,Table_1,P32,27.8
internet,Basic connectivity,2012-13,2012–13,Employment size,0–4 persons,All businesses,91.0,published,,%,D,2012-13,"All businesses in the selected category and population. Coverage includes Agriculture, Forestry and Fishing.",2012-13:7-1:10,data_2012-13/extracted/81670do007_201213/81670DO007_201213.xls,Table_1,L10,91.0
internet,Basic connectivity,2012-13,2012–13,Employment size,5–19 persons,All businesses,94.1,published,,%,D,2012-13,"All businesses in the selected category and population. Coverage includes Agriculture, Forestry and Fishing.",2012-13:7-1:10,data_2012-13/extracted/81670do007_201213/81670DO007_201213.xls,Table_1,L11,94.1
internet,Basic connectivity,2012-13,2012–13,Employment size,20–199 persons,All businesses,98.7,published,,%,D,2012-13,"All businesses in the selected category and population. Coverage includes Agriculture, Forestry and Fishing.",2012-13:7-1:10,data_2012-13/extracted/81670do007_201213/81670DO007_201213.xls,Table_1,L12,98.7
internet,Basic connectivity,2012-13,2012–13,Employment size,200 or more persons,All businesses,99.8,published,,%,D,2012-13,"All businesses in the selected category and population. Coverage includes Agriculture, Forestry and Fishing.",2012-13:7-1:10,data_2012-13/extracted/81670do007_201213/81670DO007_201213.xls,Table_1,L13,99.8
internet,Basic connectivity,2012-13,2012–13,Industry,"Agriculture, Forestry and Fishing",All businesses,89.5,published,,%,D,2012-13,"All businesses in the selected category and population. Coverage includes Agriculture, Forestry and Fishing.",2012-13:7-1:10,data_2012-13/extracted/81670do007_201213/81670DO007_201213.xls,Table_1,L15,89.5
internet,Basic connectivity,2012-13,2012–13,Industry,Mining,All businesses,97.8,published,,%,D,2012-13,"All businesses in the selected category and population. Coverage includes Agriculture, Forestry and Fishing.",2012-13:7-1:10,data_2012-13/extracted/81670do007_201213/81670DO007_201213.xls,Table_1,L16,97.8
internet,Basic connectivity,2012-13,2012–13,Industry,Manufacturing,All businesses,92.5,published,,%,D,2012-13,"All businesses in the selected category and population. Coverage includes Agriculture, Forestry and Fishing.",2012-13:7-1:10,data_2012-13/extracted/81670do007_201213/81670DO007_201213.xls,Table_1,L17,92.5
internet,Basic connectivity,2012-13,2012–13,Industry,"Electricity, Gas, Water and Waste Services",All businesses,90.4,published,,%,D,2012-13,"All businesses in the selected category and population. Coverage includes Agriculture, Forestry and Fishing.",2012-13:7-1:10,data_2012-13/extracted/81670do007_201213/81670DO007_201213.xls,Table_1,L18,90.4
internet,Basic connectivity,2012-13,2012–13,Industry,Construction,All businesses,94.0,published,,%,D,2012-13,"All businesses in the selected category and population. Coverage includes Agriculture, Forestry and Fishing.",2012-13:7-1:10,data_2012-13/extracted/81670do007_201213/81670DO007_201213.xls,Table_1,L19,94.0
internet,Basic connectivity,2012-13,2012–13,Industry,Wholesale Trade,All businesses,98.7,published,,%,D,2012-13,"All businesses in the selected category and population. Coverage includes Agriculture, Forestry and Fishing.",2012-13:7-1:10,data_2012-13/extracted/81670do007_201213/81670DO007_201213.xls,Table_1,L20,98.7
internet,Basic connectivity,2012-13,2012–13,Industry,Retail Trade,All businesses,92.1,published,,%,D,2012-13,"All businesses in the selected category and population. Coverage includes Agriculture, Forestry and Fishing.",2012-13:7-1:10,data_2012-13/extracted/81670do007_201213/81670DO007_201213.xls,Table_1,L21,92.1
internet,Basic connectivity,2012-13,2012–13,Industry,Accommodation and Food Services,All businesses,73.5,published,,%,D,2012-13,"All businesses in the selected category and population. Coverage includes Agriculture, Forestry and Fishing.",2012-13:7-1:10,data_2012-13/extracted/81670do007_201213/81670DO007_201213.xls,Table_1,L22,73.5
internet,Basic connectivity,2012-13,2012–13,Industry,"Transport, Postal and Warehousing",All businesses,94.4,published,,%,D,2012-13,"All businesses in the selected category and population. Coverage includes Agriculture, Forestry and Fishing.",2012-13:7-1:10,data_2012-13/extracted/81670do007_201213/81670DO007_201213.xls,Table_1,L23,94.4
internet,Basic connectivity,2012-13,2012–13,Industry,Information Media and Telecommunications,All businesses,99.4,published,,%,D,2012-13,"All businesses in the selected category and population. Coverage includes Agriculture, Forestry and Fishing.",2012-13:7-1:10,data_2012-13/extracted/81670do007_201213/81670DO007_201213.xls,Table_1,L24,99.4
internet,Basic connectivity,2012-13,2012–13,Industry,Financial and Insurance Services,All businesses,99.3,published,,%,D,2012-13,"All businesses in the selected category and population. Coverage includes Agriculture, Forestry and Fishing.",2012-13:7-1:10,data_2012-13/extracted/81670do007_201213/81670DO007_201213.xls,Table_1,L25,99.3
internet,Basic connectivity,2012-13,2012–13,Industry,"Rental, Hiring and Real Estate Services",All businesses,92.1,published,,%,D,2012-13,"All businesses in the selected category and population. Coverage includes Agriculture, Forestry and Fishing.",2012-13:7-1:10,data_2012-13/extracted/81670do007_201213/81670DO007_201213.xls,Table_1,L26,92.1
internet,Basic connectivity,2012-13,2012–13,Industry,"Professional, Scientific and Technical Services",All businesses,98.5,published,,%,D,2012-13,"All businesses in the selected category and population. Coverage includes Agriculture, Forestry and Fishing.",2012-13:7-1:10,data_2012-13/extracted/81670do007_201213/81670DO007_201213.xls,Table_1,L27,98.5
internet,Basic connectivity,2012-13,2012–13,Industry,Administrative and Support Services,All businesses,93.6,published,,%,D,2012-13,"All businesses in the selected category and population. Coverage includes Agriculture, Forestry and Fishing.",2012-13:7-1:10,data_2012-13/extracted/81670do007_201213/81670DO007_201213.xls,Table_1,L28,93.6
internet,Basic connectivity,2012-13,2012–13,Industry,Health Care and Social Assistance,All businesses,95.6,published,,%,D,2012-13,"All businesses in the selected category and population. Coverage includes Agriculture, Forestry and Fishing.",2012-13:7-1:10,data_2012-13/extracted/81670do007_201213/81670DO007_201213.xls,Table_1,L29,95.6
internet,Basic connectivity,2012-13,2012–13,Industry,Arts and Recreation Services,All businesses,96.7,published,,%,D,2012-13,"All businesses in the selected category and population. Coverage includes Agriculture, Forestry and Fishing.",2012-13:7-1:10,data_2012-13/extracted/81670do007_201213/81670DO007_201213.xls,Table_1,L30,96.7
internet,Basic connectivity,2012-13,2012–13,Industry,Other Services,All businesses,87.1,published,,%,D,2012-13,"All businesses in the selected category and population. Coverage includes Agriculture, Forestry and Fishing.",2012-13:7-1:10,data_2012-13/extracted/81670do007_201213/81670DO007_201213.xls,Table_1,L31,87.1
internet,Basic connectivity,2012-13,2012–13,Overall,Total,All businesses,92.6,published,,%,D,2012-13,"All businesses in the selected category and population. Coverage includes Agriculture, Forestry and Fishing.",2012-13:7-1:10,data_2012-13/extracted/81670do007_201213/81670DO007_201213.xls,Table_1,L32,92.6
web,Basic connectivity,2012-13,2012–13,Employment size,0–4 persons,All businesses,35.9,published,,%,D,2012-13,"All businesses in the selected category and population. Coverage includes Agriculture, Forestry and Fishing.",2012-13:7-1:11,data_2012-13/extracted/81670do007_201213/81670DO007_201213.xls,Table_1,M10,35.9
web,Basic connectivity,2012-13,2012–13,Employment size,5–19 persons,All businesses,60.3,published,,%,D,2012-13,"All businesses in the selected category and population. Coverage includes Agriculture, Forestry and Fishing.",2012-13:7-1:11,data_2012-13/extracted/81670do007_201213/81670DO007_201213.xls,Table_1,M11,60.3
web,Basic connectivity,2012-13,2012–13,Employment size,20–199 persons,All businesses,80.3,published,,%,D,2012-13,"All businesses in the selected category and population. Coverage includes Agriculture, Forestry and Fishing.",2012-13:7-1:11,data_2012-13/extracted/81670do007_201213/81670DO007_201213.xls,Table_1,M12,80.3
web,Basic connectivity,2012-13,2012–13,Employment size,200 or more persons,All businesses,97.6,published,,%,D,2012-13,"All businesses in the selected category and population. Coverage includes Agriculture, Forestry and Fishing.",2012-13:7-1:11,data_2012-13/extracted/81670do007_201213/81670DO007_201213.xls,Table_1,M13,97.6
web,Basic connectivity,2012-13,2012–13,Industry,"Agriculture, Forestry and Fishing",All businesses,17.4,published,,%,D,2012-13,"All businesses in the selected category and population. Coverage includes Agriculture, Forestry and Fishing.",2012-13:7-1:11,data_2012-13/extracted/81670do007_201213/81670DO007_201213.xls,Table_1,M15,17.4
web,Basic connectivity,2012-13,2012–13,Industry,Mining,All businesses,61.2,published,,%,D,2012-13,"All businesses in the selected category and population. Coverage includes Agriculture, Forestry and Fishing.",2012-13:7-1:11,data_2012-13/extracted/81670do007_201213/81670DO007_201213.xls,Table_1,M16,61.2
web,Basic connectivity,2012-13,2012–13,Industry,Manufacturing,All businesses,62.9,published,,%,D,2012-13,"All businesses in the selected category and population. Coverage includes Agriculture, Forestry and Fishing.",2012-13:7-1:11,data_2012-13/extracted/81670do007_201213/81670DO007_201213.xls,Table_1,M17,62.9
web,Basic connectivity,2012-13,2012–13,Industry,"Electricity, Gas, Water and Waste Services",All businesses,47.8,published,,%,D,2012-13,"All businesses in the selected category and population. Coverage includes Agriculture, Forestry and Fishing.",2012-13:7-1:11,data_2012-13/extracted/81670do007_201213/81670DO007_201213.xls,Table_1,M18,47.8
web,Basic connectivity,2012-13,2012–13,Industry,Construction,All businesses,37.7,published,,%,D,2012-13,"All businesses in the selected category and population. Coverage includes Agriculture, Forestry and Fishing.",2012-13:7-1:11,data_2012-13/extracted/81670do007_201213/81670DO007_201213.xls,Table_1,M19,37.7
web,Basic connectivity,2012-13,2012–13,Industry,Wholesale Trade,All businesses,62.7,published,,%,D,2012-13,"All businesses in the selected category and population. Coverage includes Agriculture, Forestry and Fishing.",2012-13:7-1:11,data_2012-13/extracted/81670do007_201213/81670DO007_201213.xls,Table_1,M20,62.7
web,Basic connectivity,2012-13,2012–13,Industry,Retail Trade,All businesses,52.0,published,,%,D,2012-13,"All businesses in the selected category and population. Coverage includes Agriculture, Forestry and Fishing.",2012-13:7-1:11,data_2012-13/extracted/81670do007_201213/81670DO007_201213.xls,Table_1,M21,52.0
web,Basic connectivity,2012-13,2012–13,Industry,Accommodation and Food Services,All businesses,43.1,published,,%,D,2012-13,"All businesses in the selected category and population. Coverage includes Agriculture, Forestry and Fishing.",2012-13:7-1:11,data_2012-13/extracted/81670do007_201213/81670DO007_201213.xls,Table_1,M22,43.1
web,Basic connectivity,2012-13,2012–13,Industry,"Transport, Postal and Warehousing",All businesses,17.2,published,,%,D,2012-13,"All businesses in the selected category and population. Coverage includes Agriculture, Forestry and Fishing.",2012-13:7-1:11,data_2012-13/extracted/81670do007_201213/81670DO007_201213.xls,Table_1,M23,17.2
web,Basic connectivity,2012-13,2012–13,Industry,Information Media and Telecommunications,All businesses,73.5,published,,%,D,2012-13,"All businesses in the selected category and population. Coverage includes Agriculture, Forestry and Fishing.",2012-13:7-1:11,data_2012-13/extracted/81670do007_201213/81670DO007_201213.xls,Table_1,M24,73.5
web,Basic connectivity,2012-13,2012–13,Industry,Financial and Insurance Services,All businesses,59.2,published,,%,D,2012-13,"All businesses in the selected category and population. Coverage includes Agriculture, Forestry and Fishing.",2012-13:7-1:11,data_2012-13/extracted/81670do007_201213/81670DO007_201213.xls,Table_1,M25,59.2
web,Basic connectivity,2012-13,2012–13,Industry,"Rental, Hiring and Real Estate Services",All businesses,55.2,published,,%,D,2012-13,"All businesses in the selected category and population. Coverage includes Agriculture, Forestry and Fishing.",2012-13:7-1:11,data_2012-13/extracted/81670do007_201213/81670DO007_201213.xls,Table_1,M26,55.2
web,Basic connectivity,2012-13,2012–13,Industry,"Professional, Scientific and Technical Services",All businesses,55.0,published,,%,D,2012-13,"All businesses in the selected category and population. Coverage includes Agriculture, Forestry and Fishing.",2012-13:7-1:11,data_2012-13/extracted/81670do007_201213/81670DO007_201213.xls,Table_1,M27,55.0
web,Basic connectivity,2012-13,2012–13,Industry,Administrative and Support Services,All businesses,52.8,published,,%,D,2012-13,"All businesses in the selected category and population. Coverage includes Agriculture, Forestry and Fishing.",2012-13:7-1:11,data_2012-13/extracted/81670do007_201213/81670DO007_201213.xls,Table_1,M28,52.8
web,Basic connectivity,2012-13,2012–13,Industry,Health Care and Social Assistance,All businesses,53.5,published,,%,D,2012-13,"All businesses in the selected category and population. Coverage includes Agriculture, Forestry and Fishing.",2012-13:7-1:11,data_2012-13/extracted/81670do007_201213/81670DO007_201213.xls,Table_1,M29,53.5
web,Basic connectivity,2012-13,2012–13,Industry,Arts and Recreation Services,All businesses,74.2,published,,%,D,2012-13,"All businesses in the selected category and population. Coverage includes Agriculture, Forestry and Fishing.",2012-13:7-1:11,data_2012-13/extracted/81670do007_201213/81670DO007_201213.xls,Table_1,M30,74.2
web,Basic connectivity,2012-13,2012–13,Industry,Other Services,All businesses,47.9,published,,%,D,2012-13,"All businesses in the selected category and population. Coverage includes Agriculture, Forestry and Fishing.",2012-13:7-1:11,data_2012-13/extracted/81670do007_201213/81670DO007_201213.xls,Table_1,M31,47.9
web,Basic connectivity,2012-13,2012–13,Overall,Total,All businesses,47.2,published,,%,D,2012-13,"All businesses in the selected category and population. Coverage includes Agriculture, Forestry and Fishing.",2012-13:7-1:11,data_2012-13/extracted/81670do007_201213/81670DO007_201213.xls,Table_1,M32,47.2
social,Basic connectivity,2012-13,2012–13,Employment size,0–4 persons,All businesses,19.0,published,,%,D,2012-13,"All businesses in the selected category and population. Coverage includes Agriculture, Forestry and Fishing.",2012-13:7-1:12,data_2012-13/extracted/81670do007_201213/81670DO007_201213.xls,Table_1,N10,19.0
social,Basic connectivity,2012-13,2012–13,Employment size,5–19 persons,All businesses,33.9,published,,%,D,2012-13,"All businesses in the selected category and population. Coverage includes Agriculture, Forestry and Fishing.",2012-13:7-1:12,data_2012-13/extracted/81670do007_201213/81670DO007_201213.xls,Table_1,N11,33.9
social,Basic connectivity,2012-13,2012–13,Employment size,20–199 persons,All businesses,47.8,published,,%,D,2012-13,"All businesses in the selected category and population. Coverage includes Agriculture, Forestry and Fishing.",2012-13:7-1:12,data_2012-13/extracted/81670do007_201213/81670DO007_201213.xls,Table_1,N12,47.8
social,Basic connectivity,2012-13,2012–13,Employment size,200 or more persons,All businesses,63.7,published,,%,D,2012-13,"All businesses in the selected category and population. Coverage includes Agriculture, Forestry and Fishing.",2012-13:7-1:12,data_2012-13/extracted/81670do007_201213/81670DO007_201213.xls,Table_1,N13,63.7
social,Basic connectivity,2012-13,2012–13,Industry,"Agriculture, Forestry and Fishing",All businesses,9.0,published,,%,D,2012-13,"All businesses in the selected category and population. Coverage includes Agriculture, Forestry and Fishing.",2012-13:7-1:12,data_2012-13/extracted/81670do007_201213/81670DO007_201213.xls,Table_1,N15,9.0
social,Basic connectivity,2012-13,2012–13,Industry,Mining,All businesses,9.8,published,,%,D,2012-13,"All businesses in the selected category and population. Coverage includes Agriculture, Forestry and Fishing.",2012-13:7-1:12,data_2012-13/extracted/81670do007_201213/81670DO007_201213.xls,Table_1,N16,9.8
social,Basic connectivity,2012-13,2012–13,Industry,Manufacturing,All businesses,25.0,published,,%,D,2012-13,"All businesses in the selected category and population. Coverage includes Agriculture, Forestry and Fishing.",2012-13:7-1:12,data_2012-13/extracted/81670do007_201213/81670DO007_201213.xls,Table_1,N17,25.0
social,Basic connectivity,2012-13,2012–13,Industry,"Electricity, Gas, Water and Waste Services",All businesses,17.1,published,,%,D,2012-13,"All businesses in the selected category and population. Coverage includes Agriculture, Forestry and Fishing.",2012-13:7-1:12,data_2012-13/extracted/81670do007_201213/81670DO007_201213.xls,Table_1,N18,17.1
social,Basic connectivity,2012-13,2012–13,Industry,Construction,All businesses,14.5,published,,%,D,2012-13,"All businesses in the selected category and population. Coverage includes Agriculture, Forestry and Fishing.",2012-13:7-1:12,data_2012-13/extracted/81670do007_201213/81670DO007_201213.xls,Table_1,N19,14.5
social,Basic connectivity,2012-13,2012–13,Industry,Wholesale Trade,All businesses,27.9,published,,%,D,2012-13,"All businesses in the selected category and population. Coverage includes Agriculture, Forestry and Fishing.",2012-13:7-1:12,data_2012-13/extracted/81670do007_201213/81670DO007_201213.xls,Table_1,N20,27.9
social,Basic connectivity,2012-13,2012–13,Industry,Retail Trade,All businesses,41.7,published,,%,D,2012-13,"All businesses in the selected category and population. Coverage includes Agriculture, Forestry and Fishing.",2012-13:7-1:12,data_2012-13/extracted/81670do007_201213/81670DO007_201213.xls,Table_1,N21,41.7
social,Basic connectivity,2012-13,2012–13,Industry,Accommodation and Food Services,All businesses,36.4,published,,%,D,2012-13,"All businesses in the selected category and population. Coverage includes Agriculture, Forestry and Fishing.",2012-13:7-1:12,data_2012-13/extracted/81670do007_201213/81670DO007_201213.xls,Table_1,N22,36.4
social,Basic connectivity,2012-13,2012–13,Industry,"Transport, Postal and Warehousing",All businesses,5.9,published,,%,D,2012-13,"All businesses in the selected category and population. Coverage includes Agriculture, Forestry and Fishing.",2012-13:7-1:12,data_2012-13/extracted/81670do007_201213/81670DO007_201213.xls,Table_1,N23,5.9
social,Basic connectivity,2012-13,2012–13,Industry,Information Media and Telecommunications,All businesses,50.2,published,,%,D,2012-13,"All businesses in the selected category and population. Coverage includes Agriculture, Forestry and Fishing.",2012-13:7-1:12,data_2012-13/extracted/81670do007_201213/81670DO007_201213.xls,Table_1,N24,50.2
social,Basic connectivity,2012-13,2012–13,Industry,Financial and Insurance Services,All businesses,31.1,published,,%,D,2012-13,"All businesses in the selected category and population. Coverage includes Agriculture, Forestry and Fishing.",2012-13:7-1:12,data_2012-13/extracted/81670do007_201213/81670DO007_201213.xls,Table_1,N25,31.1
social,Basic connectivity,2012-13,2012–13,Industry,"Rental, Hiring and Real Estate Services",All businesses,33.9,published,,%,D,2012-13,"All businesses in the selected category and population. Coverage includes Agriculture, Forestry and Fishing.",2012-13:7-1:12,data_2012-13/extracted/81670do007_201213/81670DO007_201213.xls,Table_1,N26,33.9
social,Basic connectivity,2012-13,2012–13,Industry,"Professional, Scientific and Technical Services",All businesses,29.6,published,,%,D,2012-13,"All businesses in the selected category and population. Coverage includes Agriculture, Forestry and Fishing.",2012-13:7-1:12,data_2012-13/extracted/81670do007_201213/81670DO007_201213.xls,Table_1,N27,29.6
social,Basic connectivity,2012-13,2012–13,Industry,Administrative and Support Services,All businesses,27.5,published,,%,D,2012-13,"All businesses in the selected category and population. Coverage includes Agriculture, Forestry and Fishing.",2012-13:7-1:12,data_2012-13/extracted/81670do007_201213/81670DO007_201213.xls,Table_1,N28,27.5
social,Basic connectivity,2012-13,2012–13,Industry,Health Care and Social Assistance,All businesses,19.0,published,,%,D,2012-13,"All businesses in the selected category and population. Coverage includes Agriculture, Forestry and Fishing.",2012-13:7-1:12,data_2012-13/extracted/81670do007_201213/81670DO007_201213.xls,Table_1,N29,19.0
social,Basic connectivity,2012-13,2012–13,Industry,Arts and Recreation Services,All businesses,61.0,published,,%,D,2012-13,"All businesses in the selected category and population. Coverage includes Agriculture, Forestry and Fishing.",2012-13:7-1:12,data_2012-13/extracted/81670do007_201213/81670DO007_201213.xls,Table_1,N30,61.0
social,Basic connectivity,2012-13,2012–13,Industry,Other Services,All businesses,36.2,published,,%,D,2012-13,"All businesses in the selected category and population. Coverage includes Agriculture, Forestry and Fishing.",2012-13:7-1:12,data_2012-13/extracted/81670do007_201213/81670DO007_201213.xls,Table_1,N31,36.2
social,Basic connectivity,2012-13,2012–13,Overall,Total,All businesses,26.1,published,,%,D,2012-13,"All businesses in the selected category and population. Coverage includes Agriculture, Forestry and Fishing.",2012-13:7-1:12,data_2012-13/extracted/81670do007_201213/81670DO007_201213.xls,Table_1,N32,26.1
placed,Digital transactions,2012-13,2012–13,Employment size,0–4 persons,All businesses,45.8,published,,%,D,2012-13,"All businesses in the selected category and population. Coverage includes Agriculture, Forestry and Fishing.",2012-13:7-1:13,data_2012-13/extracted/81670do007_201213/81670DO007_201213.xls,Table_1,O10,45.8
placed,Digital transactions,2012-13,2012–13,Employment size,5–19 persons,All businesses,63.8,published,,%,D,2012-13,"All businesses in the selected category and population. Coverage includes Agriculture, Forestry and Fishing.",2012-13:7-1:13,data_2012-13/extracted/81670do007_201213/81670DO007_201213.xls,Table_1,O11,63.8
placed,Digital transactions,2012-13,2012–13,Employment size,20–199 persons,All businesses,68.8,published,,%,D,2012-13,"All businesses in the selected category and population. Coverage includes Agriculture, Forestry and Fishing.",2012-13:7-1:13,data_2012-13/extracted/81670do007_201213/81670DO007_201213.xls,Table_1,O12,68.8
placed,Digital transactions,2012-13,2012–13,Employment size,200 or more persons,All businesses,82.4,published,,%,D,2012-13,"All businesses in the selected category and population. Coverage includes Agriculture, Forestry and Fishing.",2012-13:7-1:13,data_2012-13/extracted/81670do007_201213/81670DO007_201213.xls,Table_1,O13,82.4
placed,Digital transactions,2012-13,2012–13,Industry,"Agriculture, Forestry and Fishing",All businesses,37.6,published,,%,D,2012-13,"All businesses in the selected category and population. Coverage includes Agriculture, Forestry and Fishing.",2012-13:7-1:13,data_2012-13/extracted/81670do007_201213/81670DO007_201213.xls,Table_1,O15,37.6
placed,Digital transactions,2012-13,2012–13,Industry,Mining,All businesses,57.1,published,,%,D,2012-13,"All businesses in the selected category and population. Coverage includes Agriculture, Forestry and Fishing.",2012-13:7-1:13,data_2012-13/extracted/81670do007_201213/81670DO007_201213.xls,Table_1,O16,57.1
placed,Digital transactions,2012-13,2012–13,Industry,Manufacturing,All businesses,58.1,published,,%,D,2012-13,"All businesses in the selected category and population. Coverage includes Agriculture, Forestry and Fishing.",2012-13:7-1:13,data_2012-13/extracted/81670do007_201213/81670DO007_201213.xls,Table_1,O17,58.1
placed,Digital transactions,2012-13,2012–13,Industry,"Electricity, Gas, Water and Waste Services",All businesses,43.4,published,,%,D,2012-13,"All businesses in the selected category and population. Coverage includes Agriculture, Forestry and Fishing.",2012-13:7-1:13,data_2012-13/extracted/81670do007_201213/81670DO007_201213.xls,Table_1,O18,43.4
placed,Digital transactions,2012-13,2012–13,Industry,Construction,All businesses,45.0,published,,%,D,2012-13,"All businesses in the selected category and population. Coverage includes Agriculture, Forestry and Fishing.",2012-13:7-1:13,data_2012-13/extracted/81670do007_201213/81670DO007_201213.xls,Table_1,O19,45.0
placed,Digital transactions,2012-13,2012–13,Industry,Wholesale Trade,All businesses,67.0,published,,%,D,2012-13,"All businesses in the selected category and population. Coverage includes Agriculture, Forestry and Fishing.",2012-13:7-1:13,data_2012-13/extracted/81670do007_201213/81670DO007_201213.xls,Table_1,O20,67.0
placed,Digital transactions,2012-13,2012–13,Industry,Retail Trade,All businesses,69.6,published,,%,D,2012-13,"All businesses in the selected category and population. Coverage includes Agriculture, Forestry and Fishing.",2012-13:7-1:13,data_2012-13/extracted/81670do007_201213/81670DO007_201213.xls,Table_1,O21,69.6
placed,Digital transactions,2012-13,2012–13,Industry,Accommodation and Food Services,All businesses,38.7,published,,%,D,2012-13,"All businesses in the selected category and population. Coverage includes Agriculture, Forestry and Fishing.",2012-13:7-1:13,data_2012-13/extracted/81670do007_201213/81670DO007_201213.xls,Table_1,O22,38.7
placed,Digital transactions,2012-13,2012–13,Industry,"Transport, Postal and Warehousing",All businesses,33.2,published,,%,D,2012-13,"All businesses in the selected category and population. Coverage includes Agriculture, Forestry and Fishing.",2012-13:7-1:13,data_2012-13/extracted/81670do007_201213/81670DO007_201213.xls,Table_1,O23,33.2
placed,Digital transactions,2012-13,2012–13,Industry,Information Media and Telecommunications,All businesses,70.4,published,,%,D,2012-13,"All businesses in the selected category and population. Coverage includes Agriculture, Forestry and Fishing.",2012-13:7-1:13,data_2012-13/extracted/81670do007_201213/81670DO007_201213.xls,Table_1,O24,70.4
placed,Digital transactions,2012-13,2012–13,Industry,Financial and Insurance Services,All businesses,57.2,published,,%,D,2012-13,"All businesses in the selected category and population. Coverage includes Agriculture, Forestry and Fishing.",2012-13:7-1:13,data_2012-13/extracted/81670do007_201213/81670DO007_201213.xls,Table_1,O25,57.2
placed,Digital transactions,2012-13,2012–13,Industry,"Rental, Hiring and Real Estate Services",All businesses,50.5,published,,%,D,2012-13,"All businesses in the selected category and population. Coverage includes Agriculture, Forestry and Fishing.",2012-13:7-1:13,data_2012-13/extracted/81670do007_201213/81670DO007_201213.xls,Table_1,O26,50.5
placed,Digital transactions,2012-13,2012–13,Industry,"Professional, Scientific and Technical Services",All businesses,66.0,published,,%,D,2012-13,"All businesses in the selected category and population. Coverage includes Agriculture, Forestry and Fishing.",2012-13:7-1:13,data_2012-13/extracted/81670do007_201213/81670DO007_201213.xls,Table_1,O27,66.0
placed,Digital transactions,2012-13,2012–13,Industry,Administrative and Support Services,All businesses,44.5,published,,%,D,2012-13,"All businesses in the selected category and population. Coverage includes Agriculture, Forestry and Fishing.",2012-13:7-1:13,data_2012-13/extracted/81670do007_201213/81670DO007_201213.xls,Table_1,O28,44.5
placed,Digital transactions,2012-13,2012–13,Industry,Health Care and Social Assistance,All businesses,58.1,published,,%,D,2012-13,"All businesses in the selected category and population. Coverage includes Agriculture, Forestry and Fishing.",2012-13:7-1:13,data_2012-13/extracted/81670do007_201213/81670DO007_201213.xls,Table_1,O29,58.1
placed,Digital transactions,2012-13,2012–13,Industry,Arts and Recreation Services,All businesses,58.3,published,,%,D,2012-13,"All businesses in the selected category and population. Coverage includes Agriculture, Forestry and Fishing.",2012-13:7-1:13,data_2012-13/extracted/81670do007_201213/81670DO007_201213.xls,Table_1,O30,58.3
placed,Digital transactions,2012-13,2012–13,Industry,Other Services,All businesses,54.6,published,,%,D,2012-13,"All businesses in the selected category and population. Coverage includes Agriculture, Forestry and Fishing.",2012-13:7-1:13,data_2012-13/extracted/81670do007_201213/81670DO007_201213.xls,Table_1,O31,54.6
placed,Digital transactions,2012-13,2012–13,Overall,Total,All businesses,53.4,published,,%,D,2012-13,"All businesses in the selected category and population. Coverage includes Agriculture, Forestry and Fishing.",2012-13:7-1:13,data_2012-13/extracted/81670do007_201213/81670DO007_201213.xls,Table_1,O32,53.4
received,Digital transactions,2012-13,2012–13,Employment size,0–4 persons,All businesses,25.4,published,,%,D,2012-13,"All businesses in the selected category and population. Coverage includes Agriculture, Forestry and Fishing.",2012-13:7-1:14,data_2012-13/extracted/81670do007_201213/81670DO007_201213.xls,Table_1,P10,25.4
received,Digital transactions,2012-13,2012–13,Employment size,5–19 persons,All businesses,36.7,published,,%,D,2012-13,"All businesses in the selected category and population. Coverage includes Agriculture, Forestry and Fishing.",2012-13:7-1:14,data_2012-13/extracted/81670do007_201213/81670DO007_201213.xls,Table_1,P11,36.7
received,Digital transactions,2012-13,2012–13,Employment size,20–199 persons,All businesses,40.3,published,,%,D,2012-13,"All businesses in the selected category and population. Coverage includes Agriculture, Forestry and Fishing.",2012-13:7-1:14,data_2012-13/extracted/81670do007_201213/81670DO007_201213.xls,Table_1,P12,40.3
received,Digital transactions,2012-13,2012–13,Employment size,200 or more persons,All businesses,43.9,published,,%,D,2012-13,"All businesses in the selected category and population. Coverage includes Agriculture, Forestry and Fishing.",2012-13:7-1:14,data_2012-13/extracted/81670do007_201213/81670DO007_201213.xls,Table_1,P13,43.9
received,Digital transactions,2012-13,2012–13,Industry,"Agriculture, Forestry and Fishing",All businesses,13.7,published,,%,D,2012-13,"All businesses in the selected category and population. Coverage includes Agriculture, Forestry and Fishing.",2012-13:7-1:14,data_2012-13/extracted/81670do007_201213/81670DO007_201213.xls,Table_1,P15,13.7
received,Digital transactions,2012-13,2012–13,Industry,Mining,All businesses,25.5,published,,%,D,2012-13,"All businesses in the selected category and population. Coverage includes Agriculture, Forestry and Fishing.",2012-13:7-1:14,data_2012-13/extracted/81670do007_201213/81670DO007_201213.xls,Table_1,P16,25.5
received,Digital transactions,2012-13,2012–13,Industry,Manufacturing,All businesses,48.4,published,,%,D,2012-13,"All businesses in the selected category and population. Coverage includes Agriculture, Forestry and Fishing.",2012-13:7-1:14,data_2012-13/extracted/81670do007_201213/81670DO007_201213.xls,Table_1,P17,48.4
received,Digital transactions,2012-13,2012–13,Industry,"Electricity, Gas, Water and Waste Services",All businesses,28.6,published,,%,D,2012-13,"All businesses in the selected category and population. Coverage includes Agriculture, Forestry and Fishing.",2012-13:7-1:14,data_2012-13/extracted/81670do007_201213/81670DO007_201213.xls,Table_1,P18,28.6
received,Digital transactions,2012-13,2012–13,Industry,Construction,All businesses,29.6,published,,%,D,2012-13,"All businesses in the selected category and population. Coverage includes Agriculture, Forestry and Fishing.",2012-13:7-1:14,data_2012-13/extracted/81670do007_201213/81670DO007_201213.xls,Table_1,P19,29.6
received,Digital transactions,2012-13,2012–13,Industry,Wholesale Trade,All businesses,49.5,published,,%,D,2012-13,"All businesses in the selected category and population. Coverage includes Agriculture, Forestry and Fishing.",2012-13:7-1:14,data_2012-13/extracted/81670do007_201213/81670DO007_201213.xls,Table_1,P20,49.5
received,Digital transactions,2012-13,2012–13,Industry,Retail Trade,All businesses,38.2,published,,%,D,2012-13,"All businesses in the selected category and population. Coverage includes Agriculture, Forestry and Fishing.",2012-13:7-1:14,data_2012-13/extracted/81670do007_201213/81670DO007_201213.xls,Table_1,P21,38.2
received,Digital transactions,2012-13,2012–13,Industry,Accommodation and Food Services,All businesses,25.2,published,,%,D,2012-13,"All businesses in the selected category and population. Coverage includes Agriculture, Forestry and Fishing.",2012-13:7-1:14,data_2012-13/extracted/81670do007_201213/81670DO007_201213.xls,Table_1,P22,25.2
received,Digital transactions,2012-13,2012–13,Industry,"Transport, Postal and Warehousing",All businesses,16.9,published,,%,D,2012-13,"All businesses in the selected category and population. Coverage includes Agriculture, Forestry and Fishing.",2012-13:7-1:14,data_2012-13/extracted/81670do007_201213/81670DO007_201213.xls,Table_1,P23,16.9
received,Digital transactions,2012-13,2012–13,Industry,Information Media and Telecommunications,All businesses,52.0,published,,%,D,2012-13,"All businesses in the selected category and population. Coverage includes Agriculture, Forestry and Fishing.",2012-13:7-1:14,data_2012-13/extracted/81670do007_201213/81670DO007_201213.xls,Table_1,P24,52.0
received,Digital transactions,2012-13,2012–13,Industry,Financial and Insurance Services,All businesses,19.1,published,,%,D,2012-13,"All businesses in the selected category and population. Coverage includes Agriculture, Forestry and Fishing.",2012-13:7-1:14,data_2012-13/extracted/81670do007_201213/81670DO007_201213.xls,Table_1,P25,19.1
received,Digital transactions,2012-13,2012–13,Industry,"Rental, Hiring and Real Estate Services",All businesses,27.8,published,,%,D,2012-13,"All businesses in the selected category and population. Coverage includes Agriculture, Forestry and Fishing.",2012-13:7-1:14,data_2012-13/extracted/81670do007_201213/81670DO007_201213.xls,Table_1,P26,27.8
received,Digital transactions,2012-13,2012–13,Industry,"Professional, Scientific and Technical Services",All businesses,28.7,published,,%,D,2012-13,"All businesses in the selected category and population. Coverage includes Agriculture, Forestry and Fishing.",2012-13:7-1:14,data_2012-13/extracted/81670do007_201213/81670DO007_201213.xls,Table_1,P27,28.7
received,Digital transactions,2012-13,2012–13,Industry,Administrative and Support Services,All businesses,29.8,published,,%,D,2012-13,"All businesses in the selected category and population. Coverage includes Agriculture, Forestry and Fishing.",2012-13:7-1:14,data_2012-13/extracted/81670do007_201213/81670DO007_201213.xls,Table_1,P28,29.8
received,Digital transactions,2012-13,2012–13,Industry,Health Care and Social Assistance,All businesses,19.6,published,,%,D,2012-13,"All businesses in the selected category and population. Coverage includes Agriculture, Forestry and Fishing.",2012-13:7-1:14,data_2012-13/extracted/81670do007_201213/81670DO007_201213.xls,Table_1,P29,19.6
received,Digital transactions,2012-13,2012–13,Industry,Arts and Recreation Services,All businesses,40.6,published,,%,D,2012-13,"All businesses in the selected category and population. Coverage includes Agriculture, Forestry and Fishing.",2012-13:7-1:14,data_2012-13/extracted/81670do007_201213/81670DO007_201213.xls,Table_1,P30,40.6
received,Digital transactions,2012-13,2012–13,Industry,Other Services,All businesses,37.3,published,,%,D,2012-13,"All businesses in the selected category and population. Coverage includes Agriculture, Forestry and Fishing.",2012-13:7-1:14,data_2012-13/extracted/81670do007_201213/81670DO007_201213.xls,Table_1,P31,37.3
received,Digital transactions,2012-13,2012–13,Overall,Total,All businesses,30.2,published,,%,D,2012-13,"All businesses in the selected category and population. Coverage includes Agriculture, Forestry and Fishing.",2012-13:7-1:14,data_2012-13/extracted/81670do007_201213/81670DO007_201213.xls,Table_1,P32,30.2
internet,Basic connectivity,2013-14,2013–14,Employment size,0–4 persons,All businesses,93.3,published,,%,D,2013-14,"All businesses in the selected category and population. Coverage includes Agriculture, Forestry and Fishing.",2013-14:4-1:10,data_2013-14/extracted/81670do004_201314/81670DO004_201314.xls,Table_1,L10,93.3
internet,Basic connectivity,2013-14,2013–14,Employment size,5–19 persons,All businesses,96.1,published,,%,D,2013-14,"All businesses in the selected category and population. Coverage includes Agriculture, Forestry and Fishing.",2013-14:4-1:10,data_2013-14/extracted/81670do004_201314/81670DO004_201314.xls,Table_1,L11,96.1
internet,Basic connectivity,2013-14,2013–14,Employment size,20–199 persons,All businesses,99.8,published,,%,D,2013-14,"All businesses in the selected category and population. Coverage includes Agriculture, Forestry and Fishing.",2013-14:4-1:10,data_2013-14/extracted/81670do004_201314/81670DO004_201314.xls,Table_1,L12,99.8
internet,Basic connectivity,2013-14,2013–14,Employment size,200 or more persons,All businesses,99.9,published,,%,D,2013-14,"All businesses in the selected category and population. Coverage includes Agriculture, Forestry and Fishing.",2013-14:4-1:10,data_2013-14/extracted/81670do004_201314/81670DO004_201314.xls,Table_1,L13,99.9
internet,Basic connectivity,2013-14,2013–14,Industry,"Agriculture, Forestry and Fishing",All businesses,87.0,published,,%,D,2013-14,"All businesses in the selected category and population. Coverage includes Agriculture, Forestry and Fishing.",2013-14:4-1:10,data_2013-14/extracted/81670do004_201314/81670DO004_201314.xls,Table_1,L15,87.0
internet,Basic connectivity,2013-14,2013–14,Industry,Mining,All businesses,98.5,published,,%,D,2013-14,"All businesses in the selected category and population. Coverage includes Agriculture, Forestry and Fishing.",2013-14:4-1:10,data_2013-14/extracted/81670do004_201314/81670DO004_201314.xls,Table_1,L16,98.5
internet,Basic connectivity,2013-14,2013–14,Industry,Manufacturing,All businesses,92.8,published,,%,D,2013-14,"All businesses in the selected category and population. Coverage includes Agriculture, Forestry and Fishing.",2013-14:4-1:10,data_2013-14/extracted/81670do004_201314/81670DO004_201314.xls,Table_1,L17,92.8
internet,Basic connectivity,2013-14,2013–14,Industry,"Electricity, Gas, Water and Waste Services",All businesses,95.2,published,,%,D,2013-14,"All businesses in the selected category and population. Coverage includes Agriculture, Forestry and Fishing.",2013-14:4-1:10,data_2013-14/extracted/81670do004_201314/81670DO004_201314.xls,Table_1,L18,95.2
internet,Basic connectivity,2013-14,2013–14,Industry,Construction,All businesses,96.0,published,,%,D,2013-14,"All businesses in the selected category and population. Coverage includes Agriculture, Forestry and Fishing.",2013-14:4-1:10,data_2013-14/extracted/81670do004_201314/81670DO004_201314.xls,Table_1,L19,96.0
internet,Basic connectivity,2013-14,2013–14,Industry,Wholesale Trade,All businesses,97.0,published,,%,D,2013-14,"All businesses in the selected category and population. Coverage includes Agriculture, Forestry and Fishing.",2013-14:4-1:10,data_2013-14/extracted/81670do004_201314/81670DO004_201314.xls,Table_1,L20,97.0
internet,Basic connectivity,2013-14,2013–14,Industry,Retail Trade,All businesses,95.9,published,,%,D,2013-14,"All businesses in the selected category and population. Coverage includes Agriculture, Forestry and Fishing.",2013-14:4-1:10,data_2013-14/extracted/81670do004_201314/81670DO004_201314.xls,Table_1,L21,95.9
internet,Basic connectivity,2013-14,2013–14,Industry,Accommodation and Food Services,All businesses,85.0,published,,%,D,2013-14,"All businesses in the selected category and population. Coverage includes Agriculture, Forestry and Fishing.",2013-14:4-1:10,data_2013-14/extracted/81670do004_201314/81670DO004_201314.xls,Table_1,L22,85.0
internet,Basic connectivity,2013-14,2013–14,Industry,"Transport, Postal and Warehousing",All businesses,95.1,published,,%,D,2013-14,"All businesses in the selected category and population. Coverage includes Agriculture, Forestry and Fishing.",2013-14:4-1:10,data_2013-14/extracted/81670do004_201314/81670DO004_201314.xls,Table_1,L23,95.1
internet,Basic connectivity,2013-14,2013–14,Industry,Information Media and Telecommunications,All businesses,98.7,published,,%,D,2013-14,"All businesses in the selected category and population. Coverage includes Agriculture, Forestry and Fishing.",2013-14:4-1:10,data_2013-14/extracted/81670do004_201314/81670DO004_201314.xls,Table_1,L24,98.7
internet,Basic connectivity,2013-14,2013–14,Industry,Financial and Insurance Services,All businesses,100.0,published,,%,D,2013-14,"All businesses in the selected category and population. Coverage includes Agriculture, Forestry and Fishing.",2013-14:4-1:10,data_2013-14/extracted/81670do004_201314/81670DO004_201314.xls,Table_1,L25,100.0
internet,Basic connectivity,2013-14,2013–14,Industry,"Rental, Hiring and Real Estate Services",All businesses,92.9,published,,%,D,2013-14,"All businesses in the selected category and population. Coverage includes Agriculture, Forestry and Fishing.",2013-14:4-1:10,data_2013-14/extracted/81670do004_201314/81670DO004_201314.xls,Table_1,L26,92.9
internet,Basic connectivity,2013-14,2013–14,Industry,"Professional, Scientific and Technical Services",All businesses,98.9,published,,%,D,2013-14,"All businesses in the selected category and population. Coverage includes Agriculture, Forestry and Fishing.",2013-14:4-1:10,data_2013-14/extracted/81670do004_201314/81670DO004_201314.xls,Table_1,L27,98.9
internet,Basic connectivity,2013-14,2013–14,Industry,Administrative and Support Services,All businesses,96.4,published,,%,D,2013-14,"All businesses in the selected category and population. Coverage includes Agriculture, Forestry and Fishing.",2013-14:4-1:10,data_2013-14/extracted/81670do004_201314/81670DO004_201314.xls,Table_1,L28,96.4
internet,Basic connectivity,2013-14,2013–14,Industry,Health Care and Social Assistance,All businesses,96.4,published,,%,D,2013-14,"All businesses in the selected category and population. Coverage includes Agriculture, Forestry and Fishing.",2013-14:4-1:10,data_2013-14/extracted/81670do004_201314/81670DO004_201314.xls,Table_1,L29,96.4
internet,Basic connectivity,2013-14,2013–14,Industry,Arts and Recreation Services,All businesses,93.6,published,,%,D,2013-14,"All businesses in the selected category and population. Coverage includes Agriculture, Forestry and Fishing.",2013-14:4-1:10,data_2013-14/extracted/81670do004_201314/81670DO004_201314.xls,Table_1,L30,93.6
internet,Basic connectivity,2013-14,2013–14,Industry,Other Services,All businesses,94.7,published,,%,D,2013-14,"All businesses in the selected category and population. Coverage includes Agriculture, Forestry and Fishing.",2013-14:4-1:10,data_2013-14/extracted/81670do004_201314/81670DO004_201314.xls,Table_1,L31,94.7
internet,Basic connectivity,2013-14,2013–14,Overall,Total,All businesses,94.7,published,,%,D,2013-14,"All businesses in the selected category and population. Coverage includes Agriculture, Forestry and Fishing.",2013-14:4-1:10,data_2013-14/extracted/81670do004_201314/81670DO004_201314.xls,Table_1,L32,94.7
web,Basic connectivity,2013-14,2013–14,Employment size,0–4 persons,All businesses,37.0,published,,%,D,2013-14,"All businesses in the selected category and population. Coverage includes Agriculture, Forestry and Fishing.",2013-14:4-1:11,data_2013-14/extracted/81670do004_201314/81670DO004_201314.xls,Table_1,M10,37.0
web,Basic connectivity,2013-14,2013–14,Employment size,5–19 persons,All businesses,58.1,published,,%,D,2013-14,"All businesses in the selected category and population. Coverage includes Agriculture, Forestry and Fishing.",2013-14:4-1:11,data_2013-14/extracted/81670do004_201314/81670DO004_201314.xls,Table_1,M11,58.1
web,Basic connectivity,2013-14,2013–14,Employment size,20–199 persons,All businesses,81.1,published,,%,D,2013-14,"All businesses in the selected category and population. Coverage includes Agriculture, Forestry and Fishing.",2013-14:4-1:11,data_2013-14/extracted/81670do004_201314/81670DO004_201314.xls,Table_1,M12,81.1
web,Basic connectivity,2013-14,2013–14,Employment size,200 or more persons,All businesses,97.2,published,,%,D,2013-14,"All businesses in the selected category and population. Coverage includes Agriculture, Forestry and Fishing.",2013-14:4-1:11,data_2013-14/extracted/81670do004_201314/81670DO004_201314.xls,Table_1,M13,97.2
web,Basic connectivity,2013-14,2013–14,Industry,"Agriculture, Forestry and Fishing",All businesses,13.3,published,,%,D,2013-14,"All businesses in the selected category and population. Coverage includes Agriculture, Forestry and Fishing.",2013-14:4-1:11,data_2013-14/extracted/81670do004_201314/81670DO004_201314.xls,Table_1,M15,13.3
web,Basic connectivity,2013-14,2013–14,Industry,Mining,All businesses,62.5,published,,%,D,2013-14,"All businesses in the selected category and population. Coverage includes Agriculture, Forestry and Fishing.",2013-14:4-1:11,data_2013-14/extracted/81670do004_201314/81670DO004_201314.xls,Table_1,M16,62.5
web,Basic connectivity,2013-14,2013–14,Industry,Manufacturing,All businesses,63.4,published,,%,D,2013-14,"All businesses in the selected category and population. Coverage includes Agriculture, Forestry and Fishing.",2013-14:4-1:11,data_2013-14/extracted/81670do004_201314/81670DO004_201314.xls,Table_1,M17,63.4
web,Basic connectivity,2013-14,2013–14,Industry,"Electricity, Gas, Water and Waste Services",All businesses,55.5,published,,%,D,2013-14,"All businesses in the selected category and population. Coverage includes Agriculture, Forestry and Fishing.",2013-14:4-1:11,data_2013-14/extracted/81670do004_201314/81670DO004_201314.xls,Table_1,M18,55.5
web,Basic connectivity,2013-14,2013–14,Industry,Construction,All businesses,37.9,published,,%,D,2013-14,"All businesses in the selected category and population. Coverage includes Agriculture, Forestry and Fishing.",2013-14:4-1:11,data_2013-14/extracted/81670do004_201314/81670DO004_201314.xls,Table_1,M19,37.9
web,Basic connectivity,2013-14,2013–14,Industry,Wholesale Trade,All businesses,63.9,published,,%,D,2013-14,"All businesses in the selected category and population. Coverage includes Agriculture, Forestry and Fishing.",2013-14:4-1:11,data_2013-14/extracted/81670do004_201314/81670DO004_201314.xls,Table_1,M20,63.9
web,Basic connectivity,2013-14,2013–14,Industry,Retail Trade,All businesses,55.3,published,,%,D,2013-14,"All businesses in the selected category and population. Coverage includes Agriculture, Forestry and Fishing.",2013-14:4-1:11,data_2013-14/extracted/81670do004_201314/81670DO004_201314.xls,Table_1,M21,55.3
web,Basic connectivity,2013-14,2013–14,Industry,Accommodation and Food Services,All businesses,44.0,published,,%,D,2013-14,"All businesses in the selected category and population. Coverage includes Agriculture, Forestry and Fishing.",2013-14:4-1:11,data_2013-14/extracted/81670do004_201314/81670DO004_201314.xls,Table_1,M22,44.0
web,Basic connectivity,2013-14,2013–14,Industry,"Transport, Postal and Warehousing",All businesses,20.1,published,,%,D,2013-14,"All businesses in the selected category and population. Coverage includes Agriculture, Forestry and Fishing.",2013-14:4-1:11,data_2013-14/extracted/81670do004_201314/81670DO004_201314.xls,Table_1,M23,20.1
web,Basic connectivity,2013-14,2013–14,Industry,Information Media and Telecommunications,All businesses,74.4,published,,%,D,2013-14,"All businesses in the selected category and population. Coverage includes Agriculture, Forestry and Fishing.",2013-14:4-1:11,data_2013-14/extracted/81670do004_201314/81670DO004_201314.xls,Table_1,M24,74.4
web,Basic connectivity,2013-14,2013–14,Industry,Financial and Insurance Services,All businesses,60.9,published,,%,D,2013-14,"All businesses in the selected category and population. Coverage includes Agriculture, Forestry and Fishing.",2013-14:4-1:11,data_2013-14/extracted/81670do004_201314/81670DO004_201314.xls,Table_1,M25,60.9
web,Basic connectivity,2013-14,2013–14,Industry,"Rental, Hiring and Real Estate Services",All businesses,63.0,published,,%,D,2013-14,"All businesses in the selected category and population. Coverage includes Agriculture, Forestry and Fishing.",2013-14:4-1:11,data_2013-14/extracted/81670do004_201314/81670DO004_201314.xls,Table_1,M26,63.0
web,Basic connectivity,2013-14,2013–14,Industry,"Professional, Scientific and Technical Services",All businesses,55.5,published,,%,D,2013-14,"All businesses in the selected category and population. Coverage includes Agriculture, Forestry and Fishing.",2013-14:4-1:11,data_2013-14/extracted/81670do004_201314/81670DO004_201314.xls,Table_1,M27,55.5
web,Basic connectivity,2013-14,2013–14,Industry,Administrative and Support Services,All businesses,52.9,published,,%,D,2013-14,"All businesses in the selected category and population. Coverage includes Agriculture, Forestry and Fishing.",2013-14:4-1:11,data_2013-14/extracted/81670do004_201314/81670DO004_201314.xls,Table_1,M28,52.9
web,Basic connectivity,2013-14,2013–14,Industry,Health Care and Social Assistance,All businesses,41.7,published,,%,D,2013-14,"All businesses in the selected category and population. Coverage includes Agriculture, Forestry and Fishing.",2013-14:4-1:11,data_2013-14/extracted/81670do004_201314/81670DO004_201314.xls,Table_1,M29,41.7
web,Basic connectivity,2013-14,2013–14,Industry,Arts and Recreation Services,All businesses,66.0,published,,%,D,2013-14,"All businesses in the selected category and population. Coverage includes Agriculture, Forestry and Fishing.",2013-14:4-1:11,data_2013-14/extracted/81670do004_201314/81670DO004_201314.xls,Table_1,M30,66.0
web,Basic connectivity,2013-14,2013–14,Industry,Other Services,All businesses,49.4,published,,%,D,2013-14,"All businesses in the selected category and population. Coverage includes Agriculture, Forestry and Fishing.",2013-14:4-1:11,data_2013-14/extracted/81670do004_201314/81670DO004_201314.xls,Table_1,M31,49.4
web,Basic connectivity,2013-14,2013–14,Overall,Total,All businesses,47.1,published,,%,D,2013-14,"All businesses in the selected category and population. Coverage includes Agriculture, Forestry and Fishing.",2013-14:4-1:11,data_2013-14/extracted/81670do004_201314/81670DO004_201314.xls,Table_1,M32,47.1
social,Basic connectivity,2013-14,2013–14,Employment size,0–4 persons,All businesses,22.1,published,,%,D,2013-14,"All businesses in the selected category and population. Coverage includes Agriculture, Forestry and Fishing.",2013-14:4-1:12,data_2013-14/extracted/81670do004_201314/81670DO004_201314.xls,Table_1,N10,22.1
social,Basic connectivity,2013-14,2013–14,Employment size,5–19 persons,All businesses,41.9,published,,%,D,2013-14,"All businesses in the selected category and population. Coverage includes Agriculture, Forestry and Fishing.",2013-14:4-1:12,data_2013-14/extracted/81670do004_201314/81670DO004_201314.xls,Table_1,N11,41.9
social,Basic connectivity,2013-14,2013–14,Employment size,20–199 persons,All businesses,54.3,published,,%,D,2013-14,"All businesses in the selected category and population. Coverage includes Agriculture, Forestry and Fishing.",2013-14:4-1:12,data_2013-14/extracted/81670do004_201314/81670DO004_201314.xls,Table_1,N12,54.3
social,Basic connectivity,2013-14,2013–14,Employment size,200 or more persons,All businesses,65.9,published,,%,D,2013-14,"All businesses in the selected category and population. Coverage includes Agriculture, Forestry and Fishing.",2013-14:4-1:12,data_2013-14/extracted/81670do004_201314/81670DO004_201314.xls,Table_1,N13,65.9
social,Basic connectivity,2013-14,2013–14,Industry,"Agriculture, Forestry and Fishing",All businesses,9.3,published,,%,D,2013-14,"All businesses in the selected category and population. Coverage includes Agriculture, Forestry and Fishing.",2013-14:4-1:12,data_2013-14/extracted/81670do004_201314/81670DO004_201314.xls,Table_1,N15,9.3
social,Basic connectivity,2013-14,2013–14,Industry,Mining,All businesses,17.6,published,,%,D,2013-14,"All businesses in the selected category and population. Coverage includes Agriculture, Forestry and Fishing.",2013-14:4-1:12,data_2013-14/extracted/81670do004_201314/81670DO004_201314.xls,Table_1,N16,17.6
social,Basic connectivity,2013-14,2013–14,Industry,Manufacturing,All businesses,27.7,published,,%,D,2013-14,"All businesses in the selected category and population. Coverage includes Agriculture, Forestry and Fishing.",2013-14:4-1:12,data_2013-14/extracted/81670do004_201314/81670DO004_201314.xls,Table_1,N17,27.7
social,Basic connectivity,2013-14,2013–14,Industry,"Electricity, Gas, Water and Waste Services",All businesses,26.0,published,,%,D,2013-14,"All businesses in the selected category and population. Coverage includes Agriculture, Forestry and Fishing.",2013-14:4-1:12,data_2013-14/extracted/81670do004_201314/81670DO004_201314.xls,Table_1,N18,26.0
social,Basic connectivity,2013-14,2013–14,Industry,Construction,All businesses,18.0,published,,%,D,2013-14,"All businesses in the selected category and population. Coverage includes Agriculture, Forestry and Fishing.",2013-14:4-1:12,data_2013-14/extracted/81670do004_201314/81670DO004_201314.xls,Table_1,N19,18.0
social,Basic connectivity,2013-14,2013–14,Industry,Wholesale Trade,All businesses,31.2,published,,%,D,2013-14,"All businesses in the selected category and population. Coverage includes Agriculture, Forestry and Fishing.",2013-14:4-1:12,data_2013-14/extracted/81670do004_201314/81670DO004_201314.xls,Table_1,N20,31.2
social,Basic connectivity,2013-14,2013–14,Industry,Retail Trade,All businesses,51.4,published,,%,D,2013-14,"All businesses in the selected category and population. Coverage includes Agriculture, Forestry and Fishing.",2013-14:4-1:12,data_2013-14/extracted/81670do004_201314/81670DO004_201314.xls,Table_1,N21,51.4
social,Basic connectivity,2013-14,2013–14,Industry,Accommodation and Food Services,All businesses,47.1,published,,%,D,2013-14,"All businesses in the selected category and population. Coverage includes Agriculture, Forestry and Fishing.",2013-14:4-1:12,data_2013-14/extracted/81670do004_201314/81670DO004_201314.xls,Table_1,N22,47.1
social,Basic connectivity,2013-14,2013–14,Industry,"Transport, Postal and Warehousing",All businesses,8.6,published,,%,D,2013-14,"All businesses in the selected category and population. Coverage includes Agriculture, Forestry and Fishing.",2013-14:4-1:12,data_2013-14/extracted/81670do004_201314/81670DO004_201314.xls,Table_1,N23,8.6
social,Basic connectivity,2013-14,2013–14,Industry,Information Media and Telecommunications,All businesses,58.6,published,,%,D,2013-14,"All businesses in the selected category and population. Coverage includes Agriculture, Forestry and Fishing.",2013-14:4-1:12,data_2013-14/extracted/81670do004_201314/81670DO004_201314.xls,Table_1,N24,58.6
social,Basic connectivity,2013-14,2013–14,Industry,Financial and Insurance Services,All businesses,31.1,published,,%,D,2013-14,"All businesses in the selected category and population. Coverage includes Agriculture, Forestry and Fishing.",2013-14:4-1:12,data_2013-14/extracted/81670do004_201314/81670DO004_201314.xls,Table_1,N25,31.1
social,Basic connectivity,2013-14,2013–14,Industry,"Rental, Hiring and Real Estate Services",All businesses,35.3,published,,%,D,2013-14,"All businesses in the selected category and population. Coverage includes Agriculture, Forestry and Fishing.",2013-14:4-1:12,data_2013-14/extracted/81670do004_201314/81670DO004_201314.xls,Table_1,N26,35.3
social,Basic connectivity,2013-14,2013–14,Industry,"Professional, Scientific and Technical Services",All businesses,32.5,published,,%,D,2013-14,"All businesses in the selected category and population. Coverage includes Agriculture, Forestry and Fishing.",2013-14:4-1:12,data_2013-14/extracted/81670do004_201314/81670DO004_201314.xls,Table_1,N27,32.5
social,Basic connectivity,2013-14,2013–14,Industry,Administrative and Support Services,All businesses,33.4,published,,%,D,2013-14,"All businesses in the selected category and population. Coverage includes Agriculture, Forestry and Fishing.",2013-14:4-1:12,data_2013-14/extracted/81670do004_201314/81670DO004_201314.xls,Table_1,N28,33.4
social,Basic connectivity,2013-14,2013–14,Industry,Health Care and Social Assistance,All businesses,23.6,published,,%,D,2013-14,"All businesses in the selected category and population. Coverage includes Agriculture, Forestry and Fishing.",2013-14:4-1:12,data_2013-14/extracted/81670do004_201314/81670DO004_201314.xls,Table_1,N29,23.6
social,Basic connectivity,2013-14,2013–14,Industry,Arts and Recreation Services,All businesses,55.9,published,,%,D,2013-14,"All businesses in the selected category and population. Coverage includes Agriculture, Forestry and Fishing.",2013-14:4-1:12,data_2013-14/extracted/81670do004_201314/81670DO004_201314.xls,Table_1,N30,55.9
social,Basic connectivity,2013-14,2013–14,Industry,Other Services,All businesses,48.2,published,,%,D,2013-14,"All businesses in the selected category and population. Coverage includes Agriculture, Forestry and Fishing.",2013-14:4-1:12,data_2013-14/extracted/81670do004_201314/81670DO004_201314.xls,Table_1,N31,48.2
social,Basic connectivity,2013-14,2013–14,Overall,Total,All businesses,30.8,published,,%,D,2013-14,"All businesses in the selected category and population. Coverage includes Agriculture, Forestry and Fishing.",2013-14:4-1:12,data_2013-14/extracted/81670do004_201314/81670DO004_201314.xls,Table_1,N32,30.8
placed,Digital transactions,2013-14,2013–14,Employment size,0–4 persons,All businesses,50.1,published,,%,D,2013-14,"All businesses in the selected category and population. Coverage includes Agriculture, Forestry and Fishing.",2013-14:4-1:13,data_2013-14/extracted/81670do004_201314/81670DO004_201314.xls,Table_1,O10,50.1
placed,Digital transactions,2013-14,2013–14,Employment size,5–19 persons,All businesses,63.0,published,,%,D,2013-14,"All businesses in the selected category and population. Coverage includes Agriculture, Forestry and Fishing.",2013-14:4-1:13,data_2013-14/extracted/81670do004_201314/81670DO004_201314.xls,Table_1,O11,63.0
placed,Digital transactions,2013-14,2013–14,Employment size,20–199 persons,All businesses,73.8,published,,%,D,2013-14,"All businesses in the selected category and population. Coverage includes Agriculture, Forestry and Fishing.",2013-14:4-1:13,data_2013-14/extracted/81670do004_201314/81670DO004_201314.xls,Table_1,O12,73.8
placed,Digital transactions,2013-14,2013–14,Employment size,200 or more persons,All businesses,87.5,published,,%,D,2013-14,"All businesses in the selected category and population. Coverage includes Agriculture, Forestry and Fishing.",2013-14:4-1:13,data_2013-14/extracted/81670do004_201314/81670DO004_201314.xls,Table_1,O13,87.5
placed,Digital transactions,2013-14,2013–14,Industry,"Agriculture, Forestry and Fishing",All businesses,44.2,published,,%,D,2013-14,"All businesses in the selected category and population. Coverage includes Agriculture, Forestry and Fishing.",2013-14:4-1:13,data_2013-14/extracted/81670do004_201314/81670DO004_201314.xls,Table_1,O15,44.2
placed,Digital transactions,2013-14,2013–14,Industry,Mining,All businesses,62.9,published,,%,D,2013-14,"All businesses in the selected category and population. Coverage includes Agriculture, Forestry and Fishing.",2013-14:4-1:13,data_2013-14/extracted/81670do004_201314/81670DO004_201314.xls,Table_1,O16,62.9
placed,Digital transactions,2013-14,2013–14,Industry,Manufacturing,All businesses,59.6,published,,%,D,2013-14,"All businesses in the selected category and population. Coverage includes Agriculture, Forestry and Fishing.",2013-14:4-1:13,data_2013-14/extracted/81670do004_201314/81670DO004_201314.xls,Table_1,O17,59.6
placed,Digital transactions,2013-14,2013–14,Industry,"Electricity, Gas, Water and Waste Services",All businesses,47.5,published,,%,D,2013-14,"All businesses in the selected category and population. Coverage includes Agriculture, Forestry and Fishing.",2013-14:4-1:13,data_2013-14/extracted/81670do004_201314/81670DO004_201314.xls,Table_1,O18,47.5
placed,Digital transactions,2013-14,2013–14,Industry,Construction,All businesses,47.9,published,,%,D,2013-14,"All businesses in the selected category and population. Coverage includes Agriculture, Forestry and Fishing.",2013-14:4-1:13,data_2013-14/extracted/81670do004_201314/81670DO004_201314.xls,Table_1,O19,47.9
placed,Digital transactions,2013-14,2013–14,Industry,Wholesale Trade,All businesses,68.9,published,,%,D,2013-14,"All businesses in the selected category and population. Coverage includes Agriculture, Forestry and Fishing.",2013-14:4-1:13,data_2013-14/extracted/81670do004_201314/81670DO004_201314.xls,Table_1,O20,68.9
placed,Digital transactions,2013-14,2013–14,Industry,Retail Trade,All businesses,66.2,published,,%,D,2013-14,"All businesses in the selected category and population. Coverage includes Agriculture, Forestry and Fishing.",2013-14:4-1:13,data_2013-14/extracted/81670do004_201314/81670DO004_201314.xls,Table_1,O21,66.2
placed,Digital transactions,2013-14,2013–14,Industry,Accommodation and Food Services,All businesses,45.3,published,,%,D,2013-14,"All businesses in the selected category and population. Coverage includes Agriculture, Forestry and Fishing.",2013-14:4-1:13,data_2013-14/extracted/81670do004_201314/81670DO004_201314.xls,Table_1,O22,45.3
placed,Digital transactions,2013-14,2013–14,Industry,"Transport, Postal and Warehousing",All businesses,30.4,published,,%,D,2013-14,"All businesses in the selected category and population. Coverage includes Agriculture, Forestry and Fishing.",2013-14:4-1:13,data_2013-14/extracted/81670do004_201314/81670DO004_201314.xls,Table_1,O23,30.4
placed,Digital transactions,2013-14,2013–14,Industry,Information Media and Telecommunications,All businesses,75.6,published,,%,D,2013-14,"All businesses in the selected category and population. Coverage includes Agriculture, Forestry and Fishing.",2013-14:4-1:13,data_2013-14/extracted/81670do004_201314/81670DO004_201314.xls,Table_1,O24,75.6
placed,Digital transactions,2013-14,2013–14,Industry,Financial and Insurance Services,All businesses,59.6,published,,%,D,2013-14,"All businesses in the selected category and population. Coverage includes Agriculture, Forestry and Fishing.",2013-14:4-1:13,data_2013-14/extracted/81670do004_201314/81670DO004_201314.xls,Table_1,O25,59.6
placed,Digital transactions,2013-14,2013–14,Industry,"Rental, Hiring and Real Estate Services",All businesses,58.9,published,,%,D,2013-14,"All businesses in the selected category and population. Coverage includes Agriculture, Forestry and Fishing.",2013-14:4-1:13,data_2013-14/extracted/81670do004_201314/81670DO004_201314.xls,Table_1,O26,58.9
placed,Digital transactions,2013-14,2013–14,Industry,"Professional, Scientific and Technical Services",All businesses,68.9,published,,%,D,2013-14,"All businesses in the selected category and population. Coverage includes Agriculture, Forestry and Fishing.",2013-14:4-1:13,data_2013-14/extracted/81670do004_201314/81670DO004_201314.xls,Table_1,O27,68.9
placed,Digital transactions,2013-14,2013–14,Industry,Administrative and Support Services,All businesses,52.3,published,,%,D,2013-14,"All businesses in the selected category and population. Coverage includes Agriculture, Forestry and Fishing.",2013-14:4-1:13,data_2013-14/extracted/81670do004_201314/81670DO004_201314.xls,Table_1,O28,52.3
placed,Digital transactions,2013-14,2013–14,Industry,Health Care and Social Assistance,All businesses,61.3,published,,%,D,2013-14,"All businesses in the selected category and population. Coverage includes Agriculture, Forestry and Fishing.",2013-14:4-1:13,data_2013-14/extracted/81670do004_201314/81670DO004_201314.xls,Table_1,O29,61.3
placed,Digital transactions,2013-14,2013–14,Industry,Arts and Recreation Services,All businesses,59.9,published,,%,D,2013-14,"All businesses in the selected category and population. Coverage includes Agriculture, Forestry and Fishing.",2013-14:4-1:13,data_2013-14/extracted/81670do004_201314/81670DO004_201314.xls,Table_1,O30,59.9
placed,Digital transactions,2013-14,2013–14,Industry,Other Services,All businesses,55.2,published,,%,D,2013-14,"All businesses in the selected category and population. Coverage includes Agriculture, Forestry and Fishing.",2013-14:4-1:13,data_2013-14/extracted/81670do004_201314/81670DO004_201314.xls,Table_1,O31,55.2
placed,Digital transactions,2013-14,2013–14,Overall,Total,All businesses,56.0,published,,%,D,2013-14,"All businesses in the selected category and population. Coverage includes Agriculture, Forestry and Fishing.",2013-14:4-1:13,data_2013-14/extracted/81670do004_201314/81670DO004_201314.xls,Table_1,O32,56.0
received,Digital transactions,2013-14,2013–14,Employment size,0–4 persons,All businesses,27.5,published,,%,D,2013-14,"All businesses in the selected category and population. Coverage includes Agriculture, Forestry and Fishing.",2013-14:4-1:14,data_2013-14/extracted/81670do004_201314/81670DO004_201314.xls,Table_1,P10,27.5
received,Digital transactions,2013-14,2013–14,Employment size,5–19 persons,All businesses,41.3,published,,%,D,2013-14,"All businesses in the selected category and population. Coverage includes Agriculture, Forestry and Fishing.",2013-14:4-1:14,data_2013-14/extracted/81670do004_201314/81670DO004_201314.xls,Table_1,P11,41.3
received,Digital transactions,2013-14,2013–14,Employment size,20–199 persons,All businesses,45.6,published,,%,D,2013-14,"All businesses in the selected category and population. Coverage includes Agriculture, Forestry and Fishing.",2013-14:4-1:14,data_2013-14/extracted/81670do004_201314/81670DO004_201314.xls,Table_1,P12,45.6
received,Digital transactions,2013-14,2013–14,Employment size,200 or more persons,All businesses,48.2,published,,%,D,2013-14,"All businesses in the selected category and population. Coverage includes Agriculture, Forestry and Fishing.",2013-14:4-1:14,data_2013-14/extracted/81670do004_201314/81670DO004_201314.xls,Table_1,P13,48.2
received,Digital transactions,2013-14,2013–14,Industry,"Agriculture, Forestry and Fishing",All businesses,19.0,published,,%,D,2013-14,"All businesses in the selected category and population. Coverage includes Agriculture, Forestry and Fishing.",2013-14:4-1:14,data_2013-14/extracted/81670do004_201314/81670DO004_201314.xls,Table_1,P15,19.0
received,Digital transactions,2013-14,2013–14,Industry,Mining,All businesses,25.2,published,,%,D,2013-14,"All businesses in the selected category and population. Coverage includes Agriculture, Forestry and Fishing.",2013-14:4-1:14,data_2013-14/extracted/81670do004_201314/81670DO004_201314.xls,Table_1,P16,25.2
received,Digital transactions,2013-14,2013–14,Industry,Manufacturing,All businesses,52.2,published,,%,D,2013-14,"All businesses in the selected category and population. Coverage includes Agriculture, Forestry and Fishing.",2013-14:4-1:14,data_2013-14/extracted/81670do004_201314/81670DO004_201314.xls,Table_1,P17,52.2
received,Digital transactions,2013-14,2013–14,Industry,"Electricity, Gas, Water and Waste Services",All businesses,37.0,published,,%,D,2013-14,"All businesses in the selected category and population. Coverage includes Agriculture, Forestry and Fishing.",2013-14:4-1:14,data_2013-14/extracted/81670do004_201314/81670DO004_201314.xls,Table_1,P18,37.0
received,Digital transactions,2013-14,2013–14,Industry,Construction,All businesses,29.3,published,,%,D,2013-14,"All businesses in the selected category and population. Coverage includes Agriculture, Forestry and Fishing.",2013-14:4-1:14,data_2013-14/extracted/81670do004_201314/81670DO004_201314.xls,Table_1,P19,29.3
received,Digital transactions,2013-14,2013–14,Industry,Wholesale Trade,All businesses,59.8,published,,%,D,2013-14,"All businesses in the selected category and population. Coverage includes Agriculture, Forestry and Fishing.",2013-14:4-1:14,data_2013-14/extracted/81670do004_201314/81670DO004_201314.xls,Table_1,P20,59.8
received,Digital transactions,2013-14,2013–14,Industry,Retail Trade,All businesses,42.6,published,,%,D,2013-14,"All businesses in the selected category and population. Coverage includes Agriculture, Forestry and Fishing.",2013-14:4-1:14,data_2013-14/extracted/81670do004_201314/81670DO004_201314.xls,Table_1,P21,42.6
received,Digital transactions,2013-14,2013–14,Industry,Accommodation and Food Services,All businesses,32.4,published,,%,D,2013-14,"All businesses in the selected category and population. Coverage includes Agriculture, Forestry and Fishing.",2013-14:4-1:14,data_2013-14/extracted/81670do004_201314/81670DO004_201314.xls,Table_1,P22,32.4
received,Digital transactions,2013-14,2013–14,Industry,"Transport, Postal and Warehousing",All businesses,24.2,published,,%,D,2013-14,"All businesses in the selected category and population. Coverage includes Agriculture, Forestry and Fishing.",2013-14:4-1:14,data_2013-14/extracted/81670do004_201314/81670DO004_201314.xls,Table_1,P23,24.2
received,Digital transactions,2013-14,2013–14,Industry,Information Media and Telecommunications,All businesses,51.8,published,,%,D,2013-14,"All businesses in the selected category and population. Coverage includes Agriculture, Forestry and Fishing.",2013-14:4-1:14,data_2013-14/extracted/81670do004_201314/81670DO004_201314.xls,Table_1,P24,51.8
received,Digital transactions,2013-14,2013–14,Industry,Financial and Insurance Services,All businesses,21.6,published,,%,D,2013-14,"All businesses in the selected category and population. Coverage includes Agriculture, Forestry and Fishing.",2013-14:4-1:14,data_2013-14/extracted/81670do004_201314/81670DO004_201314.xls,Table_1,P25,21.6
received,Digital transactions,2013-14,2013–14,Industry,"Rental, Hiring and Real Estate Services",All businesses,38.5,published,,%,D,2013-14,"All businesses in the selected category and population. Coverage includes Agriculture, Forestry and Fishing.",2013-14:4-1:14,data_2013-14/extracted/81670do004_201314/81670DO004_201314.xls,Table_1,P26,38.5
received,Digital transactions,2013-14,2013–14,Industry,"Professional, Scientific and Technical Services",All businesses,32.3,published,,%,D,2013-14,"All businesses in the selected category and population. Coverage includes Agriculture, Forestry and Fishing.",2013-14:4-1:14,data_2013-14/extracted/81670do004_201314/81670DO004_201314.xls,Table_1,P27,32.3
received,Digital transactions,2013-14,2013–14,Industry,Administrative and Support Services,All businesses,33.5,published,,%,D,2013-14,"All businesses in the selected category and population. Coverage includes Agriculture, Forestry and Fishing.",2013-14:4-1:14,data_2013-14/extracted/81670do004_201314/81670DO004_201314.xls,Table_1,P28,33.5
received,Digital transactions,2013-14,2013–14,Industry,Health Care and Social Assistance,All businesses,16.9,published,,%,D,2013-14,"All businesses in the selected category and population. Coverage includes Agriculture, Forestry and Fishing.",2013-14:4-1:14,data_2013-14/extracted/81670do004_201314/81670DO004_201314.xls,Table_1,P29,16.9
received,Digital transactions,2013-14,2013–14,Industry,Arts and Recreation Services,All businesses,38.9,published,,%,D,2013-14,"All businesses in the selected category and population. Coverage includes Agriculture, Forestry and Fishing.",2013-14:4-1:14,data_2013-14/extracted/81670do004_201314/81670DO004_201314.xls,Table_1,P30,38.9
received,Digital transactions,2013-14,2013–14,Industry,Other Services,All businesses,32.9,published,,%,D,2013-14,"All businesses in the selected category and population. Coverage includes Agriculture, Forestry and Fishing.",2013-14:4-1:14,data_2013-14/extracted/81670do004_201314/81670DO004_201314.xls,Table_1,P31,32.9
received,Digital transactions,2013-14,2013–14,Overall,Total,All businesses,33.2,published,,%,D,2013-14,"All businesses in the selected category and population. Coverage includes Agriculture, Forestry and Fishing.",2013-14:4-1:14,data_2013-14/extracted/81670do004_201314/81670DO004_201314.xls,Table_1,P32,33.2
internet,Basic connectivity,2014-15,2014–15,Employment size,0–4 persons,All businesses,93.9,published,,%,D,2014-15,"All businesses in the selected category and population. Coverage includes Agriculture, Forestry and Fishing.",2014-15:7-1:10,data_2014-15/extracted/81670do007_201415/81670DO007_201415.xls,Table_1,L10,93.9
internet,Basic connectivity,2014-15,2014–15,Employment size,5–19 persons,All businesses,95.5,published,,%,D,2014-15,"All businesses in the selected category and population. Coverage includes Agriculture, Forestry and Fishing.",2014-15:7-1:10,data_2014-15/extracted/81670do007_201415/81670DO007_201415.xls,Table_1,L11,95.5
internet,Basic connectivity,2014-15,2014–15,Employment size,20–199 persons,All businesses,99.1,published,,%,D,2014-15,"All businesses in the selected category and population. Coverage includes Agriculture, Forestry and Fishing.",2014-15:7-1:10,data_2014-15/extracted/81670do007_201415/81670DO007_201415.xls,Table_1,L12,99.1
internet,Basic connectivity,2014-15,2014–15,Employment size,200 or more persons,All businesses,99.9,published,,%,D,2014-15,"All businesses in the selected category and population. Coverage includes Agriculture, Forestry and Fishing.",2014-15:7-1:10,data_2014-15/extracted/81670do007_201415/81670DO007_201415.xls,Table_1,L13,99.9
internet,Basic connectivity,2014-15,2014–15,Industry,"Agriculture, Forestry and Fishing",All businesses,89.4,published,,%,D,2014-15,"All businesses in the selected category and population. Coverage includes Agriculture, Forestry and Fishing.",2014-15:7-1:10,data_2014-15/extracted/81670do007_201415/81670DO007_201415.xls,Table_1,L15,89.4
internet,Basic connectivity,2014-15,2014–15,Industry,Mining,All businesses,99.3,published,,%,D,2014-15,"All businesses in the selected category and population. Coverage includes Agriculture, Forestry and Fishing.",2014-15:7-1:10,data_2014-15/extracted/81670do007_201415/81670DO007_201415.xls,Table_1,L16,99.3
internet,Basic connectivity,2014-15,2014–15,Industry,Manufacturing,All businesses,94.3,published,,%,D,2014-15,"All businesses in the selected category and population. Coverage includes Agriculture, Forestry and Fishing.",2014-15:7-1:10,data_2014-15/extracted/81670do007_201415/81670DO007_201415.xls,Table_1,L17,94.3
internet,Basic connectivity,2014-15,2014–15,Industry,"Electricity, Gas, Water and Waste Services",All businesses,95.3,published,,%,D,2014-15,"All businesses in the selected category and population. Coverage includes Agriculture, Forestry and Fishing.",2014-15:7-1:10,data_2014-15/extracted/81670do007_201415/81670DO007_201415.xls,Table_1,L18,95.3
internet,Basic connectivity,2014-15,2014–15,Industry,Construction,All businesses,95.6,published,,%,D,2014-15,"All businesses in the selected category and population. Coverage includes Agriculture, Forestry and Fishing.",2014-15:7-1:10,data_2014-15/extracted/81670do007_201415/81670DO007_201415.xls,Table_1,L19,95.6
internet,Basic connectivity,2014-15,2014–15,Industry,Wholesale Trade,All businesses,98.2,published,,%,D,2014-15,"All businesses in the selected category and population. Coverage includes Agriculture, Forestry and Fishing.",2014-15:7-1:10,data_2014-15/extracted/81670do007_201415/81670DO007_201415.xls,Table_1,L20,98.2
internet,Basic connectivity,2014-15,2014–15,Industry,Retail Trade,All businesses,94.1,published,,%,D,2014-15,"All businesses in the selected category and population. Coverage includes Agriculture, Forestry and Fishing.",2014-15:7-1:10,data_2014-15/extracted/81670do007_201415/81670DO007_201415.xls,Table_1,L21,94.1
internet,Basic connectivity,2014-15,2014–15,Industry,Accommodation and Food Services,All businesses,88.4,published,,%,D,2014-15,"All businesses in the selected category and population. Coverage includes Agriculture, Forestry and Fishing.",2014-15:7-1:10,data_2014-15/extracted/81670do007_201415/81670DO007_201415.xls,Table_1,L22,88.4
internet,Basic connectivity,2014-15,2014–15,Industry,"Transport, Postal and Warehousing",All businesses,92.7,published,,%,D,2014-15,"All businesses in the selected category and population. Coverage includes Agriculture, Forestry and Fishing.",2014-15:7-1:10,data_2014-15/extracted/81670do007_201415/81670DO007_201415.xls,Table_1,L23,92.7
internet,Basic connectivity,2014-15,2014–15,Industry,Information Media and Telecommunications,All businesses,98.7,published,,%,D,2014-15,"All businesses in the selected category and population. Coverage includes Agriculture, Forestry and Fishing.",2014-15:7-1:10,data_2014-15/extracted/81670do007_201415/81670DO007_201415.xls,Table_1,L24,98.7
internet,Basic connectivity,2014-15,2014–15,Industry,Financial and Insurance Services,All businesses,98.6,published,,%,D,2014-15,"All businesses in the selected category and population. Coverage includes Agriculture, Forestry and Fishing.",2014-15:7-1:10,data_2014-15/extracted/81670do007_201415/81670DO007_201415.xls,Table_1,L25,98.6
internet,Basic connectivity,2014-15,2014–15,Industry,"Rental, Hiring and Real Estate Services",All businesses,95.3,published,,%,D,2014-15,"All businesses in the selected category and population. Coverage includes Agriculture, Forestry and Fishing.",2014-15:7-1:10,data_2014-15/extracted/81670do007_201415/81670DO007_201415.xls,Table_1,L26,95.3
internet,Basic connectivity,2014-15,2014–15,Industry,"Professional, Scientific and Technical Services",All businesses,98.4,published,,%,D,2014-15,"All businesses in the selected category and population. Coverage includes Agriculture, Forestry and Fishing.",2014-15:7-1:10,data_2014-15/extracted/81670do007_201415/81670DO007_201415.xls,Table_1,L27,98.4
internet,Basic connectivity,2014-15,2014–15,Industry,Administrative and Support Services,All businesses,96.9,published,,%,D,2014-15,"All businesses in the selected category and population. Coverage includes Agriculture, Forestry and Fishing.",2014-15:7-1:10,data_2014-15/extracted/81670do007_201415/81670DO007_201415.xls,Table_1,L28,96.9
internet,Basic connectivity,2014-15,2014–15,Industry,Health Care and Social Assistance,All businesses,96.1,published,,%,D,2014-15,"All businesses in the selected category and population. Coverage includes Agriculture, Forestry and Fishing.",2014-15:7-1:10,data_2014-15/extracted/81670do007_201415/81670DO007_201415.xls,Table_1,L29,96.1
internet,Basic connectivity,2014-15,2014–15,Industry,Arts and Recreation Services,All businesses,94.4,published,,%,D,2014-15,"All businesses in the selected category and population. Coverage includes Agriculture, Forestry and Fishing.",2014-15:7-1:10,data_2014-15/extracted/81670do007_201415/81670DO007_201415.xls,Table_1,L30,94.4
internet,Basic connectivity,2014-15,2014–15,Industry,Other Services,All businesses,92.1,published,,%,D,2014-15,"All businesses in the selected category and population. Coverage includes Agriculture, Forestry and Fishing.",2014-15:7-1:10,data_2014-15/extracted/81670do007_201415/81670DO007_201415.xls,Table_1,L31,92.1
internet,Basic connectivity,2014-15,2014–15,Overall,Total,All businesses,94.8,published,,%,D,2014-15,"All businesses in the selected category and population. Coverage includes Agriculture, Forestry and Fishing.",2014-15:7-1:10,data_2014-15/extracted/81670do007_201415/81670DO007_201415.xls,Table_1,L32,94.8
web,Basic connectivity,2014-15,2014–15,Employment size,0–4 persons,All businesses,38.9,published,,%,D,2014-15,"All businesses in the selected category and population. Coverage includes Agriculture, Forestry and Fishing.",2014-15:7-1:11,data_2014-15/extracted/81670do007_201415/81670DO007_201415.xls,Table_1,M10,38.9
web,Basic connectivity,2014-15,2014–15,Employment size,5–19 persons,All businesses,59.4,published,,%,D,2014-15,"All businesses in the selected category and population. Coverage includes Agriculture, Forestry and Fishing.",2014-15:7-1:11,data_2014-15/extracted/81670do007_201415/81670DO007_201415.xls,Table_1,M11,59.4
web,Basic connectivity,2014-15,2014–15,Employment size,20–199 persons,All businesses,79.5,published,,%,D,2014-15,"All businesses in the selected category and population. Coverage includes Agriculture, Forestry and Fishing.",2014-15:7-1:11,data_2014-15/extracted/81670do007_201415/81670DO007_201415.xls,Table_1,M12,79.5
web,Basic connectivity,2014-15,2014–15,Employment size,200 or more persons,All businesses,91.2,published,,%,D,2014-15,"All businesses in the selected category and population. Coverage includes Agriculture, Forestry and Fishing.",2014-15:7-1:11,data_2014-15/extracted/81670do007_201415/81670DO007_201415.xls,Table_1,M13,91.2
web,Basic connectivity,2014-15,2014–15,Industry,"Agriculture, Forestry and Fishing",All businesses,10.2,published,,%,D,2014-15,"All businesses in the selected category and population. Coverage includes Agriculture, Forestry and Fishing.",2014-15:7-1:11,data_2014-15/extracted/81670do007_201415/81670DO007_201415.xls,Table_1,M15,10.2
web,Basic connectivity,2014-15,2014–15,Industry,Mining,All businesses,63.7,published,,%,D,2014-15,"All businesses in the selected category and population. Coverage includes Agriculture, Forestry and Fishing.",2014-15:7-1:11,data_2014-15/extracted/81670do007_201415/81670DO007_201415.xls,Table_1,M16,63.7
web,Basic connectivity,2014-15,2014–15,Industry,Manufacturing,All businesses,62.7,published,,%,D,2014-15,"All businesses in the selected category and population. Coverage includes Agriculture, Forestry and Fishing.",2014-15:7-1:11,data_2014-15/extracted/81670do007_201415/81670DO007_201415.xls,Table_1,M17,62.7
web,Basic connectivity,2014-15,2014–15,Industry,"Electricity, Gas, Water and Waste Services",All businesses,57.1,published,,%,D,2014-15,"All businesses in the selected category and population. Coverage includes Agriculture, Forestry and Fishing.",2014-15:7-1:11,data_2014-15/extracted/81670do007_201415/81670DO007_201415.xls,Table_1,M18,57.1
web,Basic connectivity,2014-15,2014–15,Industry,Construction,All businesses,40.1,published,,%,D,2014-15,"All businesses in the selected category and population. Coverage includes Agriculture, Forestry and Fishing.",2014-15:7-1:11,data_2014-15/extracted/81670do007_201415/81670DO007_201415.xls,Table_1,M19,40.1
web,Basic connectivity,2014-15,2014–15,Industry,Wholesale Trade,All businesses,66.9,published,,%,D,2014-15,"All businesses in the selected category and population. Coverage includes Agriculture, Forestry and Fishing.",2014-15:7-1:11,data_2014-15/extracted/81670do007_201415/81670DO007_201415.xls,Table_1,M20,66.9
web,Basic connectivity,2014-15,2014–15,Industry,Retail Trade,All businesses,52.1,published,,%,D,2014-15,"All businesses in the selected category and population. Coverage includes Agriculture, Forestry and Fishing.",2014-15:7-1:11,data_2014-15/extracted/81670do007_201415/81670DO007_201415.xls,Table_1,M21,52.1
web,Basic connectivity,2014-15,2014–15,Industry,Accommodation and Food Services,All businesses,56.7,published,,%,D,2014-15,"All businesses in the selected category and population. Coverage includes Agriculture, Forestry and Fishing.",2014-15:7-1:11,data_2014-15/extracted/81670do007_201415/81670DO007_201415.xls,Table_1,M22,56.7
web,Basic connectivity,2014-15,2014–15,Industry,"Transport, Postal and Warehousing",All businesses,26.4,published,,%,D,2014-15,"All businesses in the selected category and population. Coverage includes Agriculture, Forestry and Fishing.",2014-15:7-1:11,data_2014-15/extracted/81670do007_201415/81670DO007_201415.xls,Table_1,M23,26.4
web,Basic connectivity,2014-15,2014–15,Industry,Information Media and Telecommunications,All businesses,71.0,published,,%,D,2014-15,"All businesses in the selected category and population. Coverage includes Agriculture, Forestry and Fishing.",2014-15:7-1:11,data_2014-15/extracted/81670do007_201415/81670DO007_201415.xls,Table_1,M24,71.0
web,Basic connectivity,2014-15,2014–15,Industry,Financial and Insurance Services,All businesses,63.1,published,,%,D,2014-15,"All businesses in the selected category and population. Coverage includes Agriculture, Forestry and Fishing.",2014-15:7-1:11,data_2014-15/extracted/81670do007_201415/81670DO007_201415.xls,Table_1,M25,63.1
web,Basic connectivity,2014-15,2014–15,Industry,"Rental, Hiring and Real Estate Services",All businesses,55.7,published,,%,D,2014-15,"All businesses in the selected category and population. Coverage includes Agriculture, Forestry and Fishing.",2014-15:7-1:11,data_2014-15/extracted/81670do007_201415/81670DO007_201415.xls,Table_1,M26,55.7
web,Basic connectivity,2014-15,2014–15,Industry,"Professional, Scientific and Technical Services",All businesses,54.1,published,,%,D,2014-15,"All businesses in the selected category and population. Coverage includes Agriculture, Forestry and Fishing.",2014-15:7-1:11,data_2014-15/extracted/81670do007_201415/81670DO007_201415.xls,Table_1,M27,54.1
web,Basic connectivity,2014-15,2014–15,Industry,Administrative and Support Services,All businesses,53.1,published,,%,D,2014-15,"All businesses in the selected category and population. Coverage includes Agriculture, Forestry and Fishing.",2014-15:7-1:11,data_2014-15/extracted/81670do007_201415/81670DO007_201415.xls,Table_1,M28,53.1
web,Basic connectivity,2014-15,2014–15,Industry,Health Care and Social Assistance,All businesses,51.2,published,,%,D,2014-15,"All businesses in the selected category and population. Coverage includes Agriculture, Forestry and Fishing.",2014-15:7-1:11,data_2014-15/extracted/81670do007_201415/81670DO007_201415.xls,Table_1,M29,51.2
web,Basic connectivity,2014-15,2014–15,Industry,Arts and Recreation Services,All businesses,73.2,published,,%,D,2014-15,"All businesses in the selected category and population. Coverage includes Agriculture, Forestry and Fishing.",2014-15:7-1:11,data_2014-15/extracted/81670do007_201415/81670DO007_201415.xls,Table_1,M30,73.2
web,Basic connectivity,2014-15,2014–15,Industry,Other Services,All businesses,45.2,published,,%,D,2014-15,"All businesses in the selected category and population. Coverage includes Agriculture, Forestry and Fishing.",2014-15:7-1:11,data_2014-15/extracted/81670do007_201415/81670DO007_201415.xls,Table_1,M31,45.2
web,Basic connectivity,2014-15,2014–15,Overall,Total,All businesses,48.6,published,,%,D,2014-15,"All businesses in the selected category and population. Coverage includes Agriculture, Forestry and Fishing.",2014-15:7-1:11,data_2014-15/extracted/81670do007_201415/81670DO007_201415.xls,Table_1,M32,48.6
social,Basic connectivity,2014-15,2014–15,Employment size,0–4 persons,All businesses,25.0,published,,%,D,2014-15,"All businesses in the selected category and population. Coverage includes Agriculture, Forestry and Fishing.",2014-15:7-1:12,data_2014-15/extracted/81670do007_201415/81670DO007_201415.xls,Table_1,N10,25.0
social,Basic connectivity,2014-15,2014–15,Employment size,5–19 persons,All businesses,45.1,published,,%,D,2014-15,"All businesses in the selected category and population. Coverage includes Agriculture, Forestry and Fishing.",2014-15:7-1:12,data_2014-15/extracted/81670do007_201415/81670DO007_201415.xls,Table_1,N11,45.1
social,Basic connectivity,2014-15,2014–15,Employment size,20–199 persons,All businesses,56.8,published,,%,D,2014-15,"All businesses in the selected category and population. Coverage includes Agriculture, Forestry and Fishing.",2014-15:7-1:12,data_2014-15/extracted/81670do007_201415/81670DO007_201415.xls,Table_1,N12,56.8
social,Basic connectivity,2014-15,2014–15,Employment size,200 or more persons,All businesses,71.0,published,,%,D,2014-15,"All businesses in the selected category and population. Coverage includes Agriculture, Forestry and Fishing.",2014-15:7-1:12,data_2014-15/extracted/81670do007_201415/81670DO007_201415.xls,Table_1,N13,71.0
social,Basic connectivity,2014-15,2014–15,Industry,"Agriculture, Forestry and Fishing",All businesses,6.4,published,,%,D,2014-15,"All businesses in the selected category and population. Coverage includes Agriculture, Forestry and Fishing.",2014-15:7-1:12,data_2014-15/extracted/81670do007_201415/81670DO007_201415.xls,Table_1,N15,6.4
social,Basic connectivity,2014-15,2014–15,Industry,Mining,All businesses,25.2,published,,%,D,2014-15,"All businesses in the selected category and population. Coverage includes Agriculture, Forestry and Fishing.",2014-15:7-1:12,data_2014-15/extracted/81670do007_201415/81670DO007_201415.xls,Table_1,N16,25.2
social,Basic connectivity,2014-15,2014–15,Industry,Manufacturing,All businesses,35.0,published,,%,D,2014-15,"All businesses in the selected category and population. Coverage includes Agriculture, Forestry and Fishing.",2014-15:7-1:12,data_2014-15/extracted/81670do007_201415/81670DO007_201415.xls,Table_1,N17,35.0
social,Basic connectivity,2014-15,2014–15,Industry,"Electricity, Gas, Water and Waste Services",All businesses,26.2,published,,%,D,2014-15,"All businesses in the selected category and population. Coverage includes Agriculture, Forestry and Fishing.",2014-15:7-1:12,data_2014-15/extracted/81670do007_201415/81670DO007_201415.xls,Table_1,N18,26.2
social,Basic connectivity,2014-15,2014–15,Industry,Construction,All businesses,20.0,published,,%,D,2014-15,"All businesses in the selected category and population. Coverage includes Agriculture, Forestry and Fishing.",2014-15:7-1:12,data_2014-15/extracted/81670do007_201415/81670DO007_201415.xls,Table_1,N19,20.0
social,Basic connectivity,2014-15,2014–15,Industry,Wholesale Trade,All businesses,36.7,published,,%,D,2014-15,"All businesses in the selected category and population. Coverage includes Agriculture, Forestry and Fishing.",2014-15:7-1:12,data_2014-15/extracted/81670do007_201415/81670DO007_201415.xls,Table_1,N20,36.7
social,Basic connectivity,2014-15,2014–15,Industry,Retail Trade,All businesses,50.1,published,,%,D,2014-15,"All businesses in the selected category and population. Coverage includes Agriculture, Forestry and Fishing.",2014-15:7-1:12,data_2014-15/extracted/81670do007_201415/81670DO007_201415.xls,Table_1,N21,50.1
social,Basic connectivity,2014-15,2014–15,Industry,Accommodation and Food Services,All businesses,52.3,published,,%,D,2014-15,"All businesses in the selected category and population. Coverage includes Agriculture, Forestry and Fishing.",2014-15:7-1:12,data_2014-15/extracted/81670do007_201415/81670DO007_201415.xls,Table_1,N22,52.3
social,Basic connectivity,2014-15,2014–15,Industry,"Transport, Postal and Warehousing",All businesses,14.8,published,,%,D,2014-15,"All businesses in the selected category and population. Coverage includes Agriculture, Forestry and Fishing.",2014-15:7-1:12,data_2014-15/extracted/81670do007_201415/81670DO007_201415.xls,Table_1,N23,14.8
social,Basic connectivity,2014-15,2014–15,Industry,Information Media and Telecommunications,All businesses,57.4,published,,%,D,2014-15,"All businesses in the selected category and population. Coverage includes Agriculture, Forestry and Fishing.",2014-15:7-1:12,data_2014-15/extracted/81670do007_201415/81670DO007_201415.xls,Table_1,N24,57.4
social,Basic connectivity,2014-15,2014–15,Industry,Financial and Insurance Services,All businesses,41.7,published,,%,D,2014-15,"All businesses in the selected category and population. Coverage includes Agriculture, Forestry and Fishing.",2014-15:7-1:12,data_2014-15/extracted/81670do007_201415/81670DO007_201415.xls,Table_1,N25,41.7
social,Basic connectivity,2014-15,2014–15,Industry,"Rental, Hiring and Real Estate Services",All businesses,40.2,published,,%,D,2014-15,"All businesses in the selected category and population. Coverage includes Agriculture, Forestry and Fishing.",2014-15:7-1:12,data_2014-15/extracted/81670do007_201415/81670DO007_201415.xls,Table_1,N26,40.2
social,Basic connectivity,2014-15,2014–15,Industry,"Professional, Scientific and Technical Services",All businesses,34.4,published,,%,D,2014-15,"All businesses in the selected category and population. Coverage includes Agriculture, Forestry and Fishing.",2014-15:7-1:12,data_2014-15/extracted/81670do007_201415/81670DO007_201415.xls,Table_1,N27,34.4
social,Basic connectivity,2014-15,2014–15,Industry,Administrative and Support Services,All businesses,38.4,published,,%,D,2014-15,"All businesses in the selected category and population. Coverage includes Agriculture, Forestry and Fishing.",2014-15:7-1:12,data_2014-15/extracted/81670do007_201415/81670DO007_201415.xls,Table_1,N28,38.4
social,Basic connectivity,2014-15,2014–15,Industry,Health Care and Social Assistance,All businesses,30.1,published,,%,D,2014-15,"All businesses in the selected category and population. Coverage includes Agriculture, Forestry and Fishing.",2014-15:7-1:12,data_2014-15/extracted/81670do007_201415/81670DO007_201415.xls,Table_1,N29,30.1
social,Basic connectivity,2014-15,2014–15,Industry,Arts and Recreation Services,All businesses,66.6,published,,%,D,2014-15,"All businesses in the selected category and population. Coverage includes Agriculture, Forestry and Fishing.",2014-15:7-1:12,data_2014-15/extracted/81670do007_201415/81670DO007_201415.xls,Table_1,N30,66.6
social,Basic connectivity,2014-15,2014–15,Industry,Other Services,All businesses,48.3,published,,%,D,2014-15,"All businesses in the selected category and population. Coverage includes Agriculture, Forestry and Fishing.",2014-15:7-1:12,data_2014-15/extracted/81670do007_201415/81670DO007_201415.xls,Table_1,N31,48.3
social,Basic connectivity,2014-15,2014–15,Overall,Total,All businesses,34.0,published,,%,D,2014-15,"All businesses in the selected category and population. Coverage includes Agriculture, Forestry and Fishing.",2014-15:7-1:12,data_2014-15/extracted/81670do007_201415/81670DO007_201415.xls,Table_1,N32,34.0
placed,Digital transactions,2014-15,2014–15,Employment size,0–4 persons,All businesses,50.8,published,,%,D,2014-15,"All businesses in the selected category and population. Coverage includes Agriculture, Forestry and Fishing.",2014-15:7-1:13,data_2014-15/extracted/81670do007_201415/81670DO007_201415.xls,Table_1,O10,50.8
placed,Digital transactions,2014-15,2014–15,Employment size,5–19 persons,All businesses,61.0,published,,%,D,2014-15,"All businesses in the selected category and population. Coverage includes Agriculture, Forestry and Fishing.",2014-15:7-1:13,data_2014-15/extracted/81670do007_201415/81670DO007_201415.xls,Table_1,O11,61.0
placed,Digital transactions,2014-15,2014–15,Employment size,20–199 persons,All businesses,71.7,published,,%,D,2014-15,"All businesses in the selected category and population. Coverage includes Agriculture, Forestry and Fishing.",2014-15:7-1:13,data_2014-15/extracted/81670do007_201415/81670DO007_201415.xls,Table_1,O12,71.7
placed,Digital transactions,2014-15,2014–15,Employment size,200 or more persons,All businesses,81.6,published,,%,D,2014-15,"All businesses in the selected category and population. Coverage includes Agriculture, Forestry and Fishing.",2014-15:7-1:13,data_2014-15/extracted/81670do007_201415/81670DO007_201415.xls,Table_1,O13,81.6
placed,Digital transactions,2014-15,2014–15,Industry,"Agriculture, Forestry and Fishing",All businesses,42.2,published,,%,D,2014-15,"All businesses in the selected category and population. Coverage includes Agriculture, Forestry and Fishing.",2014-15:7-1:13,data_2014-15/extracted/81670do007_201415/81670DO007_201415.xls,Table_1,O15,42.2
placed,Digital transactions,2014-15,2014–15,Industry,Mining,All businesses,60.5,published,,%,D,2014-15,"All businesses in the selected category and population. Coverage includes Agriculture, Forestry and Fishing.",2014-15:7-1:13,data_2014-15/extracted/81670do007_201415/81670DO007_201415.xls,Table_1,O16,60.5
placed,Digital transactions,2014-15,2014–15,Industry,Manufacturing,All businesses,63.2,published,,%,D,2014-15,"All businesses in the selected category and population. Coverage includes Agriculture, Forestry and Fishing.",2014-15:7-1:13,data_2014-15/extracted/81670do007_201415/81670DO007_201415.xls,Table_1,O17,63.2
placed,Digital transactions,2014-15,2014–15,Industry,"Electricity, Gas, Water and Waste Services",All businesses,46.1,published,,%,D,2014-15,"All businesses in the selected category and population. Coverage includes Agriculture, Forestry and Fishing.",2014-15:7-1:13,data_2014-15/extracted/81670do007_201415/81670DO007_201415.xls,Table_1,O18,46.1
placed,Digital transactions,2014-15,2014–15,Industry,Construction,All businesses,51.3,published,,%,D,2014-15,"All businesses in the selected category and population. Coverage includes Agriculture, Forestry and Fishing.",2014-15:7-1:13,data_2014-15/extracted/81670do007_201415/81670DO007_201415.xls,Table_1,O19,51.3
placed,Digital transactions,2014-15,2014–15,Industry,Wholesale Trade,All businesses,62.5,published,,%,D,2014-15,"All businesses in the selected category and population. Coverage includes Agriculture, Forestry and Fishing.",2014-15:7-1:13,data_2014-15/extracted/81670do007_201415/81670DO007_201415.xls,Table_1,O20,62.5
placed,Digital transactions,2014-15,2014–15,Industry,Retail Trade,All businesses,60.8,published,,%,D,2014-15,"All businesses in the selected category and population. Coverage includes Agriculture, Forestry and Fishing.",2014-15:7-1:13,data_2014-15/extracted/81670do007_201415/81670DO007_201415.xls,Table_1,O21,60.8
placed,Digital transactions,2014-15,2014–15,Industry,Accommodation and Food Services,All businesses,43.8,published,,%,D,2014-15,"All businesses in the selected category and population. Coverage includes Agriculture, Forestry and Fishing.",2014-15:7-1:13,data_2014-15/extracted/81670do007_201415/81670DO007_201415.xls,Table_1,O22,43.8
placed,Digital transactions,2014-15,2014–15,Industry,"Transport, Postal and Warehousing",All businesses,32.5,published,,%,D,2014-15,"All businesses in the selected category and population. Coverage includes Agriculture, Forestry and Fishing.",2014-15:7-1:13,data_2014-15/extracted/81670do007_201415/81670DO007_201415.xls,Table_1,O23,32.5
placed,Digital transactions,2014-15,2014–15,Industry,Information Media and Telecommunications,All businesses,69.1,published,,%,D,2014-15,"All businesses in the selected category and population. Coverage includes Agriculture, Forestry and Fishing.",2014-15:7-1:13,data_2014-15/extracted/81670do007_201415/81670DO007_201415.xls,Table_1,O24,69.1
placed,Digital transactions,2014-15,2014–15,Industry,Financial and Insurance Services,All businesses,59.5,published,,%,D,2014-15,"All businesses in the selected category and population. Coverage includes Agriculture, Forestry and Fishing.",2014-15:7-1:13,data_2014-15/extracted/81670do007_201415/81670DO007_201415.xls,Table_1,O25,59.5
placed,Digital transactions,2014-15,2014–15,Industry,"Rental, Hiring and Real Estate Services",All businesses,49.7,published,,%,D,2014-15,"All businesses in the selected category and population. Coverage includes Agriculture, Forestry and Fishing.",2014-15:7-1:13,data_2014-15/extracted/81670do007_201415/81670DO007_201415.xls,Table_1,O26,49.7
placed,Digital transactions,2014-15,2014–15,Industry,"Professional, Scientific and Technical Services",All businesses,73.6,published,,%,D,2014-15,"All businesses in the selected category and population. Coverage includes Agriculture, Forestry and Fishing.",2014-15:7-1:13,data_2014-15/extracted/81670do007_201415/81670DO007_201415.xls,Table_1,O27,73.6
placed,Digital transactions,2014-15,2014–15,Industry,Administrative and Support Services,All businesses,46.0,published,,%,D,2014-15,"All businesses in the selected category and population. Coverage includes Agriculture, Forestry and Fishing.",2014-15:7-1:13,data_2014-15/extracted/81670do007_201415/81670DO007_201415.xls,Table_1,O28,46.0
placed,Digital transactions,2014-15,2014–15,Industry,Health Care and Social Assistance,All businesses,62.4,published,,%,D,2014-15,"All businesses in the selected category and population. Coverage includes Agriculture, Forestry and Fishing.",2014-15:7-1:13,data_2014-15/extracted/81670do007_201415/81670DO007_201415.xls,Table_1,O29,62.4
placed,Digital transactions,2014-15,2014–15,Industry,Arts and Recreation Services,All businesses,64.2,published,,%,D,2014-15,"All businesses in the selected category and population. Coverage includes Agriculture, Forestry and Fishing.",2014-15:7-1:13,data_2014-15/extracted/81670do007_201415/81670DO007_201415.xls,Table_1,O30,64.2
placed,Digital transactions,2014-15,2014–15,Industry,Other Services,All businesses,48.7,published,,%,D,2014-15,"All businesses in the selected category and population. Coverage includes Agriculture, Forestry and Fishing.",2014-15:7-1:13,data_2014-15/extracted/81670do007_201415/81670DO007_201415.xls,Table_1,O31,48.7
placed,Digital transactions,2014-15,2014–15,Overall,Total,All businesses,55.7,published,,%,D,2014-15,"All businesses in the selected category and population. Coverage includes Agriculture, Forestry and Fishing.",2014-15:7-1:13,data_2014-15/extracted/81670do007_201415/81670DO007_201415.xls,Table_1,O32,55.7
received,Digital transactions,2014-15,2014–15,Employment size,0–4 persons,All businesses,29.9,published,,%,D,2014-15,"All businesses in the selected category and population. Coverage includes Agriculture, Forestry and Fishing.",2014-15:7-1:14,data_2014-15/extracted/81670do007_201415/81670DO007_201415.xls,Table_1,P10,29.9
received,Digital transactions,2014-15,2014–15,Employment size,5–19 persons,All businesses,39.5,published,,%,D,2014-15,"All businesses in the selected category and population. Coverage includes Agriculture, Forestry and Fishing.",2014-15:7-1:14,data_2014-15/extracted/81670do007_201415/81670DO007_201415.xls,Table_1,P11,39.5
received,Digital transactions,2014-15,2014–15,Employment size,20–199 persons,All businesses,39.8,published,,%,D,2014-15,"All businesses in the selected category and population. Coverage includes Agriculture, Forestry and Fishing.",2014-15:7-1:14,data_2014-15/extracted/81670do007_201415/81670DO007_201415.xls,Table_1,P12,39.8
received,Digital transactions,2014-15,2014–15,Employment size,200 or more persons,All businesses,49.6,published,,%,D,2014-15,"All businesses in the selected category and population. Coverage includes Agriculture, Forestry and Fishing.",2014-15:7-1:14,data_2014-15/extracted/81670do007_201415/81670DO007_201415.xls,Table_1,P13,49.6
received,Digital transactions,2014-15,2014–15,Industry,"Agriculture, Forestry and Fishing",All businesses,15.0,published,,%,D,2014-15,"All businesses in the selected category and population. Coverage includes Agriculture, Forestry and Fishing.",2014-15:7-1:14,data_2014-15/extracted/81670do007_201415/81670DO007_201415.xls,Table_1,P15,15.0
received,Digital transactions,2014-15,2014–15,Industry,Mining,All businesses,24.6,published,,%,D,2014-15,"All businesses in the selected category and population. Coverage includes Agriculture, Forestry and Fishing.",2014-15:7-1:14,data_2014-15/extracted/81670do007_201415/81670DO007_201415.xls,Table_1,P16,24.6
received,Digital transactions,2014-15,2014–15,Industry,Manufacturing,All businesses,51.5,published,,%,D,2014-15,"All businesses in the selected category and population. Coverage includes Agriculture, Forestry and Fishing.",2014-15:7-1:14,data_2014-15/extracted/81670do007_201415/81670DO007_201415.xls,Table_1,P17,51.5
received,Digital transactions,2014-15,2014–15,Industry,"Electricity, Gas, Water and Waste Services",All businesses,39.1,published,,%,D,2014-15,"All businesses in the selected category and population. Coverage includes Agriculture, Forestry and Fishing.",2014-15:7-1:14,data_2014-15/extracted/81670do007_201415/81670DO007_201415.xls,Table_1,P18,39.1
received,Digital transactions,2014-15,2014–15,Industry,Construction,All businesses,34.1,published,,%,D,2014-15,"All businesses in the selected category and population. Coverage includes Agriculture, Forestry and Fishing.",2014-15:7-1:14,data_2014-15/extracted/81670do007_201415/81670DO007_201415.xls,Table_1,P19,34.1
received,Digital transactions,2014-15,2014–15,Industry,Wholesale Trade,All businesses,56.4,published,,%,D,2014-15,"All businesses in the selected category and population. Coverage includes Agriculture, Forestry and Fishing.",2014-15:7-1:14,data_2014-15/extracted/81670do007_201415/81670DO007_201415.xls,Table_1,P20,56.4
received,Digital transactions,2014-15,2014–15,Industry,Retail Trade,All businesses,41.6,published,,%,D,2014-15,"All businesses in the selected category and population. Coverage includes Agriculture, Forestry and Fishing.",2014-15:7-1:14,data_2014-15/extracted/81670do007_201415/81670DO007_201415.xls,Table_1,P21,41.6
received,Digital transactions,2014-15,2014–15,Industry,Accommodation and Food Services,All businesses,37.7,published,,%,D,2014-15,"All businesses in the selected category and population. Coverage includes Agriculture, Forestry and Fishing.",2014-15:7-1:14,data_2014-15/extracted/81670do007_201415/81670DO007_201415.xls,Table_1,P22,37.7
received,Digital transactions,2014-15,2014–15,Industry,"Transport, Postal and Warehousing",All businesses,22.7,published,,%,D,2014-15,"All businesses in the selected category and population. Coverage includes Agriculture, Forestry and Fishing.",2014-15:7-1:14,data_2014-15/extracted/81670do007_201415/81670DO007_201415.xls,Table_1,P23,22.7
received,Digital transactions,2014-15,2014–15,Industry,Information Media and Telecommunications,All businesses,43.6,published,,%,D,2014-15,"All businesses in the selected category and population. Coverage includes Agriculture, Forestry and Fishing.",2014-15:7-1:14,data_2014-15/extracted/81670do007_201415/81670DO007_201415.xls,Table_1,P24,43.6
received,Digital transactions,2014-15,2014–15,Industry,Financial and Insurance Services,All businesses,22.3,published,,%,D,2014-15,"All businesses in the selected category and population. Coverage includes Agriculture, Forestry and Fishing.",2014-15:7-1:14,data_2014-15/extracted/81670do007_201415/81670DO007_201415.xls,Table_1,P25,22.3
received,Digital transactions,2014-15,2014–15,Industry,"Rental, Hiring and Real Estate Services",All businesses,29.6,published,,%,D,2014-15,"All businesses in the selected category and population. Coverage includes Agriculture, Forestry and Fishing.",2014-15:7-1:14,data_2014-15/extracted/81670do007_201415/81670DO007_201415.xls,Table_1,P26,29.6
received,Digital transactions,2014-15,2014–15,Industry,"Professional, Scientific and Technical Services",All businesses,31.7,published,,%,D,2014-15,"All businesses in the selected category and population. Coverage includes Agriculture, Forestry and Fishing.",2014-15:7-1:14,data_2014-15/extracted/81670do007_201415/81670DO007_201415.xls,Table_1,P27,31.7
received,Digital transactions,2014-15,2014–15,Industry,Administrative and Support Services,All businesses,32.2,published,,%,D,2014-15,"All businesses in the selected category and population. Coverage includes Agriculture, Forestry and Fishing.",2014-15:7-1:14,data_2014-15/extracted/81670do007_201415/81670DO007_201415.xls,Table_1,P28,32.2
received,Digital transactions,2014-15,2014–15,Industry,Health Care and Social Assistance,All businesses,24.6,published,,%,D,2014-15,"All businesses in the selected category and population. Coverage includes Agriculture, Forestry and Fishing.",2014-15:7-1:14,data_2014-15/extracted/81670do007_201415/81670DO007_201415.xls,Table_1,P29,24.6
received,Digital transactions,2014-15,2014–15,Industry,Arts and Recreation Services,All businesses,36.7,published,,%,D,2014-15,"All businesses in the selected category and population. Coverage includes Agriculture, Forestry and Fishing.",2014-15:7-1:14,data_2014-15/extracted/81670do007_201415/81670DO007_201415.xls,Table_1,P30,36.7
received,Digital transactions,2014-15,2014–15,Industry,Other Services,All businesses,33.3,published,,%,D,2014-15,"All businesses in the selected category and population. Coverage includes Agriculture, Forestry and Fishing.",2014-15:7-1:14,data_2014-15/extracted/81670do007_201415/81670DO007_201415.xls,Table_1,P31,33.3
received,Digital transactions,2014-15,2014–15,Overall,Total,All businesses,33.8,published,,%,D,2014-15,"All businesses in the selected category and population. Coverage includes Agriculture, Forestry and Fishing.",2014-15:7-1:14,data_2014-15/extracted/81670do007_201415/81670DO007_201415.xls,Table_1,P32,33.8
internet,Basic connectivity,2015-16,2015–16,Overall,Total,All businesses,95.3,published,,%,D,2015-16,"All businesses in the selected category and population. Coverage includes Agriculture, Forestry and Fishing.",2015-16:4-1:0,data_2015-16/extracted/8167_0do004_business use of information technology_201516/8167_0DO004_Business use of information technology_201516.xls,Table_1,B9,95.3
internet,Basic connectivity,2015-16,2015–16,Employment size,0–4 persons,All businesses,94.3,published,,%,D,2015-16,"All businesses in the selected category and population. Coverage includes Agriculture, Forestry and Fishing.",2015-16:4-1:0,data_2015-16/extracted/8167_0do004_business use of information technology_201516/8167_0DO004_Business use of information technology_201516.xls,Table_1,B12,94.3
internet,Basic connectivity,2015-16,2015–16,Employment size,5–19 persons,All businesses,96.4,published,,%,D,2015-16,"All businesses in the selected category and population. Coverage includes Agriculture, Forestry and Fishing.",2015-16:4-1:0,data_2015-16/extracted/8167_0do004_business use of information technology_201516/8167_0DO004_Business use of information technology_201516.xls,Table_1,B13,96.4
internet,Basic connectivity,2015-16,2015–16,Employment size,20–199 persons,All businesses,99.8,published,,%,D,2015-16,"All businesses in the selected category and population. Coverage includes Agriculture, Forestry and Fishing.",2015-16:4-1:0,data_2015-16/extracted/8167_0do004_business use of information technology_201516/8167_0DO004_Business use of information technology_201516.xls,Table_1,B14,99.8
internet,Basic connectivity,2015-16,2015–16,Employment size,200 or more persons,All businesses,99.9,published,,%,D,2015-16,"All businesses in the selected category and population. Coverage includes Agriculture, Forestry and Fishing.",2015-16:4-1:0,data_2015-16/extracted/8167_0do004_business use of information technology_201516/8167_0DO004_Business use of information technology_201516.xls,Table_1,B15,99.9
internet,Basic connectivity,2015-16,2015–16,Industry,"Agriculture, Forestry and Fishing",All businesses,91.4,published,,%,D,2015-16,"All businesses in the selected category and population. Coverage includes Agriculture, Forestry and Fishing.",2015-16:4-1:0,data_2015-16/extracted/8167_0do004_business use of information technology_201516/8167_0DO004_Business use of information technology_201516.xls,Table_1,B18,91.4
internet,Basic connectivity,2015-16,2015–16,Industry,Mining,All businesses,96.5,published,,%,D,2015-16,"All businesses in the selected category and population. Coverage includes Agriculture, Forestry and Fishing.",2015-16:4-1:0,data_2015-16/extracted/8167_0do004_business use of information technology_201516/8167_0DO004_Business use of information technology_201516.xls,Table_1,B19,96.5
internet,Basic connectivity,2015-16,2015–16,Industry,Manufacturing,All businesses,96.7,published,,%,D,2015-16,"All businesses in the selected category and population. Coverage includes Agriculture, Forestry and Fishing.",2015-16:4-1:0,data_2015-16/extracted/8167_0do004_business use of information technology_201516/8167_0DO004_Business use of information technology_201516.xls,Table_1,B20,96.7
internet,Basic connectivity,2015-16,2015–16,Industry,"Electricity, Gas, Water and Waste Services",All businesses,96.7,published,,%,D,2015-16,"All businesses in the selected category and population. Coverage includes Agriculture, Forestry and Fishing.",2015-16:4-1:0,data_2015-16/extracted/8167_0do004_business use of information technology_201516/8167_0DO004_Business use of information technology_201516.xls,Table_1,B21,96.7
internet,Basic connectivity,2015-16,2015–16,Industry,Construction,All businesses,97.5,published,,%,D,2015-16,"All businesses in the selected category and population. Coverage includes Agriculture, Forestry and Fishing.",2015-16:4-1:0,data_2015-16/extracted/8167_0do004_business use of information technology_201516/8167_0DO004_Business use of information technology_201516.xls,Table_1,B22,97.5
internet,Basic connectivity,2015-16,2015–16,Industry,Wholesale Trade,All businesses,97.0,published,,%,D,2015-16,"All businesses in the selected category and population. Coverage includes Agriculture, Forestry and Fishing.",2015-16:4-1:0,data_2015-16/extracted/8167_0do004_business use of information technology_201516/8167_0DO004_Business use of information technology_201516.xls,Table_1,B23,97.0
internet,Basic connectivity,2015-16,2015–16,Industry,Retail Trade,All businesses,93.5,published,,%,D,2015-16,"All businesses in the selected category and population. Coverage includes Agriculture, Forestry and Fishing.",2015-16:4-1:0,data_2015-16/extracted/8167_0do004_business use of information technology_201516/8167_0DO004_Business use of information technology_201516.xls,Table_1,B24,93.5
internet,Basic connectivity,2015-16,2015–16,Industry,Accommodation and Food Services,All businesses,84.0,published,,%,D,2015-16,"All businesses in the selected category and population. Coverage includes Agriculture, Forestry and Fishing.",2015-16:4-1:0,data_2015-16/extracted/8167_0do004_business use of information technology_201516/8167_0DO004_Business use of information technology_201516.xls,Table_1,B25,84.0
internet,Basic connectivity,2015-16,2015–16,Industry,"Transport, Postal and Warehousing",All businesses,92.5,published,,%,D,2015-16,"All businesses in the selected category and population. Coverage includes Agriculture, Forestry and Fishing.",2015-16:4-1:0,data_2015-16/extracted/8167_0do004_business use of information technology_201516/8167_0DO004_Business use of information technology_201516.xls,Table_1,B26,92.5
internet,Basic connectivity,2015-16,2015–16,Industry,Information Media and Telecommunications,All businesses,100.0,published,,%,D,2015-16,"All businesses in the selected category and population. Coverage includes Agriculture, Forestry and Fishing.",2015-16:4-1:0,data_2015-16/extracted/8167_0do004_business use of information technology_201516/8167_0DO004_Business use of information technology_201516.xls,Table_1,B27,100.0
internet,Basic connectivity,2015-16,2015–16,Industry,Financial and Insurance Services,All businesses,99.3,published,,%,D,2015-16,"All businesses in the selected category and population. Coverage includes Agriculture, Forestry and Fishing.",2015-16:4-1:0,data_2015-16/extracted/8167_0do004_business use of information technology_201516/8167_0DO004_Business use of information technology_201516.xls,Table_1,B28,99.3
internet,Basic connectivity,2015-16,2015–16,Industry,"Rental, Hiring and Real Estate Services",All businesses,95.2,published,,%,D,2015-16,"All businesses in the selected category and population. Coverage includes Agriculture, Forestry and Fishing.",2015-16:4-1:0,data_2015-16/extracted/8167_0do004_business use of information technology_201516/8167_0DO004_Business use of information technology_201516.xls,Table_1,B29,95.2
internet,Basic connectivity,2015-16,2015–16,Industry,"Professional, Scientific and Technical Services",All businesses,99.2,published,,%,D,2015-16,"All businesses in the selected category and population. Coverage includes Agriculture, Forestry and Fishing.",2015-16:4-1:0,data_2015-16/extracted/8167_0do004_business use of information technology_201516/8167_0DO004_Business use of information technology_201516.xls,Table_1,B30,99.2
internet,Basic connectivity,2015-16,2015–16,Industry,Administrative and Support Services,All businesses,96.0,published,,%,D,2015-16,"All businesses in the selected category and population. Coverage includes Agriculture, Forestry and Fishing.",2015-16:4-1:0,data_2015-16/extracted/8167_0do004_business use of information technology_201516/8167_0DO004_Business use of information technology_201516.xls,Table_1,B31,96.0
internet,Basic connectivity,2015-16,2015–16,Industry,Health Care and Social Assistance,All businesses,98.7,published,,%,D,2015-16,"All businesses in the selected category and population. Coverage includes Agriculture, Forestry and Fishing.",2015-16:4-1:0,data_2015-16/extracted/8167_0do004_business use of information technology_201516/8167_0DO004_Business use of information technology_201516.xls,Table_1,B32,98.7
internet,Basic connectivity,2015-16,2015–16,Industry,Arts and Recreation Services,All businesses,95.3,published,,%,D,2015-16,"All businesses in the selected category and population. Coverage includes Agriculture, Forestry and Fishing.",2015-16:4-1:0,data_2015-16/extracted/8167_0do004_business use of information technology_201516/8167_0DO004_Business use of information technology_201516.xls,Table_1,B33,95.3
internet,Basic connectivity,2015-16,2015–16,Industry,Other Services,All businesses,92.3,published,,%,D,2015-16,"All businesses in the selected category and population. Coverage includes Agriculture, Forestry and Fishing.",2015-16:4-1:0,data_2015-16/extracted/8167_0do004_business use of information technology_201516/8167_0DO004_Business use of information technology_201516.xls,Table_1,B34,92.3
web,Basic connectivity,2015-16,2015–16,Overall,Total,All businesses,50.1,published,,%,D,2015-16,"All businesses in the selected category and population. Coverage includes Agriculture, Forestry and Fishing.",2015-16:4-1:1,data_2015-16/extracted/8167_0do004_business use of information technology_201516/8167_0DO004_Business use of information technology_201516.xls,Table_1,C9,50.1
web,Basic connectivity,2015-16,2015–16,Employment size,0–4 persons,All businesses,41.0,published,,%,D,2015-16,"All businesses in the selected category and population. Coverage includes Agriculture, Forestry and Fishing.",2015-16:4-1:1,data_2015-16/extracted/8167_0do004_business use of information technology_201516/8167_0DO004_Business use of information technology_201516.xls,Table_1,C12,41.0
web,Basic connectivity,2015-16,2015–16,Employment size,5–19 persons,All businesses,61.1,published,,%,D,2015-16,"All businesses in the selected category and population. Coverage includes Agriculture, Forestry and Fishing.",2015-16:4-1:1,data_2015-16/extracted/8167_0do004_business use of information technology_201516/8167_0DO004_Business use of information technology_201516.xls,Table_1,C13,61.1
web,Basic connectivity,2015-16,2015–16,Employment size,20–199 persons,All businesses,81.8,published,,%,D,2015-16,"All businesses in the selected category and population. Coverage includes Agriculture, Forestry and Fishing.",2015-16:4-1:1,data_2015-16/extracted/8167_0do004_business use of information technology_201516/8167_0DO004_Business use of information technology_201516.xls,Table_1,C14,81.8
web,Basic connectivity,2015-16,2015–16,Employment size,200 or more persons,All businesses,93.6,published,,%,D,2015-16,"All businesses in the selected category and population. Coverage includes Agriculture, Forestry and Fishing.",2015-16:4-1:1,data_2015-16/extracted/8167_0do004_business use of information technology_201516/8167_0DO004_Business use of information technology_201516.xls,Table_1,C15,93.6
web,Basic connectivity,2015-16,2015–16,Industry,"Agriculture, Forestry and Fishing",All businesses,11.6,published,,%,D,2015-16,"All businesses in the selected category and population. Coverage includes Agriculture, Forestry and Fishing.",2015-16:4-1:1,data_2015-16/extracted/8167_0do004_business use of information technology_201516/8167_0DO004_Business use of information technology_201516.xls,Table_1,C18,11.6
web,Basic connectivity,2015-16,2015–16,Industry,Mining,All businesses,63.0,published,,%,D,2015-16,"All businesses in the selected category and population. Coverage includes Agriculture, Forestry and Fishing.",2015-16:4-1:1,data_2015-16/extracted/8167_0do004_business use of information technology_201516/8167_0DO004_Business use of information technology_201516.xls,Table_1,C19,63.0
web,Basic connectivity,2015-16,2015–16,Industry,Manufacturing,All businesses,65.1,published,,%,D,2015-16,"All businesses in the selected category and population. Coverage includes Agriculture, Forestry and Fishing.",2015-16:4-1:1,data_2015-16/extracted/8167_0do004_business use of information technology_201516/8167_0DO004_Business use of information technology_201516.xls,Table_1,C20,65.1
web,Basic connectivity,2015-16,2015–16,Industry,"Electricity, Gas, Water and Waste Services",All businesses,57.2,published,,%,D,2015-16,"All businesses in the selected category and population. Coverage includes Agriculture, Forestry and Fishing.",2015-16:4-1:1,data_2015-16/extracted/8167_0do004_business use of information technology_201516/8167_0DO004_Business use of information technology_201516.xls,Table_1,C21,57.2
web,Basic connectivity,2015-16,2015–16,Industry,Construction,All businesses,39.5,published,,%,D,2015-16,"All businesses in the selected category and population. Coverage includes Agriculture, Forestry and Fishing.",2015-16:4-1:1,data_2015-16/extracted/8167_0do004_business use of information technology_201516/8167_0DO004_Business use of information technology_201516.xls,Table_1,C22,39.5
web,Basic connectivity,2015-16,2015–16,Industry,Wholesale Trade,All businesses,70.4,published,,%,D,2015-16,"All businesses in the selected category and population. Coverage includes Agriculture, Forestry and Fishing.",2015-16:4-1:1,data_2015-16/extracted/8167_0do004_business use of information technology_201516/8167_0DO004_Business use of information technology_201516.xls,Table_1,C23,70.4
web,Basic connectivity,2015-16,2015–16,Industry,Retail Trade,All businesses,45.5,published,,%,D,2015-16,"All businesses in the selected category and population. Coverage includes Agriculture, Forestry and Fishing.",2015-16:4-1:1,data_2015-16/extracted/8167_0do004_business use of information technology_201516/8167_0DO004_Business use of information technology_201516.xls,Table_1,C24,45.5
web,Basic connectivity,2015-16,2015–16,Industry,Accommodation and Food Services,All businesses,53.0,published,,%,D,2015-16,"All businesses in the selected category and population. Coverage includes Agriculture, Forestry and Fishing.",2015-16:4-1:1,data_2015-16/extracted/8167_0do004_business use of information technology_201516/8167_0DO004_Business use of information technology_201516.xls,Table_1,C25,53.0
web,Basic connectivity,2015-16,2015–16,Industry,"Transport, Postal and Warehousing",All businesses,26.7,published,,%,D,2015-16,"All businesses in the selected category and population. Coverage includes Agriculture, Forestry and Fishing.",2015-16:4-1:1,data_2015-16/extracted/8167_0do004_business use of information technology_201516/8167_0DO004_Business use of information technology_201516.xls,Table_1,C26,26.7
web,Basic connectivity,2015-16,2015–16,Industry,Information Media and Telecommunications,All businesses,74.2,published,,%,D,2015-16,"All businesses in the selected category and population. Coverage includes Agriculture, Forestry and Fishing.",2015-16:4-1:1,data_2015-16/extracted/8167_0do004_business use of information technology_201516/8167_0DO004_Business use of information technology_201516.xls,Table_1,C27,74.2
web,Basic connectivity,2015-16,2015–16,Industry,Financial and Insurance Services,All businesses,67.4,published,,%,D,2015-16,"All businesses in the selected category and population. Coverage includes Agriculture, Forestry and Fishing.",2015-16:4-1:1,data_2015-16/extracted/8167_0do004_business use of information technology_201516/8167_0DO004_Business use of information technology_201516.xls,Table_1,C28,67.4
web,Basic connectivity,2015-16,2015–16,Industry,"Rental, Hiring and Real Estate Services",All businesses,66.2,published,,%,D,2015-16,"All businesses in the selected category and population. Coverage includes Agriculture, Forestry and Fishing.",2015-16:4-1:1,data_2015-16/extracted/8167_0do004_business use of information technology_201516/8167_0DO004_Business use of information technology_201516.xls,Table_1,C29,66.2
web,Basic connectivity,2015-16,2015–16,Industry,"Professional, Scientific and Technical Services",All businesses,58.4,published,,%,D,2015-16,"All businesses in the selected category and population. Coverage includes Agriculture, Forestry and Fishing.",2015-16:4-1:1,data_2015-16/extracted/8167_0do004_business use of information technology_201516/8167_0DO004_Business use of information technology_201516.xls,Table_1,C30,58.4
web,Basic connectivity,2015-16,2015–16,Industry,Administrative and Support Services,All businesses,47.1,published,,%,D,2015-16,"All businesses in the selected category and population. Coverage includes Agriculture, Forestry and Fishing.",2015-16:4-1:1,data_2015-16/extracted/8167_0do004_business use of information technology_201516/8167_0DO004_Business use of information technology_201516.xls,Table_1,C31,47.1
web,Basic connectivity,2015-16,2015–16,Industry,Health Care and Social Assistance,All businesses,57.5,published,,%,D,2015-16,"All businesses in the selected category and population. Coverage includes Agriculture, Forestry and Fishing.",2015-16:4-1:1,data_2015-16/extracted/8167_0do004_business use of information technology_201516/8167_0DO004_Business use of information technology_201516.xls,Table_1,C32,57.5
web,Basic connectivity,2015-16,2015–16,Industry,Arts and Recreation Services,All businesses,75.9,published,,%,D,2015-16,"All businesses in the selected category and population. Coverage includes Agriculture, Forestry and Fishing.",2015-16:4-1:1,data_2015-16/extracted/8167_0do004_business use of information technology_201516/8167_0DO004_Business use of information technology_201516.xls,Table_1,C33,75.9
web,Basic connectivity,2015-16,2015–16,Industry,Other Services,All businesses,54.2,published,,%,D,2015-16,"All businesses in the selected category and population. Coverage includes Agriculture, Forestry and Fishing.",2015-16:4-1:1,data_2015-16/extracted/8167_0do004_business use of information technology_201516/8167_0DO004_Business use of information technology_201516.xls,Table_1,C34,54.2
social,Basic connectivity,2015-16,2015–16,Overall,Total,All businesses,38.2,published,,%,D,2015-16,"All businesses in the selected category and population. Coverage includes Agriculture, Forestry and Fishing.",2015-16:4-1:2,data_2015-16/extracted/8167_0do004_business use of information technology_201516/8167_0DO004_Business use of information technology_201516.xls,Table_1,D9,38.2
social,Basic connectivity,2015-16,2015–16,Employment size,0–4 persons,All businesses,30.3,published,,%,D,2015-16,"All businesses in the selected category and population. Coverage includes Agriculture, Forestry and Fishing.",2015-16:4-1:2,data_2015-16/extracted/8167_0do004_business use of information technology_201516/8167_0DO004_Business use of information technology_201516.xls,Table_1,D12,30.3
social,Basic connectivity,2015-16,2015–16,Employment size,5–19 persons,All businesses,48.0,published,,%,D,2015-16,"All businesses in the selected category and population. Coverage includes Agriculture, Forestry and Fishing.",2015-16:4-1:2,data_2015-16/extracted/8167_0do004_business use of information technology_201516/8167_0DO004_Business use of information technology_201516.xls,Table_1,D13,48.0
social,Basic connectivity,2015-16,2015–16,Employment size,20–199 persons,All businesses,62.6,published,,%,D,2015-16,"All businesses in the selected category and population. Coverage includes Agriculture, Forestry and Fishing.",2015-16:4-1:2,data_2015-16/extracted/8167_0do004_business use of information technology_201516/8167_0DO004_Business use of information technology_201516.xls,Table_1,D14,62.6
social,Basic connectivity,2015-16,2015–16,Employment size,200 or more persons,All businesses,80.6,published,,%,D,2015-16,"All businesses in the selected category and population. Coverage includes Agriculture, Forestry and Fishing.",2015-16:4-1:2,data_2015-16/extracted/8167_0do004_business use of information technology_201516/8167_0DO004_Business use of information technology_201516.xls,Table_1,D15,80.6
social,Basic connectivity,2015-16,2015–16,Industry,"Agriculture, Forestry and Fishing",All businesses,10.9,published,,%,D,2015-16,"All businesses in the selected category and population. Coverage includes Agriculture, Forestry and Fishing.",2015-16:4-1:2,data_2015-16/extracted/8167_0do004_business use of information technology_201516/8167_0DO004_Business use of information technology_201516.xls,Table_1,D18,10.9
social,Basic connectivity,2015-16,2015–16,Industry,Mining,All businesses,27.8,published,,%,D,2015-16,"All businesses in the selected category and population. Coverage includes Agriculture, Forestry and Fishing.",2015-16:4-1:2,data_2015-16/extracted/8167_0do004_business use of information technology_201516/8167_0DO004_Business use of information technology_201516.xls,Table_1,D19,27.8
social,Basic connectivity,2015-16,2015–16,Industry,Manufacturing,All businesses,40.0,published,,%,D,2015-16,"All businesses in the selected category and population. Coverage includes Agriculture, Forestry and Fishing.",2015-16:4-1:2,data_2015-16/extracted/8167_0do004_business use of information technology_201516/8167_0DO004_Business use of information technology_201516.xls,Table_1,D20,40.0
social,Basic connectivity,2015-16,2015–16,Industry,"Electricity, Gas, Water and Waste Services",All businesses,26.7,published,,%,D,2015-16,"All businesses in the selected category and population. Coverage includes Agriculture, Forestry and Fishing.",2015-16:4-1:2,data_2015-16/extracted/8167_0do004_business use of information technology_201516/8167_0DO004_Business use of information technology_201516.xls,Table_1,D21,26.7
social,Basic connectivity,2015-16,2015–16,Industry,Construction,All businesses,23.2,published,,%,D,2015-16,"All businesses in the selected category and population. Coverage includes Agriculture, Forestry and Fishing.",2015-16:4-1:2,data_2015-16/extracted/8167_0do004_business use of information technology_201516/8167_0DO004_Business use of information technology_201516.xls,Table_1,D22,23.2
social,Basic connectivity,2015-16,2015–16,Industry,Wholesale Trade,All businesses,42.6,published,,%,D,2015-16,"All businesses in the selected category and population. Coverage includes Agriculture, Forestry and Fishing.",2015-16:4-1:2,data_2015-16/extracted/8167_0do004_business use of information technology_201516/8167_0DO004_Business use of information technology_201516.xls,Table_1,D23,42.6
social,Basic connectivity,2015-16,2015–16,Industry,Retail Trade,All businesses,53.3,published,,%,D,2015-16,"All businesses in the selected category and population. Coverage includes Agriculture, Forestry and Fishing.",2015-16:4-1:2,data_2015-16/extracted/8167_0do004_business use of information technology_201516/8167_0DO004_Business use of information technology_201516.xls,Table_1,D24,53.3
social,Basic connectivity,2015-16,2015–16,Industry,Accommodation and Food Services,All businesses,56.0,published,,%,D,2015-16,"All businesses in the selected category and population. Coverage includes Agriculture, Forestry and Fishing.",2015-16:4-1:2,data_2015-16/extracted/8167_0do004_business use of information technology_201516/8167_0DO004_Business use of information technology_201516.xls,Table_1,D25,56.0
social,Basic connectivity,2015-16,2015–16,Industry,"Transport, Postal and Warehousing",All businesses,20.1,published,,%,D,2015-16,"All businesses in the selected category and population. Coverage includes Agriculture, Forestry and Fishing.",2015-16:4-1:2,data_2015-16/extracted/8167_0do004_business use of information technology_201516/8167_0DO004_Business use of information technology_201516.xls,Table_1,D26,20.1
social,Basic connectivity,2015-16,2015–16,Industry,Information Media and Telecommunications,All businesses,63.7,published,,%,D,2015-16,"All businesses in the selected category and population. Coverage includes Agriculture, Forestry and Fishing.",2015-16:4-1:2,data_2015-16/extracted/8167_0do004_business use of information technology_201516/8167_0DO004_Business use of information technology_201516.xls,Table_1,D27,63.7
social,Basic connectivity,2015-16,2015–16,Industry,Financial and Insurance Services,All businesses,46.4,published,,%,D,2015-16,"All businesses in the selected category and population. Coverage includes Agriculture, Forestry and Fishing.",2015-16:4-1:2,data_2015-16/extracted/8167_0do004_business use of information technology_201516/8167_0DO004_Business use of information technology_201516.xls,Table_1,D28,46.4
social,Basic connectivity,2015-16,2015–16,Industry,"Rental, Hiring and Real Estate Services",All businesses,47.1,published,,%,D,2015-16,"All businesses in the selected category and population. Coverage includes Agriculture, Forestry and Fishing.",2015-16:4-1:2,data_2015-16/extracted/8167_0do004_business use of information technology_201516/8167_0DO004_Business use of information technology_201516.xls,Table_1,D29,47.1
social,Basic connectivity,2015-16,2015–16,Industry,"Professional, Scientific and Technical Services",All businesses,41.4,published,,%,D,2015-16,"All businesses in the selected category and population. Coverage includes Agriculture, Forestry and Fishing.",2015-16:4-1:2,data_2015-16/extracted/8167_0do004_business use of information technology_201516/8167_0DO004_Business use of information technology_201516.xls,Table_1,D30,41.4
social,Basic connectivity,2015-16,2015–16,Industry,Administrative and Support Services,All businesses,39.0,published,,%,D,2015-16,"All businesses in the selected category and population. Coverage includes Agriculture, Forestry and Fishing.",2015-16:4-1:2,data_2015-16/extracted/8167_0do004_business use of information technology_201516/8167_0DO004_Business use of information technology_201516.xls,Table_1,D31,39.0
social,Basic connectivity,2015-16,2015–16,Industry,Health Care and Social Assistance,All businesses,38.4,published,,%,D,2015-16,"All businesses in the selected category and population. Coverage includes Agriculture, Forestry and Fishing.",2015-16:4-1:2,data_2015-16/extracted/8167_0do004_business use of information technology_201516/8167_0DO004_Business use of information technology_201516.xls,Table_1,D32,38.4
social,Basic connectivity,2015-16,2015–16,Industry,Arts and Recreation Services,All businesses,69.9,published,,%,D,2015-16,"All businesses in the selected category and population. Coverage includes Agriculture, Forestry and Fishing.",2015-16:4-1:2,data_2015-16/extracted/8167_0do004_business use of information technology_201516/8167_0DO004_Business use of information technology_201516.xls,Table_1,D33,69.9
social,Basic connectivity,2015-16,2015–16,Industry,Other Services,All businesses,43.9,published,,%,D,2015-16,"All businesses in the selected category and population. Coverage includes Agriculture, Forestry and Fishing.",2015-16:4-1:2,data_2015-16/extracted/8167_0do004_business use of information technology_201516/8167_0DO004_Business use of information technology_201516.xls,Table_1,D34,43.9
placed,Digital transactions,2015-16,2015–16,Overall,Total,All businesses,57.0,published,,%,D,2015-16,"All businesses in the selected category and population. Coverage includes Agriculture, Forestry and Fishing.",2015-16:4-1:3,data_2015-16/extracted/8167_0do004_business use of information technology_201516/8167_0DO004_Business use of information technology_201516.xls,Table_1,E9,57.0
placed,Digital transactions,2015-16,2015–16,Employment size,0–4 persons,All businesses,51.7,published,,%,D,2015-16,"All businesses in the selected category and population. Coverage includes Agriculture, Forestry and Fishing.",2015-16:4-1:3,data_2015-16/extracted/8167_0do004_business use of information technology_201516/8167_0DO004_Business use of information technology_201516.xls,Table_1,E12,51.7
placed,Digital transactions,2015-16,2015–16,Employment size,5–19 persons,All businesses,63.2,published,,%,D,2015-16,"All businesses in the selected category and population. Coverage includes Agriculture, Forestry and Fishing.",2015-16:4-1:3,data_2015-16/extracted/8167_0do004_business use of information technology_201516/8167_0DO004_Business use of information technology_201516.xls,Table_1,E13,63.2
placed,Digital transactions,2015-16,2015–16,Employment size,20–199 persons,All businesses,76.8,published,,%,D,2015-16,"All businesses in the selected category and population. Coverage includes Agriculture, Forestry and Fishing.",2015-16:4-1:3,data_2015-16/extracted/8167_0do004_business use of information technology_201516/8167_0DO004_Business use of information technology_201516.xls,Table_1,E14,76.8
placed,Digital transactions,2015-16,2015–16,Employment size,200 or more persons,All businesses,84.3,published,,%,D,2015-16,"All businesses in the selected category and population. Coverage includes Agriculture, Forestry and Fishing.",2015-16:4-1:3,data_2015-16/extracted/8167_0do004_business use of information technology_201516/8167_0DO004_Business use of information technology_201516.xls,Table_1,E15,84.3
placed,Digital transactions,2015-16,2015–16,Industry,"Agriculture, Forestry and Fishing",All businesses,48.2,published,,%,D,2015-16,"All businesses in the selected category and population. Coverage includes Agriculture, Forestry and Fishing.",2015-16:4-1:3,data_2015-16/extracted/8167_0do004_business use of information technology_201516/8167_0DO004_Business use of information technology_201516.xls,Table_1,E18,48.2
placed,Digital transactions,2015-16,2015–16,Industry,Mining,All businesses,54.8,published,,%,D,2015-16,"All businesses in the selected category and population. Coverage includes Agriculture, Forestry and Fishing.",2015-16:4-1:3,data_2015-16/extracted/8167_0do004_business use of information technology_201516/8167_0DO004_Business use of information technology_201516.xls,Table_1,E19,54.8
placed,Digital transactions,2015-16,2015–16,Industry,Manufacturing,All businesses,69.8,published,,%,D,2015-16,"All businesses in the selected category and population. Coverage includes Agriculture, Forestry and Fishing.",2015-16:4-1:3,data_2015-16/extracted/8167_0do004_business use of information technology_201516/8167_0DO004_Business use of information technology_201516.xls,Table_1,E20,69.8
placed,Digital transactions,2015-16,2015–16,Industry,"Electricity, Gas, Water and Waste Services",All businesses,47.4,published,,%,D,2015-16,"All businesses in the selected category and population. Coverage includes Agriculture, Forestry and Fishing.",2015-16:4-1:3,data_2015-16/extracted/8167_0do004_business use of information technology_201516/8167_0DO004_Business use of information technology_201516.xls,Table_1,E21,47.4
placed,Digital transactions,2015-16,2015–16,Industry,Construction,All businesses,51.0,published,,%,D,2015-16,"All businesses in the selected category and population. Coverage includes Agriculture, Forestry and Fishing.",2015-16:4-1:3,data_2015-16/extracted/8167_0do004_business use of information technology_201516/8167_0DO004_Business use of information technology_201516.xls,Table_1,E22,51.0
placed,Digital transactions,2015-16,2015–16,Industry,Wholesale Trade,All businesses,65.9,published,,%,D,2015-16,"All businesses in the selected category and population. Coverage includes Agriculture, Forestry and Fishing.",2015-16:4-1:3,data_2015-16/extracted/8167_0do004_business use of information technology_201516/8167_0DO004_Business use of information technology_201516.xls,Table_1,E23,65.9
placed,Digital transactions,2015-16,2015–16,Industry,Retail Trade,All businesses,61.5,published,,%,D,2015-16,"All businesses in the selected category and population. Coverage includes Agriculture, Forestry and Fishing.",2015-16:4-1:3,data_2015-16/extracted/8167_0do004_business use of information technology_201516/8167_0DO004_Business use of information technology_201516.xls,Table_1,E24,61.5
placed,Digital transactions,2015-16,2015–16,Industry,Accommodation and Food Services,All businesses,47.3,published,,%,D,2015-16,"All businesses in the selected category and population. Coverage includes Agriculture, Forestry and Fishing.",2015-16:4-1:3,data_2015-16/extracted/8167_0do004_business use of information technology_201516/8167_0DO004_Business use of information technology_201516.xls,Table_1,E25,47.3
placed,Digital transactions,2015-16,2015–16,Industry,"Transport, Postal and Warehousing",All businesses,27.2,published,,%,D,2015-16,"All businesses in the selected category and population. Coverage includes Agriculture, Forestry and Fishing.",2015-16:4-1:3,data_2015-16/extracted/8167_0do004_business use of information technology_201516/8167_0DO004_Business use of information technology_201516.xls,Table_1,E26,27.2
placed,Digital transactions,2015-16,2015–16,Industry,Information Media and Telecommunications,All businesses,75.5,published,,%,D,2015-16,"All businesses in the selected category and population. Coverage includes Agriculture, Forestry and Fishing.",2015-16:4-1:3,data_2015-16/extracted/8167_0do004_business use of information technology_201516/8167_0DO004_Business use of information technology_201516.xls,Table_1,E27,75.5
placed,Digital transactions,2015-16,2015–16,Industry,Financial and Insurance Services,All businesses,64.3,published,,%,D,2015-16,"All businesses in the selected category and population. Coverage includes Agriculture, Forestry and Fishing.",2015-16:4-1:3,data_2015-16/extracted/8167_0do004_business use of information technology_201516/8167_0DO004_Business use of information technology_201516.xls,Table_1,E28,64.3
placed,Digital transactions,2015-16,2015–16,Industry,"Rental, Hiring and Real Estate Services",All businesses,53.7,published,,%,D,2015-16,"All businesses in the selected category and population. Coverage includes Agriculture, Forestry and Fishing.",2015-16:4-1:3,data_2015-16/extracted/8167_0do004_business use of information technology_201516/8167_0DO004_Business use of information technology_201516.xls,Table_1,E29,53.7
placed,Digital transactions,2015-16,2015–16,Industry,"Professional, Scientific and Technical Services",All businesses,68.7,published,,%,D,2015-16,"All businesses in the selected category and population. Coverage includes Agriculture, Forestry and Fishing.",2015-16:4-1:3,data_2015-16/extracted/8167_0do004_business use of information technology_201516/8167_0DO004_Business use of information technology_201516.xls,Table_1,E30,68.7
placed,Digital transactions,2015-16,2015–16,Industry,Administrative and Support Services,All businesses,52.2,published,,%,D,2015-16,"All businesses in the selected category and population. Coverage includes Agriculture, Forestry and Fishing.",2015-16:4-1:3,data_2015-16/extracted/8167_0do004_business use of information technology_201516/8167_0DO004_Business use of information technology_201516.xls,Table_1,E31,52.2
placed,Digital transactions,2015-16,2015–16,Industry,Health Care and Social Assistance,All businesses,64.5,published,,%,D,2015-16,"All businesses in the selected category and population. Coverage includes Agriculture, Forestry and Fishing.",2015-16:4-1:3,data_2015-16/extracted/8167_0do004_business use of information technology_201516/8167_0DO004_Business use of information technology_201516.xls,Table_1,E32,64.5
placed,Digital transactions,2015-16,2015–16,Industry,Arts and Recreation Services,All businesses,67.1,published,,%,D,2015-16,"All businesses in the selected category and population. Coverage includes Agriculture, Forestry and Fishing.",2015-16:4-1:3,data_2015-16/extracted/8167_0do004_business use of information technology_201516/8167_0DO004_Business use of information technology_201516.xls,Table_1,E33,67.1
placed,Digital transactions,2015-16,2015–16,Industry,Other Services,All businesses,52.7,published,,%,D,2015-16,"All businesses in the selected category and population. Coverage includes Agriculture, Forestry and Fishing.",2015-16:4-1:3,data_2015-16/extracted/8167_0do004_business use of information technology_201516/8167_0DO004_Business use of information technology_201516.xls,Table_1,E34,52.7
received,Digital transactions,2015-16,2015–16,Overall,Total,All businesses,36.8,published,,%,D,2015-16,"All businesses in the selected category and population. Coverage includes Agriculture, Forestry and Fishing.",2015-16:4-1:4,data_2015-16/extracted/8167_0do004_business use of information technology_201516/8167_0DO004_Business use of information technology_201516.xls,Table_1,F9,36.8
received,Digital transactions,2015-16,2015–16,Employment size,0–4 persons,All businesses,32.9,published,,%,D,2015-16,"All businesses in the selected category and population. Coverage includes Agriculture, Forestry and Fishing.",2015-16:4-1:4,data_2015-16/extracted/8167_0do004_business use of information technology_201516/8167_0DO004_Business use of information technology_201516.xls,Table_1,F12,32.9
received,Digital transactions,2015-16,2015–16,Employment size,5–19 persons,All businesses,42.2,published,,%,D,2015-16,"All businesses in the selected category and population. Coverage includes Agriculture, Forestry and Fishing.",2015-16:4-1:4,data_2015-16/extracted/8167_0do004_business use of information technology_201516/8167_0DO004_Business use of information technology_201516.xls,Table_1,F13,42.2
received,Digital transactions,2015-16,2015–16,Employment size,20–199 persons,All businesses,47.6,published,,%,D,2015-16,"All businesses in the selected category and population. Coverage includes Agriculture, Forestry and Fishing.",2015-16:4-1:4,data_2015-16/extracted/8167_0do004_business use of information technology_201516/8167_0DO004_Business use of information technology_201516.xls,Table_1,F14,47.6
received,Digital transactions,2015-16,2015–16,Employment size,200 or more persons,All businesses,51.8,published,,%,D,2015-16,"All businesses in the selected category and population. Coverage includes Agriculture, Forestry and Fishing.",2015-16:4-1:4,data_2015-16/extracted/8167_0do004_business use of information technology_201516/8167_0DO004_Business use of information technology_201516.xls,Table_1,F15,51.8
received,Digital transactions,2015-16,2015–16,Industry,"Agriculture, Forestry and Fishing",All businesses,18.7,published,,%,D,2015-16,"All businesses in the selected category and population. Coverage includes Agriculture, Forestry and Fishing.",2015-16:4-1:4,data_2015-16/extracted/8167_0do004_business use of information technology_201516/8167_0DO004_Business use of information technology_201516.xls,Table_1,F18,18.7
received,Digital transactions,2015-16,2015–16,Industry,Mining,All businesses,24.2,published,,%,D,2015-16,"All businesses in the selected category and population. Coverage includes Agriculture, Forestry and Fishing.",2015-16:4-1:4,data_2015-16/extracted/8167_0do004_business use of information technology_201516/8167_0DO004_Business use of information technology_201516.xls,Table_1,F19,24.2
received,Digital transactions,2015-16,2015–16,Industry,Manufacturing,All businesses,57.8,published,,%,D,2015-16,"All businesses in the selected category and population. Coverage includes Agriculture, Forestry and Fishing.",2015-16:4-1:4,data_2015-16/extracted/8167_0do004_business use of information technology_201516/8167_0DO004_Business use of information technology_201516.xls,Table_1,F20,57.8
received,Digital transactions,2015-16,2015–16,Industry,"Electricity, Gas, Water and Waste Services",All businesses,38.7,published,,%,D,2015-16,"All businesses in the selected category and population. Coverage includes Agriculture, Forestry and Fishing.",2015-16:4-1:4,data_2015-16/extracted/8167_0do004_business use of information technology_201516/8167_0DO004_Business use of information technology_201516.xls,Table_1,F21,38.7
received,Digital transactions,2015-16,2015–16,Industry,Construction,All businesses,36.2,published,,%,D,2015-16,"All businesses in the selected category and population. Coverage includes Agriculture, Forestry and Fishing.",2015-16:4-1:4,data_2015-16/extracted/8167_0do004_business use of information technology_201516/8167_0DO004_Business use of information technology_201516.xls,Table_1,F22,36.2
received,Digital transactions,2015-16,2015–16,Industry,Wholesale Trade,All businesses,62.9,published,,%,D,2015-16,"All businesses in the selected category and population. Coverage includes Agriculture, Forestry and Fishing.",2015-16:4-1:4,data_2015-16/extracted/8167_0do004_business use of information technology_201516/8167_0DO004_Business use of information technology_201516.xls,Table_1,F23,62.9
received,Digital transactions,2015-16,2015–16,Industry,Retail Trade,All businesses,42.0,published,,%,D,2015-16,"All businesses in the selected category and population. Coverage includes Agriculture, Forestry and Fishing.",2015-16:4-1:4,data_2015-16/extracted/8167_0do004_business use of information technology_201516/8167_0DO004_Business use of information technology_201516.xls,Table_1,F24,42.0
received,Digital transactions,2015-16,2015–16,Industry,Accommodation and Food Services,All businesses,34.0,published,,%,D,2015-16,"All businesses in the selected category and population. Coverage includes Agriculture, Forestry and Fishing.",2015-16:4-1:4,data_2015-16/extracted/8167_0do004_business use of information technology_201516/8167_0DO004_Business use of information technology_201516.xls,Table_1,F25,34.0
received,Digital transactions,2015-16,2015–16,Industry,"Transport, Postal and Warehousing",All businesses,21.6,published,,%,D,2015-16,"All businesses in the selected category and population. Coverage includes Agriculture, Forestry and Fishing.",2015-16:4-1:4,data_2015-16/extracted/8167_0do004_business use of information technology_201516/8167_0DO004_Business use of information technology_201516.xls,Table_1,F26,21.6
received,Digital transactions,2015-16,2015–16,Industry,Information Media and Telecommunications,All businesses,47.8,published,,%,D,2015-16,"All businesses in the selected category and population. Coverage includes Agriculture, Forestry and Fishing.",2015-16:4-1:4,data_2015-16/extracted/8167_0do004_business use of information technology_201516/8167_0DO004_Business use of information technology_201516.xls,Table_1,F27,47.8
received,Digital transactions,2015-16,2015–16,Industry,Financial and Insurance Services,All businesses,36.2,published,,%,D,2015-16,"All businesses in the selected category and population. Coverage includes Agriculture, Forestry and Fishing.",2015-16:4-1:4,data_2015-16/extracted/8167_0do004_business use of information technology_201516/8167_0DO004_Business use of information technology_201516.xls,Table_1,F28,36.2
received,Digital transactions,2015-16,2015–16,Industry,"Rental, Hiring and Real Estate Services",All businesses,27.8,published,,%,D,2015-16,"All businesses in the selected category and population. Coverage includes Agriculture, Forestry and Fishing.",2015-16:4-1:4,data_2015-16/extracted/8167_0do004_business use of information technology_201516/8167_0DO004_Business use of information technology_201516.xls,Table_1,F29,27.8
received,Digital transactions,2015-16,2015–16,Industry,"Professional, Scientific and Technical Services",All businesses,37.0,published,,%,D,2015-16,"All businesses in the selected category and population. Coverage includes Agriculture, Forestry and Fishing.",2015-16:4-1:4,data_2015-16/extracted/8167_0do004_business use of information technology_201516/8167_0DO004_Business use of information technology_201516.xls,Table_1,F30,37.0
received,Digital transactions,2015-16,2015–16,Industry,Administrative and Support Services,All businesses,36.3,published,,%,D,2015-16,"All businesses in the selected category and population. Coverage includes Agriculture, Forestry and Fishing.",2015-16:4-1:4,data_2015-16/extracted/8167_0do004_business use of information technology_201516/8167_0DO004_Business use of information technology_201516.xls,Table_1,F31,36.3
received,Digital transactions,2015-16,2015–16,Industry,Health Care and Social Assistance,All businesses,27.8,published,,%,D,2015-16,"All businesses in the selected category and population. Coverage includes Agriculture, Forestry and Fishing.",2015-16:4-1:4,data_2015-16/extracted/8167_0do004_business use of information technology_201516/8167_0DO004_Business use of information technology_201516.xls,Table_1,F32,27.8
received,Digital transactions,2015-16,2015–16,Industry,Arts and Recreation Services,All businesses,47.7,published,,%,D,2015-16,"All businesses in the selected category and population. Coverage includes Agriculture, Forestry and Fishing.",2015-16:4-1:4,data_2015-16/extracted/8167_0do004_business use of information technology_201516/8167_0DO004_Business use of information technology_201516.xls,Table_1,F33,47.7
received,Digital transactions,2015-16,2015–16,Industry,Other Services,All businesses,37.4,published,,%,D,2015-16,"All businesses in the selected category and population. Coverage includes Agriculture, Forestry and Fishing.",2015-16:4-1:4,data_2015-16/extracted/8167_0do004_business use of information technology_201516/8167_0DO004_Business use of information technology_201516.xls,Table_1,F34,37.4
internet,Basic connectivity,2016-17,2016–17,Overall,Total,All businesses,95.4,published,,%,D,2016-17,"All businesses in the selected category and population. Coverage includes Agriculture, Forestry and Fishing.",2016-17:4-1:0,data_2016-17/extracted/81670do004_201617/81670DO004_201617.xls,Table_1,B9,95.4
internet,Basic connectivity,2016-17,2016–17,Employment size,0–4 persons,All businesses,94.2,published,,%,D,2016-17,"All businesses in the selected category and population. Coverage includes Agriculture, Forestry and Fishing.",2016-17:4-1:0,data_2016-17/extracted/81670do004_201617/81670DO004_201617.xls,Table_1,B11,94.2
internet,Basic connectivity,2016-17,2016–17,Employment size,5–19 persons,All businesses,96.8,published,,%,D,2016-17,"All businesses in the selected category and population. Coverage includes Agriculture, Forestry and Fishing.",2016-17:4-1:0,data_2016-17/extracted/81670do004_201617/81670DO004_201617.xls,Table_1,B12,96.8
internet,Basic connectivity,2016-17,2016–17,Employment size,20–199 persons,All businesses,99.8,published,,%,D,2016-17,"All businesses in the selected category and population. Coverage includes Agriculture, Forestry and Fishing.",2016-17:4-1:0,data_2016-17/extracted/81670do004_201617/81670DO004_201617.xls,Table_1,B13,99.8
internet,Basic connectivity,2016-17,2016–17,Employment size,200 or more persons,All businesses,99.1,published,,%,D,2016-17,"All businesses in the selected category and population. Coverage includes Agriculture, Forestry and Fishing.",2016-17:4-1:0,data_2016-17/extracted/81670do004_201617/81670DO004_201617.xls,Table_1,B14,99.1
internet,Basic connectivity,2016-17,2016–17,Industry,"Agriculture, Forestry and Fishing",All businesses,91.3,published,,%,D,2016-17,"All businesses in the selected category and population. Coverage includes Agriculture, Forestry and Fishing.",2016-17:4-1:0,data_2016-17/extracted/81670do004_201617/81670DO004_201617.xls,Table_1,B16,91.3
internet,Basic connectivity,2016-17,2016–17,Industry,Mining,All businesses,97.1,published,,%,D,2016-17,"All businesses in the selected category and population. Coverage includes Agriculture, Forestry and Fishing.",2016-17:4-1:0,data_2016-17/extracted/81670do004_201617/81670DO004_201617.xls,Table_1,B17,97.1
internet,Basic connectivity,2016-17,2016–17,Industry,Manufacturing,All businesses,96.7,published,,%,D,2016-17,"All businesses in the selected category and population. Coverage includes Agriculture, Forestry and Fishing.",2016-17:4-1:0,data_2016-17/extracted/81670do004_201617/81670DO004_201617.xls,Table_1,B18,96.7
internet,Basic connectivity,2016-17,2016–17,Industry,"Electricity, Gas, Water and Waste Services",All businesses,97.6,published,,%,D,2016-17,"All businesses in the selected category and population. Coverage includes Agriculture, Forestry and Fishing.",2016-17:4-1:0,data_2016-17/extracted/81670do004_201617/81670DO004_201617.xls,Table_1,B19,97.6
internet,Basic connectivity,2016-17,2016–17,Industry,Construction,All businesses,97.6,published,,%,D,2016-17,"All businesses in the selected category and population. Coverage includes Agriculture, Forestry and Fishing.",2016-17:4-1:0,data_2016-17/extracted/81670do004_201617/81670DO004_201617.xls,Table_1,B20,97.6
internet,Basic connectivity,2016-17,2016–17,Industry,Wholesale Trade,All businesses,95.3,published,,%,D,2016-17,"All businesses in the selected category and population. Coverage includes Agriculture, Forestry and Fishing.",2016-17:4-1:0,data_2016-17/extracted/81670do004_201617/81670DO004_201617.xls,Table_1,B21,95.3
internet,Basic connectivity,2016-17,2016–17,Industry,Retail Trade,All businesses,94.2,published,,%,D,2016-17,"All businesses in the selected category and population. Coverage includes Agriculture, Forestry and Fishing.",2016-17:4-1:0,data_2016-17/extracted/81670do004_201617/81670DO004_201617.xls,Table_1,B22,94.2
internet,Basic connectivity,2016-17,2016–17,Industry,Accommodation and Food Services,All businesses,88.4,published,,%,D,2016-17,"All businesses in the selected category and population. Coverage includes Agriculture, Forestry and Fishing.",2016-17:4-1:0,data_2016-17/extracted/81670do004_201617/81670DO004_201617.xls,Table_1,B23,88.4
internet,Basic connectivity,2016-17,2016–17,Industry,"Transport, Postal and Warehousing",All businesses,92.0,published,,%,D,2016-17,"All businesses in the selected category and population. Coverage includes Agriculture, Forestry and Fishing.",2016-17:4-1:0,data_2016-17/extracted/81670do004_201617/81670DO004_201617.xls,Table_1,B24,92.0
internet,Basic connectivity,2016-17,2016–17,Industry,Information Media and Telecommunications,All businesses,99.1,published,,%,D,2016-17,"All businesses in the selected category and population. Coverage includes Agriculture, Forestry and Fishing.",2016-17:4-1:0,data_2016-17/extracted/81670do004_201617/81670DO004_201617.xls,Table_1,B25,99.1
internet,Basic connectivity,2016-17,2016–17,Industry,Financial and Insurance Services,All businesses,99.0,published,,%,D,2016-17,"All businesses in the selected category and population. Coverage includes Agriculture, Forestry and Fishing.",2016-17:4-1:0,data_2016-17/extracted/81670do004_201617/81670DO004_201617.xls,Table_1,B26,99.0
internet,Basic connectivity,2016-17,2016–17,Industry,"Rental, Hiring and Real Estate Services",All businesses,96.0,published,,%,D,2016-17,"All businesses in the selected category and population. Coverage includes Agriculture, Forestry and Fishing.",2016-17:4-1:0,data_2016-17/extracted/81670do004_201617/81670DO004_201617.xls,Table_1,B27,96.0
internet,Basic connectivity,2016-17,2016–17,Industry,"Professional, Scientific and Technical Services",All businesses,98.5,published,,%,D,2016-17,"All businesses in the selected category and population. Coverage includes Agriculture, Forestry and Fishing.",2016-17:4-1:0,data_2016-17/extracted/81670do004_201617/81670DO004_201617.xls,Table_1,B28,98.5
internet,Basic connectivity,2016-17,2016–17,Industry,Administrative and Support Services,All businesses,96.9,published,,%,D,2016-17,"All businesses in the selected category and population. Coverage includes Agriculture, Forestry and Fishing.",2016-17:4-1:0,data_2016-17/extracted/81670do004_201617/81670DO004_201617.xls,Table_1,B29,96.9
internet,Basic connectivity,2016-17,2016–17,Industry,Health Care and Social Assistance,All businesses,96.4,published,,%,D,2016-17,"All businesses in the selected category and population. Coverage includes Agriculture, Forestry and Fishing.",2016-17:4-1:0,data_2016-17/extracted/81670do004_201617/81670DO004_201617.xls,Table_1,B30,96.4
internet,Basic connectivity,2016-17,2016–17,Industry,Arts and Recreation Services,All businesses,92.9,published,,%,D,2016-17,"All businesses in the selected category and population. Coverage includes Agriculture, Forestry and Fishing.",2016-17:4-1:0,data_2016-17/extracted/81670do004_201617/81670DO004_201617.xls,Table_1,B31,92.9
internet,Basic connectivity,2016-17,2016–17,Industry,Other Services,All businesses,94.0,published,,%,D,2016-17,"All businesses in the selected category and population. Coverage includes Agriculture, Forestry and Fishing.",2016-17:4-1:0,data_2016-17/extracted/81670do004_201617/81670DO004_201617.xls,Table_1,B32,94.0
web,Basic connectivity,2016-17,2016–17,Overall,Total,All businesses,51.1,published,,%,D,2016-17,"All businesses in the selected category and population. Coverage includes Agriculture, Forestry and Fishing.",2016-17:4-1:1,data_2016-17/extracted/81670do004_201617/81670DO004_201617.xls,Table_1,C9,51.1
web,Basic connectivity,2016-17,2016–17,Employment size,0–4 persons,All businesses,40.2,published,,%,D,2016-17,"All businesses in the selected category and population. Coverage includes Agriculture, Forestry and Fishing.",2016-17:4-1:1,data_2016-17/extracted/81670do004_201617/81670DO004_201617.xls,Table_1,C11,40.2
web,Basic connectivity,2016-17,2016–17,Employment size,5–19 persons,All businesses,65.2,published,,%,D,2016-17,"All businesses in the selected category and population. Coverage includes Agriculture, Forestry and Fishing.",2016-17:4-1:1,data_2016-17/extracted/81670do004_201617/81670DO004_201617.xls,Table_1,C12,65.2
web,Basic connectivity,2016-17,2016–17,Employment size,20–199 persons,All businesses,82.1,published,,%,D,2016-17,"All businesses in the selected category and population. Coverage includes Agriculture, Forestry and Fishing.",2016-17:4-1:1,data_2016-17/extracted/81670do004_201617/81670DO004_201617.xls,Table_1,C13,82.1
web,Basic connectivity,2016-17,2016–17,Employment size,200 or more persons,All businesses,93.9,published,,%,D,2016-17,"All businesses in the selected category and population. Coverage includes Agriculture, Forestry and Fishing.",2016-17:4-1:1,data_2016-17/extracted/81670do004_201617/81670DO004_201617.xls,Table_1,C14,93.9
web,Basic connectivity,2016-17,2016–17,Industry,"Agriculture, Forestry and Fishing",All businesses,13.8,published,,%,D,2016-17,"All businesses in the selected category and population. Coverage includes Agriculture, Forestry and Fishing.",2016-17:4-1:1,data_2016-17/extracted/81670do004_201617/81670DO004_201617.xls,Table_1,C16,13.8
web,Basic connectivity,2016-17,2016–17,Industry,Mining,All businesses,64.2,published,,%,D,2016-17,"All businesses in the selected category and population. Coverage includes Agriculture, Forestry and Fishing.",2016-17:4-1:1,data_2016-17/extracted/81670do004_201617/81670DO004_201617.xls,Table_1,C17,64.2
web,Basic connectivity,2016-17,2016–17,Industry,Manufacturing,All businesses,65.8,published,,%,D,2016-17,"All businesses in the selected category and population. Coverage includes Agriculture, Forestry and Fishing.",2016-17:4-1:1,data_2016-17/extracted/81670do004_201617/81670DO004_201617.xls,Table_1,C18,65.8
web,Basic connectivity,2016-17,2016–17,Industry,"Electricity, Gas, Water and Waste Services",All businesses,56.1,published,,%,D,2016-17,"All businesses in the selected category and population. Coverage includes Agriculture, Forestry and Fishing.",2016-17:4-1:1,data_2016-17/extracted/81670do004_201617/81670DO004_201617.xls,Table_1,C19,56.1
web,Basic connectivity,2016-17,2016–17,Industry,Construction,All businesses,37.5,published,,%,D,2016-17,"All businesses in the selected category and population. Coverage includes Agriculture, Forestry and Fishing.",2016-17:4-1:1,data_2016-17/extracted/81670do004_201617/81670DO004_201617.xls,Table_1,C20,37.5
web,Basic connectivity,2016-17,2016–17,Industry,Wholesale Trade,All businesses,68.7,published,,%,D,2016-17,"All businesses in the selected category and population. Coverage includes Agriculture, Forestry and Fishing.",2016-17:4-1:1,data_2016-17/extracted/81670do004_201617/81670DO004_201617.xls,Table_1,C21,68.7
web,Basic connectivity,2016-17,2016–17,Industry,Retail Trade,All businesses,59.0,published,,%,D,2016-17,"All businesses in the selected category and population. Coverage includes Agriculture, Forestry and Fishing.",2016-17:4-1:1,data_2016-17/extracted/81670do004_201617/81670DO004_201617.xls,Table_1,C22,59.0
web,Basic connectivity,2016-17,2016–17,Industry,Accommodation and Food Services,All businesses,52.9,published,,%,D,2016-17,"All businesses in the selected category and population. Coverage includes Agriculture, Forestry and Fishing.",2016-17:4-1:1,data_2016-17/extracted/81670do004_201617/81670DO004_201617.xls,Table_1,C23,52.9
web,Basic connectivity,2016-17,2016–17,Industry,"Transport, Postal and Warehousing",All businesses,26.2,published,,%,D,2016-17,"All businesses in the selected category and population. Coverage includes Agriculture, Forestry and Fishing.",2016-17:4-1:1,data_2016-17/extracted/81670do004_201617/81670DO004_201617.xls,Table_1,C24,26.2
web,Basic connectivity,2016-17,2016–17,Industry,Information Media and Telecommunications,All businesses,75.4,published,,%,D,2016-17,"All businesses in the selected category and population. Coverage includes Agriculture, Forestry and Fishing.",2016-17:4-1:1,data_2016-17/extracted/81670do004_201617/81670DO004_201617.xls,Table_1,C25,75.4
web,Basic connectivity,2016-17,2016–17,Industry,Financial and Insurance Services,All businesses,65.4,published,,%,D,2016-17,"All businesses in the selected category and population. Coverage includes Agriculture, Forestry and Fishing.",2016-17:4-1:1,data_2016-17/extracted/81670do004_201617/81670DO004_201617.xls,Table_1,C26,65.4
web,Basic connectivity,2016-17,2016–17,Industry,"Rental, Hiring and Real Estate Services",All businesses,59.0,published,,%,D,2016-17,"All businesses in the selected category and population. Coverage includes Agriculture, Forestry and Fishing.",2016-17:4-1:1,data_2016-17/extracted/81670do004_201617/81670DO004_201617.xls,Table_1,C27,59.0
web,Basic connectivity,2016-17,2016–17,Industry,"Professional, Scientific and Technical Services",All businesses,58.9,published,,%,D,2016-17,"All businesses in the selected category and population. Coverage includes Agriculture, Forestry and Fishing.",2016-17:4-1:1,data_2016-17/extracted/81670do004_201617/81670DO004_201617.xls,Table_1,C28,58.9
web,Basic connectivity,2016-17,2016–17,Industry,Administrative and Support Services,All businesses,51.8,published,,%,D,2016-17,"All businesses in the selected category and population. Coverage includes Agriculture, Forestry and Fishing.",2016-17:4-1:1,data_2016-17/extracted/81670do004_201617/81670DO004_201617.xls,Table_1,C29,51.8
web,Basic connectivity,2016-17,2016–17,Industry,Health Care and Social Assistance,All businesses,56.2,published,,%,D,2016-17,"All businesses in the selected category and population. Coverage includes Agriculture, Forestry and Fishing.",2016-17:4-1:1,data_2016-17/extracted/81670do004_201617/81670DO004_201617.xls,Table_1,C30,56.2
web,Basic connectivity,2016-17,2016–17,Industry,Arts and Recreation Services,All businesses,77.3,published,,%,D,2016-17,"All businesses in the selected category and population. Coverage includes Agriculture, Forestry and Fishing.",2016-17:4-1:1,data_2016-17/extracted/81670do004_201617/81670DO004_201617.xls,Table_1,C31,77.3
web,Basic connectivity,2016-17,2016–17,Industry,Other Services,All businesses,57.5,published,,%,D,2016-17,"All businesses in the selected category and population. Coverage includes Agriculture, Forestry and Fishing.",2016-17:4-1:1,data_2016-17/extracted/81670do004_201617/81670DO004_201617.xls,Table_1,C32,57.5
social,Basic connectivity,2016-17,2016–17,Overall,Total,All businesses,40.4,published,,%,D,2016-17,"All businesses in the selected category and population. Coverage includes Agriculture, Forestry and Fishing.",2016-17:4-1:2,data_2016-17/extracted/81670do004_201617/81670DO004_201617.xls,Table_1,D9,40.4
social,Basic connectivity,2016-17,2016–17,Employment size,0–4 persons,All businesses,30.9,published,,%,D,2016-17,"All businesses in the selected category and population. Coverage includes Agriculture, Forestry and Fishing.",2016-17:4-1:2,data_2016-17/extracted/81670do004_201617/81670DO004_201617.xls,Table_1,D11,30.9
social,Basic connectivity,2016-17,2016–17,Employment size,5–19 persons,All businesses,53.1,published,,%,D,2016-17,"All businesses in the selected category and population. Coverage includes Agriculture, Forestry and Fishing.",2016-17:4-1:2,data_2016-17/extracted/81670do004_201617/81670DO004_201617.xls,Table_1,D12,53.1
social,Basic connectivity,2016-17,2016–17,Employment size,20–199 persons,All businesses,65.5,published,,%,D,2016-17,"All businesses in the selected category and population. Coverage includes Agriculture, Forestry and Fishing.",2016-17:4-1:2,data_2016-17/extracted/81670do004_201617/81670DO004_201617.xls,Table_1,D13,65.5
social,Basic connectivity,2016-17,2016–17,Employment size,200 or more persons,All businesses,80.0,published,,%,D,2016-17,"All businesses in the selected category and population. Coverage includes Agriculture, Forestry and Fishing.",2016-17:4-1:2,data_2016-17/extracted/81670do004_201617/81670DO004_201617.xls,Table_1,D14,80.0
social,Basic connectivity,2016-17,2016–17,Industry,"Agriculture, Forestry and Fishing",All businesses,12.6,published,,%,D,2016-17,"All businesses in the selected category and population. Coverage includes Agriculture, Forestry and Fishing.",2016-17:4-1:2,data_2016-17/extracted/81670do004_201617/81670DO004_201617.xls,Table_1,D16,12.6
social,Basic connectivity,2016-17,2016–17,Industry,Mining,All businesses,32.0,published,,%,D,2016-17,"All businesses in the selected category and population. Coverage includes Agriculture, Forestry and Fishing.",2016-17:4-1:2,data_2016-17/extracted/81670do004_201617/81670DO004_201617.xls,Table_1,D17,32.0
social,Basic connectivity,2016-17,2016–17,Industry,Manufacturing,All businesses,43.7,published,,%,D,2016-17,"All businesses in the selected category and population. Coverage includes Agriculture, Forestry and Fishing.",2016-17:4-1:2,data_2016-17/extracted/81670do004_201617/81670DO004_201617.xls,Table_1,D18,43.7
social,Basic connectivity,2016-17,2016–17,Industry,"Electricity, Gas, Water and Waste Services",All businesses,29.5,published,,%,D,2016-17,"All businesses in the selected category and population. Coverage includes Agriculture, Forestry and Fishing.",2016-17:4-1:2,data_2016-17/extracted/81670do004_201617/81670DO004_201617.xls,Table_1,D19,29.5
social,Basic connectivity,2016-17,2016–17,Industry,Construction,All businesses,27.2,published,,%,D,2016-17,"All businesses in the selected category and population. Coverage includes Agriculture, Forestry and Fishing.",2016-17:4-1:2,data_2016-17/extracted/81670do004_201617/81670DO004_201617.xls,Table_1,D20,27.2
social,Basic connectivity,2016-17,2016–17,Industry,Wholesale Trade,All businesses,41.8,published,,%,D,2016-17,"All businesses in the selected category and population. Coverage includes Agriculture, Forestry and Fishing.",2016-17:4-1:2,data_2016-17/extracted/81670do004_201617/81670DO004_201617.xls,Table_1,D21,41.8
social,Basic connectivity,2016-17,2016–17,Industry,Retail Trade,All businesses,56.2,published,,%,D,2016-17,"All businesses in the selected category and population. Coverage includes Agriculture, Forestry and Fishing.",2016-17:4-1:2,data_2016-17/extracted/81670do004_201617/81670DO004_201617.xls,Table_1,D22,56.2
social,Basic connectivity,2016-17,2016–17,Industry,Accommodation and Food Services,All businesses,63.0,published,,%,D,2016-17,"All businesses in the selected category and population. Coverage includes Agriculture, Forestry and Fishing.",2016-17:4-1:2,data_2016-17/extracted/81670do004_201617/81670DO004_201617.xls,Table_1,D23,63.0
social,Basic connectivity,2016-17,2016–17,Industry,"Transport, Postal and Warehousing",All businesses,17.1,published,,%,D,2016-17,"All businesses in the selected category and population. Coverage includes Agriculture, Forestry and Fishing.",2016-17:4-1:2,data_2016-17/extracted/81670do004_201617/81670DO004_201617.xls,Table_1,D24,17.1
social,Basic connectivity,2016-17,2016–17,Industry,Information Media and Telecommunications,All businesses,64.2,published,,%,D,2016-17,"All businesses in the selected category and population. Coverage includes Agriculture, Forestry and Fishing.",2016-17:4-1:2,data_2016-17/extracted/81670do004_201617/81670DO004_201617.xls,Table_1,D25,64.2
social,Basic connectivity,2016-17,2016–17,Industry,Financial and Insurance Services,All businesses,45.7,published,,%,D,2016-17,"All businesses in the selected category and population. Coverage includes Agriculture, Forestry and Fishing.",2016-17:4-1:2,data_2016-17/extracted/81670do004_201617/81670DO004_201617.xls,Table_1,D26,45.7
social,Basic connectivity,2016-17,2016–17,Industry,"Rental, Hiring and Real Estate Services",All businesses,47.7,published,,%,D,2016-17,"All businesses in the selected category and population. Coverage includes Agriculture, Forestry and Fishing.",2016-17:4-1:2,data_2016-17/extracted/81670do004_201617/81670DO004_201617.xls,Table_1,D27,47.7
social,Basic connectivity,2016-17,2016–17,Industry,"Professional, Scientific and Technical Services",All businesses,41.2,published,,%,D,2016-17,"All businesses in the selected category and population. Coverage includes Agriculture, Forestry and Fishing.",2016-17:4-1:2,data_2016-17/extracted/81670do004_201617/81670DO004_201617.xls,Table_1,D28,41.2
social,Basic connectivity,2016-17,2016–17,Industry,Administrative and Support Services,All businesses,36.9,published,,%,D,2016-17,"All businesses in the selected category and population. Coverage includes Agriculture, Forestry and Fishing.",2016-17:4-1:2,data_2016-17/extracted/81670do004_201617/81670DO004_201617.xls,Table_1,D29,36.9
social,Basic connectivity,2016-17,2016–17,Industry,Health Care and Social Assistance,All businesses,38.4,published,,%,D,2016-17,"All businesses in the selected category and population. Coverage includes Agriculture, Forestry and Fishing.",2016-17:4-1:2,data_2016-17/extracted/81670do004_201617/81670DO004_201617.xls,Table_1,D30,38.4
social,Basic connectivity,2016-17,2016–17,Industry,Arts and Recreation Services,All businesses,75.4,published,,%,D,2016-17,"All businesses in the selected category and population. Coverage includes Agriculture, Forestry and Fishing.",2016-17:4-1:2,data_2016-17/extracted/81670do004_201617/81670DO004_201617.xls,Table_1,D31,75.4
social,Basic connectivity,2016-17,2016–17,Industry,Other Services,All businesses,52.6,published,,%,D,2016-17,"All businesses in the selected category and population. Coverage includes Agriculture, Forestry and Fishing.",2016-17:4-1:2,data_2016-17/extracted/81670do004_201617/81670DO004_201617.xls,Table_1,D32,52.6
placed,Digital transactions,2016-17,2016–17,Overall,Total,All businesses,59.3,published,,%,D,2016-17,"All businesses in the selected category and population. Coverage includes Agriculture, Forestry and Fishing.",2016-17:4-1:3,data_2016-17/extracted/81670do004_201617/81670DO004_201617.xls,Table_1,E9,59.3
placed,Digital transactions,2016-17,2016–17,Employment size,0–4 persons,All businesses,53.4,published,,%,D,2016-17,"All businesses in the selected category and population. Coverage includes Agriculture, Forestry and Fishing.",2016-17:4-1:3,data_2016-17/extracted/81670do004_201617/81670DO004_201617.xls,Table_1,E11,53.4
placed,Digital transactions,2016-17,2016–17,Employment size,5–19 persons,All businesses,67.2,published,,%,D,2016-17,"All businesses in the selected category and population. Coverage includes Agriculture, Forestry and Fishing.",2016-17:4-1:3,data_2016-17/extracted/81670do004_201617/81670DO004_201617.xls,Table_1,E12,67.2
placed,Digital transactions,2016-17,2016–17,Employment size,20–199 persons,All businesses,75.3,published,,%,D,2016-17,"All businesses in the selected category and population. Coverage includes Agriculture, Forestry and Fishing.",2016-17:4-1:3,data_2016-17/extracted/81670do004_201617/81670DO004_201617.xls,Table_1,E13,75.3
placed,Digital transactions,2016-17,2016–17,Employment size,200 or more persons,All businesses,84.4,published,,%,D,2016-17,"All businesses in the selected category and population. Coverage includes Agriculture, Forestry and Fishing.",2016-17:4-1:3,data_2016-17/extracted/81670do004_201617/81670DO004_201617.xls,Table_1,E14,84.4
placed,Digital transactions,2016-17,2016–17,Industry,"Agriculture, Forestry and Fishing",All businesses,46.1,published,,%,D,2016-17,"All businesses in the selected category and population. Coverage includes Agriculture, Forestry and Fishing.",2016-17:4-1:3,data_2016-17/extracted/81670do004_201617/81670DO004_201617.xls,Table_1,E16,46.1
placed,Digital transactions,2016-17,2016–17,Industry,Mining,All businesses,58.6,published,,%,D,2016-17,"All businesses in the selected category and population. Coverage includes Agriculture, Forestry and Fishing.",2016-17:4-1:3,data_2016-17/extracted/81670do004_201617/81670DO004_201617.xls,Table_1,E17,58.6
placed,Digital transactions,2016-17,2016–17,Industry,Manufacturing,All businesses,70.5,published,,%,D,2016-17,"All businesses in the selected category and population. Coverage includes Agriculture, Forestry and Fishing.",2016-17:4-1:3,data_2016-17/extracted/81670do004_201617/81670DO004_201617.xls,Table_1,E18,70.5
placed,Digital transactions,2016-17,2016–17,Industry,"Electricity, Gas, Water and Waste Services",All businesses,49.3,published,,%,D,2016-17,"All businesses in the selected category and population. Coverage includes Agriculture, Forestry and Fishing.",2016-17:4-1:3,data_2016-17/extracted/81670do004_201617/81670DO004_201617.xls,Table_1,E19,49.3
placed,Digital transactions,2016-17,2016–17,Industry,Construction,All businesses,57.3,published,,%,D,2016-17,"All businesses in the selected category and population. Coverage includes Agriculture, Forestry and Fishing.",2016-17:4-1:3,data_2016-17/extracted/81670do004_201617/81670DO004_201617.xls,Table_1,E20,57.3
placed,Digital transactions,2016-17,2016–17,Industry,Wholesale Trade,All businesses,65.9,published,,%,D,2016-17,"All businesses in the selected category and population. Coverage includes Agriculture, Forestry and Fishing.",2016-17:4-1:3,data_2016-17/extracted/81670do004_201617/81670DO004_201617.xls,Table_1,E21,65.9
placed,Digital transactions,2016-17,2016–17,Industry,Retail Trade,All businesses,68.0,published,,%,D,2016-17,"All businesses in the selected category and population. Coverage includes Agriculture, Forestry and Fishing.",2016-17:4-1:3,data_2016-17/extracted/81670do004_201617/81670DO004_201617.xls,Table_1,E22,68.0
placed,Digital transactions,2016-17,2016–17,Industry,Accommodation and Food Services,All businesses,48.9,published,,%,D,2016-17,"All businesses in the selected category and population. Coverage includes Agriculture, Forestry and Fishing.",2016-17:4-1:3,data_2016-17/extracted/81670do004_201617/81670DO004_201617.xls,Table_1,E23,48.9
placed,Digital transactions,2016-17,2016–17,Industry,"Transport, Postal and Warehousing",All businesses,38.1,published,,%,D,2016-17,"All businesses in the selected category and population. Coverage includes Agriculture, Forestry and Fishing.",2016-17:4-1:3,data_2016-17/extracted/81670do004_201617/81670DO004_201617.xls,Table_1,E24,38.1
placed,Digital transactions,2016-17,2016–17,Industry,Information Media and Telecommunications,All businesses,73.8,published,,%,D,2016-17,"All businesses in the selected category and population. Coverage includes Agriculture, Forestry and Fishing.",2016-17:4-1:3,data_2016-17/extracted/81670do004_201617/81670DO004_201617.xls,Table_1,E25,73.8
placed,Digital transactions,2016-17,2016–17,Industry,Financial and Insurance Services,All businesses,57.6,published,,%,D,2016-17,"All businesses in the selected category and population. Coverage includes Agriculture, Forestry and Fishing.",2016-17:4-1:3,data_2016-17/extracted/81670do004_201617/81670DO004_201617.xls,Table_1,E26,57.6
placed,Digital transactions,2016-17,2016–17,Industry,"Rental, Hiring and Real Estate Services",All businesses,58.7,published,,%,D,2016-17,"All businesses in the selected category and population. Coverage includes Agriculture, Forestry and Fishing.",2016-17:4-1:3,data_2016-17/extracted/81670do004_201617/81670DO004_201617.xls,Table_1,E27,58.7
placed,Digital transactions,2016-17,2016–17,Industry,"Professional, Scientific and Technical Services",All businesses,67.1,published,,%,D,2016-17,"All businesses in the selected category and population. Coverage includes Agriculture, Forestry and Fishing.",2016-17:4-1:3,data_2016-17/extracted/81670do004_201617/81670DO004_201617.xls,Table_1,E28,67.1
placed,Digital transactions,2016-17,2016–17,Industry,Administrative and Support Services,All businesses,55.0,published,,%,D,2016-17,"All businesses in the selected category and population. Coverage includes Agriculture, Forestry and Fishing.",2016-17:4-1:3,data_2016-17/extracted/81670do004_201617/81670DO004_201617.xls,Table_1,E29,55.0
placed,Digital transactions,2016-17,2016–17,Industry,Health Care and Social Assistance,All businesses,63.1,published,,%,D,2016-17,"All businesses in the selected category and population. Coverage includes Agriculture, Forestry and Fishing.",2016-17:4-1:3,data_2016-17/extracted/81670do004_201617/81670DO004_201617.xls,Table_1,E30,63.1
placed,Digital transactions,2016-17,2016–17,Industry,Arts and Recreation Services,All businesses,71.8,published,,%,D,2016-17,"All businesses in the selected category and population. Coverage includes Agriculture, Forestry and Fishing.",2016-17:4-1:3,data_2016-17/extracted/81670do004_201617/81670DO004_201617.xls,Table_1,E31,71.8
placed,Digital transactions,2016-17,2016–17,Industry,Other Services,All businesses,57.2,published,,%,D,2016-17,"All businesses in the selected category and population. Coverage includes Agriculture, Forestry and Fishing.",2016-17:4-1:3,data_2016-17/extracted/81670do004_201617/81670DO004_201617.xls,Table_1,E32,57.2
received,Digital transactions,2016-17,2016–17,Overall,Total,All businesses,37.1,published,,%,D,2016-17,"All businesses in the selected category and population. Coverage includes Agriculture, Forestry and Fishing.",2016-17:4-1:4,data_2016-17/extracted/81670do004_201617/81670DO004_201617.xls,Table_1,F9,37.1
received,Digital transactions,2016-17,2016–17,Employment size,0–4 persons,All businesses,32.4,published,,%,D,2016-17,"All businesses in the selected category and population. Coverage includes Agriculture, Forestry and Fishing.",2016-17:4-1:4,data_2016-17/extracted/81670do004_201617/81670DO004_201617.xls,Table_1,F11,32.4
received,Digital transactions,2016-17,2016–17,Employment size,5–19 persons,All businesses,43.7,published,,%,D,2016-17,"All businesses in the selected category and population. Coverage includes Agriculture, Forestry and Fishing.",2016-17:4-1:4,data_2016-17/extracted/81670do004_201617/81670DO004_201617.xls,Table_1,F12,43.7
received,Digital transactions,2016-17,2016–17,Employment size,20–199 persons,All businesses,47.5,published,,%,D,2016-17,"All businesses in the selected category and population. Coverage includes Agriculture, Forestry and Fishing.",2016-17:4-1:4,data_2016-17/extracted/81670do004_201617/81670DO004_201617.xls,Table_1,F13,47.5
received,Digital transactions,2016-17,2016–17,Employment size,200 or more persons,All businesses,54.9,published,,%,D,2016-17,"All businesses in the selected category and population. Coverage includes Agriculture, Forestry and Fishing.",2016-17:4-1:4,data_2016-17/extracted/81670do004_201617/81670DO004_201617.xls,Table_1,F14,54.9
received,Digital transactions,2016-17,2016–17,Industry,"Agriculture, Forestry and Fishing",All businesses,16.9,published,,%,D,2016-17,"All businesses in the selected category and population. Coverage includes Agriculture, Forestry and Fishing.",2016-17:4-1:4,data_2016-17/extracted/81670do004_201617/81670DO004_201617.xls,Table_1,F16,16.9
received,Digital transactions,2016-17,2016–17,Industry,Mining,All businesses,29.0,published,,%,D,2016-17,"All businesses in the selected category and population. Coverage includes Agriculture, Forestry and Fishing.",2016-17:4-1:4,data_2016-17/extracted/81670do004_201617/81670DO004_201617.xls,Table_1,F17,29.0
received,Digital transactions,2016-17,2016–17,Industry,Manufacturing,All businesses,55.4,published,,%,D,2016-17,"All businesses in the selected category and population. Coverage includes Agriculture, Forestry and Fishing.",2016-17:4-1:4,data_2016-17/extracted/81670do004_201617/81670DO004_201617.xls,Table_1,F18,55.4
received,Digital transactions,2016-17,2016–17,Industry,"Electricity, Gas, Water and Waste Services",All businesses,38.3,published,,%,D,2016-17,"All businesses in the selected category and population. Coverage includes Agriculture, Forestry and Fishing.",2016-17:4-1:4,data_2016-17/extracted/81670do004_201617/81670DO004_201617.xls,Table_1,F19,38.3
received,Digital transactions,2016-17,2016–17,Industry,Construction,All businesses,38.1,published,,%,D,2016-17,"All businesses in the selected category and population. Coverage includes Agriculture, Forestry and Fishing.",2016-17:4-1:4,data_2016-17/extracted/81670do004_201617/81670DO004_201617.xls,Table_1,F20,38.1
received,Digital transactions,2016-17,2016–17,Industry,Wholesale Trade,All businesses,53.7,published,,%,D,2016-17,"All businesses in the selected category and population. Coverage includes Agriculture, Forestry and Fishing.",2016-17:4-1:4,data_2016-17/extracted/81670do004_201617/81670DO004_201617.xls,Table_1,F21,53.7
received,Digital transactions,2016-17,2016–17,Industry,Retail Trade,All businesses,46.0,published,,%,D,2016-17,"All businesses in the selected category and population. Coverage includes Agriculture, Forestry and Fishing.",2016-17:4-1:4,data_2016-17/extracted/81670do004_201617/81670DO004_201617.xls,Table_1,F22,46.0
received,Digital transactions,2016-17,2016–17,Industry,Accommodation and Food Services,All businesses,39.6,published,,%,D,2016-17,"All businesses in the selected category and population. Coverage includes Agriculture, Forestry and Fishing.",2016-17:4-1:4,data_2016-17/extracted/81670do004_201617/81670DO004_201617.xls,Table_1,F23,39.6
received,Digital transactions,2016-17,2016–17,Industry,"Transport, Postal and Warehousing",All businesses,28.1,published,,%,D,2016-17,"All businesses in the selected category and population. Coverage includes Agriculture, Forestry and Fishing.",2016-17:4-1:4,data_2016-17/extracted/81670do004_201617/81670DO004_201617.xls,Table_1,F24,28.1
received,Digital transactions,2016-17,2016–17,Industry,Information Media and Telecommunications,All businesses,53.7,published,,%,D,2016-17,"All businesses in the selected category and population. Coverage includes Agriculture, Forestry and Fishing.",2016-17:4-1:4,data_2016-17/extracted/81670do004_201617/81670DO004_201617.xls,Table_1,F25,53.7
received,Digital transactions,2016-17,2016–17,Industry,Financial and Insurance Services,All businesses,25.7,published,,%,D,2016-17,"All businesses in the selected category and population. Coverage includes Agriculture, Forestry and Fishing.",2016-17:4-1:4,data_2016-17/extracted/81670do004_201617/81670DO004_201617.xls,Table_1,F26,25.7
received,Digital transactions,2016-17,2016–17,Industry,"Rental, Hiring and Real Estate Services",All businesses,34.1,published,,%,D,2016-17,"All businesses in the selected category and population. Coverage includes Agriculture, Forestry and Fishing.",2016-17:4-1:4,data_2016-17/extracted/81670do004_201617/81670DO004_201617.xls,Table_1,F27,34.1
received,Digital transactions,2016-17,2016–17,Industry,"Professional, Scientific and Technical Services",All businesses,34.6,published,,%,D,2016-17,"All businesses in the selected category and population. Coverage includes Agriculture, Forestry and Fishing.",2016-17:4-1:4,data_2016-17/extracted/81670do004_201617/81670DO004_201617.xls,Table_1,F28,34.6
received,Digital transactions,2016-17,2016–17,Industry,Administrative and Support Services,All businesses,35.9,published,,%,D,2016-17,"All businesses in the selected category and population. Coverage includes Agriculture, Forestry and Fishing.",2016-17:4-1:4,data_2016-17/extracted/81670do004_201617/81670DO004_201617.xls,Table_1,F29,35.9
received,Digital transactions,2016-17,2016–17,Industry,Health Care and Social Assistance,All businesses,27.4,published,,%,D,2016-17,"All businesses in the selected category and population. Coverage includes Agriculture, Forestry and Fishing.",2016-17:4-1:4,data_2016-17/extracted/81670do004_201617/81670DO004_201617.xls,Table_1,F30,27.4
received,Digital transactions,2016-17,2016–17,Industry,Arts and Recreation Services,All businesses,49.7,published,,%,D,2016-17,"All businesses in the selected category and population. Coverage includes Agriculture, Forestry and Fishing.",2016-17:4-1:4,data_2016-17/extracted/81670do004_201617/81670DO004_201617.xls,Table_1,F31,49.7
received,Digital transactions,2016-17,2016–17,Industry,Other Services,All businesses,35.3,published,,%,D,2016-17,"All businesses in the selected category and population. Coverage includes Agriculture, Forestry and Fishing.",2016-17:4-1:4,data_2016-17/extracted/81670do004_201617/81670DO004_201617.xls,Table_1,F32,35.3
internet,Basic connectivity,2017-18,2017–18,Overall,Total,All businesses,96.8,published,,%,D,2017-18,"All businesses in the selected category and population. Coverage includes Agriculture, Forestry and Fishing.",2017-18:1-1:1,data_2017-18/81670do001_201718.xls,Table_1,C9,96.8
internet,Basic connectivity,2017-18,2017–18,Employment size,0–4 persons,All businesses,96.3,published,,%,D,2017-18,"All businesses in the selected category and population. Coverage includes Agriculture, Forestry and Fishing.",2017-18:1-1:1,data_2017-18/81670do001_201718.xls,Table_1,C11,96.3
internet,Basic connectivity,2017-18,2017–18,Employment size,5–19 persons,All businesses,97.3,published,,%,D,2017-18,"All businesses in the selected category and population. Coverage includes Agriculture, Forestry and Fishing.",2017-18:1-1:1,data_2017-18/81670do001_201718.xls,Table_1,C12,97.3
internet,Basic connectivity,2017-18,2017–18,Employment size,20–199 persons,All businesses,99.8,published,,%,D,2017-18,"All businesses in the selected category and population. Coverage includes Agriculture, Forestry and Fishing.",2017-18:1-1:1,data_2017-18/81670do001_201718.xls,Table_1,C13,99.8
internet,Basic connectivity,2017-18,2017–18,Employment size,200 or more persons,All businesses,97.8,published,,%,D,2017-18,"All businesses in the selected category and population. Coverage includes Agriculture, Forestry and Fishing.",2017-18:1-1:1,data_2017-18/81670do001_201718.xls,Table_1,C14,97.8
internet,Basic connectivity,2017-18,2017–18,Industry,"Agriculture, Forestry and Fishing",All businesses,93.2,published,,%,D,2017-18,"All businesses in the selected category and population. Coverage includes Agriculture, Forestry and Fishing.",2017-18:1-1:1,data_2017-18/81670do001_201718.xls,Table_1,C16,93.2
internet,Basic connectivity,2017-18,2017–18,Industry,Mining,All businesses,97.9,published,,%,D,2017-18,"All businesses in the selected category and population. Coverage includes Agriculture, Forestry and Fishing.",2017-18:1-1:1,data_2017-18/81670do001_201718.xls,Table_1,C17,97.9
internet,Basic connectivity,2017-18,2017–18,Industry,Manufacturing,All businesses,97.0,published,,%,D,2017-18,"All businesses in the selected category and population. Coverage includes Agriculture, Forestry and Fishing.",2017-18:1-1:1,data_2017-18/81670do001_201718.xls,Table_1,C18,97.0
internet,Basic connectivity,2017-18,2017–18,Industry,"Electricity, Gas, Water and Waste Services",All businesses,97.5,published,,%,D,2017-18,"All businesses in the selected category and population. Coverage includes Agriculture, Forestry and Fishing.",2017-18:1-1:1,data_2017-18/81670do001_201718.xls,Table_1,C19,97.5
internet,Basic connectivity,2017-18,2017–18,Industry,Construction,All businesses,99.2,published,,%,D,2017-18,"All businesses in the selected category and population. Coverage includes Agriculture, Forestry and Fishing.",2017-18:1-1:1,data_2017-18/81670do001_201718.xls,Table_1,C20,99.2
internet,Basic connectivity,2017-18,2017–18,Industry,Wholesale Trade,All businesses,97.3,published,,%,D,2017-18,"All businesses in the selected category and population. Coverage includes Agriculture, Forestry and Fishing.",2017-18:1-1:1,data_2017-18/81670do001_201718.xls,Table_1,C21,97.3
internet,Basic connectivity,2017-18,2017–18,Industry,Retail Trade,All businesses,93.6,published,,%,D,2017-18,"All businesses in the selected category and population. Coverage includes Agriculture, Forestry and Fishing.",2017-18:1-1:1,data_2017-18/81670do001_201718.xls,Table_1,C22,93.6
internet,Basic connectivity,2017-18,2017–18,Industry,Accommodation and Food Services,All businesses,90.1,published,,%,D,2017-18,"All businesses in the selected category and population. Coverage includes Agriculture, Forestry and Fishing.",2017-18:1-1:1,data_2017-18/81670do001_201718.xls,Table_1,C23,90.1
internet,Basic connectivity,2017-18,2017–18,Industry,"Transport, Postal and Warehousing",All businesses,95.0,published,,%,D,2017-18,"All businesses in the selected category and population. Coverage includes Agriculture, Forestry and Fishing.",2017-18:1-1:1,data_2017-18/81670do001_201718.xls,Table_1,C24,95.0
internet,Basic connectivity,2017-18,2017–18,Industry,Information Media and Telecommunications,All businesses,99.1,published,,%,D,2017-18,"All businesses in the selected category and population. Coverage includes Agriculture, Forestry and Fishing.",2017-18:1-1:1,data_2017-18/81670do001_201718.xls,Table_1,C25,99.1
internet,Basic connectivity,2017-18,2017–18,Industry,Financial and Insurance Services,All businesses,99.1,published,,%,D,2017-18,"All businesses in the selected category and population. Coverage includes Agriculture, Forestry and Fishing.",2017-18:1-1:1,data_2017-18/81670do001_201718.xls,Table_1,C26,99.1
internet,Basic connectivity,2017-18,2017–18,Industry,"Rental, Hiring and Real Estate Services",All businesses,94.8,published,,%,D,2017-18,"All businesses in the selected category and population. Coverage includes Agriculture, Forestry and Fishing.",2017-18:1-1:1,data_2017-18/81670do001_201718.xls,Table_1,C27,94.8
internet,Basic connectivity,2017-18,2017–18,Industry,"Professional, Scientific and Technical Services",All businesses,99.5,published,,%,D,2017-18,"All businesses in the selected category and population. Coverage includes Agriculture, Forestry and Fishing.",2017-18:1-1:1,data_2017-18/81670do001_201718.xls,Table_1,C28,99.5
internet,Basic connectivity,2017-18,2017–18,Industry,Administrative and Support Services,All businesses,98.2,published,,%,D,2017-18,"All businesses in the selected category and population. Coverage includes Agriculture, Forestry and Fishing.",2017-18:1-1:1,data_2017-18/81670do001_201718.xls,Table_1,C29,98.2
internet,Basic connectivity,2017-18,2017–18,Industry,Health Care and Social Assistance,All businesses,99.3,published,,%,D,2017-18,"All businesses in the selected category and population. Coverage includes Agriculture, Forestry and Fishing.",2017-18:1-1:1,data_2017-18/81670do001_201718.xls,Table_1,C30,99.3
internet,Basic connectivity,2017-18,2017–18,Industry,Arts and Recreation Services,All businesses,93.7,published,,%,D,2017-18,"All businesses in the selected category and population. Coverage includes Agriculture, Forestry and Fishing.",2017-18:1-1:1,data_2017-18/81670do001_201718.xls,Table_1,C31,93.7
internet,Basic connectivity,2017-18,2017–18,Industry,Other Services,All businesses,97.1,published,,%,D,2017-18,"All businesses in the selected category and population. Coverage includes Agriculture, Forestry and Fishing.",2017-18:1-1:1,data_2017-18/81670do001_201718.xls,Table_1,C32,97.1
web,Basic connectivity,2017-18,2017–18,Overall,Total,All businesses,54.4,published,,%,D,2017-18,"All businesses in the selected category and population. Coverage includes Agriculture, Forestry and Fishing.",2017-18:1-1:2,data_2017-18/81670do001_201718.xls,Table_1,D9,54.4
web,Basic connectivity,2017-18,2017–18,Employment size,0–4 persons,All businesses,44.1,published,,%,D,2017-18,"All businesses in the selected category and population. Coverage includes Agriculture, Forestry and Fishing.",2017-18:1-1:2,data_2017-18/81670do001_201718.xls,Table_1,D11,44.1
web,Basic connectivity,2017-18,2017–18,Employment size,5–19 persons,All businesses,67.1,published,,%,D,2017-18,"All businesses in the selected category and population. Coverage includes Agriculture, Forestry and Fishing.",2017-18:1-1:2,data_2017-18/81670do001_201718.xls,Table_1,D12,67.1
web,Basic connectivity,2017-18,2017–18,Employment size,20–199 persons,All businesses,85.6,published,,%,D,2017-18,"All businesses in the selected category and population. Coverage includes Agriculture, Forestry and Fishing.",2017-18:1-1:2,data_2017-18/81670do001_201718.xls,Table_1,D13,85.6
web,Basic connectivity,2017-18,2017–18,Employment size,200 or more persons,All businesses,95.8,published,,%,D,2017-18,"All businesses in the selected category and population. Coverage includes Agriculture, Forestry and Fishing.",2017-18:1-1:2,data_2017-18/81670do001_201718.xls,Table_1,D14,95.8
web,Basic connectivity,2017-18,2017–18,Industry,"Agriculture, Forestry and Fishing",All businesses,16.8,published,,%,D,2017-18,"All businesses in the selected category and population. Coverage includes Agriculture, Forestry and Fishing.",2017-18:1-1:2,data_2017-18/81670do001_201718.xls,Table_1,D16,16.8
web,Basic connectivity,2017-18,2017–18,Industry,Mining,All businesses,67.1,published,,%,D,2017-18,"All businesses in the selected category and population. Coverage includes Agriculture, Forestry and Fishing.",2017-18:1-1:2,data_2017-18/81670do001_201718.xls,Table_1,D17,67.1
web,Basic connectivity,2017-18,2017–18,Industry,Manufacturing,All businesses,72.2,published,,%,D,2017-18,"All businesses in the selected category and population. Coverage includes Agriculture, Forestry and Fishing.",2017-18:1-1:2,data_2017-18/81670do001_201718.xls,Table_1,D18,72.2
web,Basic connectivity,2017-18,2017–18,Industry,"Electricity, Gas, Water and Waste Services",All businesses,56.2,published,,%,D,2017-18,"All businesses in the selected category and population. Coverage includes Agriculture, Forestry and Fishing.",2017-18:1-1:2,data_2017-18/81670do001_201718.xls,Table_1,D19,56.2
web,Basic connectivity,2017-18,2017–18,Industry,Construction,All businesses,40.4,published,,%,D,2017-18,"All businesses in the selected category and population. Coverage includes Agriculture, Forestry and Fishing.",2017-18:1-1:2,data_2017-18/81670do001_201718.xls,Table_1,D20,40.4
web,Basic connectivity,2017-18,2017–18,Industry,Wholesale Trade,All businesses,72.3,published,,%,D,2017-18,"All businesses in the selected category and population. Coverage includes Agriculture, Forestry and Fishing.",2017-18:1-1:2,data_2017-18/81670do001_201718.xls,Table_1,D21,72.3
web,Basic connectivity,2017-18,2017–18,Industry,Retail Trade,All businesses,63.2,published,,%,D,2017-18,"All businesses in the selected category and population. Coverage includes Agriculture, Forestry and Fishing.",2017-18:1-1:2,data_2017-18/81670do001_201718.xls,Table_1,D22,63.2
web,Basic connectivity,2017-18,2017–18,Industry,Accommodation and Food Services,All businesses,59.3,published,,%,D,2017-18,"All businesses in the selected category and population. Coverage includes Agriculture, Forestry and Fishing.",2017-18:1-1:2,data_2017-18/81670do001_201718.xls,Table_1,D23,59.3
web,Basic connectivity,2017-18,2017–18,Industry,"Transport, Postal and Warehousing",All businesses,33.1,published,,%,D,2017-18,"All businesses in the selected category and population. Coverage includes Agriculture, Forestry and Fishing.",2017-18:1-1:2,data_2017-18/81670do001_201718.xls,Table_1,D24,33.1
web,Basic connectivity,2017-18,2017–18,Industry,Information Media and Telecommunications,All businesses,76.5,published,,%,D,2017-18,"All businesses in the selected category and population. Coverage includes Agriculture, Forestry and Fishing.",2017-18:1-1:2,data_2017-18/81670do001_201718.xls,Table_1,D25,76.5
web,Basic connectivity,2017-18,2017–18,Industry,Financial and Insurance Services,All businesses,69.6,published,,%,D,2017-18,"All businesses in the selected category and population. Coverage includes Agriculture, Forestry and Fishing.",2017-18:1-1:2,data_2017-18/81670do001_201718.xls,Table_1,D26,69.6
web,Basic connectivity,2017-18,2017–18,Industry,"Rental, Hiring and Real Estate Services",All businesses,61.4,published,,%,D,2017-18,"All businesses in the selected category and population. Coverage includes Agriculture, Forestry and Fishing.",2017-18:1-1:2,data_2017-18/81670do001_201718.xls,Table_1,D27,61.4
web,Basic connectivity,2017-18,2017–18,Industry,"Professional, Scientific and Technical Services",All businesses,61.4,published,,%,D,2017-18,"All businesses in the selected category and population. Coverage includes Agriculture, Forestry and Fishing.",2017-18:1-1:2,data_2017-18/81670do001_201718.xls,Table_1,D28,61.4
web,Basic connectivity,2017-18,2017–18,Industry,Administrative and Support Services,All businesses,53.7,published,,%,D,2017-18,"All businesses in the selected category and population. Coverage includes Agriculture, Forestry and Fishing.",2017-18:1-1:2,data_2017-18/81670do001_201718.xls,Table_1,D29,53.7
web,Basic connectivity,2017-18,2017–18,Industry,Health Care and Social Assistance,All businesses,56.6,published,,%,D,2017-18,"All businesses in the selected category and population. Coverage includes Agriculture, Forestry and Fishing.",2017-18:1-1:2,data_2017-18/81670do001_201718.xls,Table_1,D30,56.6
web,Basic connectivity,2017-18,2017–18,Industry,Arts and Recreation Services,All businesses,74.8,published,,%,D,2017-18,"All businesses in the selected category and population. Coverage includes Agriculture, Forestry and Fishing.",2017-18:1-1:2,data_2017-18/81670do001_201718.xls,Table_1,D31,74.8
web,Basic connectivity,2017-18,2017–18,Industry,Other Services,All businesses,58.0,published,,%,D,2017-18,"All businesses in the selected category and population. Coverage includes Agriculture, Forestry and Fishing.",2017-18:1-1:2,data_2017-18/81670do001_201718.xls,Table_1,D32,58.0
social,Basic connectivity,2017-18,2017–18,Overall,Total,All businesses,45.2,published,,%,D,2017-18,"All businesses in the selected category and population. Coverage includes Agriculture, Forestry and Fishing.",2017-18:1-1:3,data_2017-18/81670do001_201718.xls,Table_1,E9,45.2
social,Basic connectivity,2017-18,2017–18,Employment size,0–4 persons,All businesses,35.4,published,,%,D,2017-18,"All businesses in the selected category and population. Coverage includes Agriculture, Forestry and Fishing.",2017-18:1-1:3,data_2017-18/81670do001_201718.xls,Table_1,E11,35.4
social,Basic connectivity,2017-18,2017–18,Employment size,5–19 persons,All businesses,59.1,published,,%,D,2017-18,"All businesses in the selected category and population. Coverage includes Agriculture, Forestry and Fishing.",2017-18:1-1:3,data_2017-18/81670do001_201718.xls,Table_1,E12,59.1
social,Basic connectivity,2017-18,2017–18,Employment size,20–199 persons,All businesses,68.4,published,,%,D,2017-18,"All businesses in the selected category and population. Coverage includes Agriculture, Forestry and Fishing.",2017-18:1-1:3,data_2017-18/81670do001_201718.xls,Table_1,E13,68.4
social,Basic connectivity,2017-18,2017–18,Employment size,200 or more persons,All businesses,85.7,published,,%,D,2017-18,"All businesses in the selected category and population. Coverage includes Agriculture, Forestry and Fishing.",2017-18:1-1:3,data_2017-18/81670do001_201718.xls,Table_1,E14,85.7
social,Basic connectivity,2017-18,2017–18,Industry,"Agriculture, Forestry and Fishing",All businesses,17.0,published,,%,D,2017-18,"All businesses in the selected category and population. Coverage includes Agriculture, Forestry and Fishing.",2017-18:1-1:3,data_2017-18/81670do001_201718.xls,Table_1,E16,17.0
social,Basic connectivity,2017-18,2017–18,Industry,Mining,All businesses,36.2,published,,%,D,2017-18,"All businesses in the selected category and population. Coverage includes Agriculture, Forestry and Fishing.",2017-18:1-1:3,data_2017-18/81670do001_201718.xls,Table_1,E17,36.2
social,Basic connectivity,2017-18,2017–18,Industry,Manufacturing,All businesses,50.1,published,,%,D,2017-18,"All businesses in the selected category and population. Coverage includes Agriculture, Forestry and Fishing.",2017-18:1-1:3,data_2017-18/81670do001_201718.xls,Table_1,E18,50.1
social,Basic connectivity,2017-18,2017–18,Industry,"Electricity, Gas, Water and Waste Services",All businesses,34.0,published,,%,D,2017-18,"All businesses in the selected category and population. Coverage includes Agriculture, Forestry and Fishing.",2017-18:1-1:3,data_2017-18/81670do001_201718.xls,Table_1,E19,34.0
social,Basic connectivity,2017-18,2017–18,Industry,Construction,All businesses,34.7,published,,%,D,2017-18,"All businesses in the selected category and population. Coverage includes Agriculture, Forestry and Fishing.",2017-18:1-1:3,data_2017-18/81670do001_201718.xls,Table_1,E20,34.7
social,Basic connectivity,2017-18,2017–18,Industry,Wholesale Trade,All businesses,46.5,published,,%,D,2017-18,"All businesses in the selected category and population. Coverage includes Agriculture, Forestry and Fishing.",2017-18:1-1:3,data_2017-18/81670do001_201718.xls,Table_1,E21,46.5
social,Basic connectivity,2017-18,2017–18,Industry,Retail Trade,All businesses,60.5,published,,%,D,2017-18,"All businesses in the selected category and population. Coverage includes Agriculture, Forestry and Fishing.",2017-18:1-1:3,data_2017-18/81670do001_201718.xls,Table_1,E22,60.5
social,Basic connectivity,2017-18,2017–18,Industry,Accommodation and Food Services,All businesses,67.4,published,,%,D,2017-18,"All businesses in the selected category and population. Coverage includes Agriculture, Forestry and Fishing.",2017-18:1-1:3,data_2017-18/81670do001_201718.xls,Table_1,E23,67.4
social,Basic connectivity,2017-18,2017–18,Industry,"Transport, Postal and Warehousing",All businesses,23.5,published,,%,D,2017-18,"All businesses in the selected category and population. Coverage includes Agriculture, Forestry and Fishing.",2017-18:1-1:3,data_2017-18/81670do001_201718.xls,Table_1,E24,23.5
social,Basic connectivity,2017-18,2017–18,Industry,Information Media and Telecommunications,All businesses,69.9,published,,%,D,2017-18,"All businesses in the selected category and population. Coverage includes Agriculture, Forestry and Fishing.",2017-18:1-1:3,data_2017-18/81670do001_201718.xls,Table_1,E25,69.9
social,Basic connectivity,2017-18,2017–18,Industry,Financial and Insurance Services,All businesses,47.4,published,,%,D,2017-18,"All businesses in the selected category and population. Coverage includes Agriculture, Forestry and Fishing.",2017-18:1-1:3,data_2017-18/81670do001_201718.xls,Table_1,E26,47.4
social,Basic connectivity,2017-18,2017–18,Industry,"Rental, Hiring and Real Estate Services",All businesses,52.4,published,,%,D,2017-18,"All businesses in the selected category and population. Coverage includes Agriculture, Forestry and Fishing.",2017-18:1-1:3,data_2017-18/81670do001_201718.xls,Table_1,E27,52.4
social,Basic connectivity,2017-18,2017–18,Industry,"Professional, Scientific and Technical Services",All businesses,43.8,published,,%,D,2017-18,"All businesses in the selected category and population. Coverage includes Agriculture, Forestry and Fishing.",2017-18:1-1:3,data_2017-18/81670do001_201718.xls,Table_1,E28,43.8
social,Basic connectivity,2017-18,2017–18,Industry,Administrative and Support Services,All businesses,42.0,published,,%,D,2017-18,"All businesses in the selected category and population. Coverage includes Agriculture, Forestry and Fishing.",2017-18:1-1:3,data_2017-18/81670do001_201718.xls,Table_1,E29,42.0
social,Basic connectivity,2017-18,2017–18,Industry,Health Care and Social Assistance,All businesses,41.9,published,,%,D,2017-18,"All businesses in the selected category and population. Coverage includes Agriculture, Forestry and Fishing.",2017-18:1-1:3,data_2017-18/81670do001_201718.xls,Table_1,E30,41.9
social,Basic connectivity,2017-18,2017–18,Industry,Arts and Recreation Services,All businesses,74.8,published,,%,D,2017-18,"All businesses in the selected category and population. Coverage includes Agriculture, Forestry and Fishing.",2017-18:1-1:3,data_2017-18/81670do001_201718.xls,Table_1,E31,74.8
social,Basic connectivity,2017-18,2017–18,Industry,Other Services,All businesses,59.9,published,,%,D,2017-18,"All businesses in the selected category and population. Coverage includes Agriculture, Forestry and Fishing.",2017-18:1-1:3,data_2017-18/81670do001_201718.xls,Table_1,E32,59.9
placed,Digital transactions,2017-18,2017–18,Overall,Total,All businesses,62.2,published,,%,D,2017-18,"All businesses in the selected category and population. Coverage includes Agriculture, Forestry and Fishing.",2017-18:1-1:4,data_2017-18/81670do001_201718.xls,Table_1,F9,62.2
placed,Digital transactions,2017-18,2017–18,Employment size,0–4 persons,All businesses,55.5,published,,%,D,2017-18,"All businesses in the selected category and population. Coverage includes Agriculture, Forestry and Fishing.",2017-18:1-1:4,data_2017-18/81670do001_201718.xls,Table_1,F11,55.5
placed,Digital transactions,2017-18,2017–18,Employment size,5–19 persons,All businesses,71.9,published,,%,D,2017-18,"All businesses in the selected category and population. Coverage includes Agriculture, Forestry and Fishing.",2017-18:1-1:4,data_2017-18/81670do001_201718.xls,Table_1,F12,71.9
placed,Digital transactions,2017-18,2017–18,Employment size,20–199 persons,All businesses,77.6,published,,%,D,2017-18,"All businesses in the selected category and population. Coverage includes Agriculture, Forestry and Fishing.",2017-18:1-1:4,data_2017-18/81670do001_201718.xls,Table_1,F13,77.6
placed,Digital transactions,2017-18,2017–18,Employment size,200 or more persons,All businesses,86.1,published,,%,D,2017-18,"All businesses in the selected category and population. Coverage includes Agriculture, Forestry and Fishing.",2017-18:1-1:4,data_2017-18/81670do001_201718.xls,Table_1,F14,86.1
placed,Digital transactions,2017-18,2017–18,Industry,"Agriculture, Forestry and Fishing",All businesses,50.1,published,,%,D,2017-18,"All businesses in the selected category and population. Coverage includes Agriculture, Forestry and Fishing.",2017-18:1-1:4,data_2017-18/81670do001_201718.xls,Table_1,F16,50.1
placed,Digital transactions,2017-18,2017–18,Industry,Mining,All businesses,64.6,published,,%,D,2017-18,"All businesses in the selected category and population. Coverage includes Agriculture, Forestry and Fishing.",2017-18:1-1:4,data_2017-18/81670do001_201718.xls,Table_1,F17,64.6
placed,Digital transactions,2017-18,2017–18,Industry,Manufacturing,All businesses,74.5,published,,%,D,2017-18,"All businesses in the selected category and population. Coverage includes Agriculture, Forestry and Fishing.",2017-18:1-1:4,data_2017-18/81670do001_201718.xls,Table_1,F18,74.5
placed,Digital transactions,2017-18,2017–18,Industry,"Electricity, Gas, Water and Waste Services",All businesses,46.9,published,,%,D,2017-18,"All businesses in the selected category and population. Coverage includes Agriculture, Forestry and Fishing.",2017-18:1-1:4,data_2017-18/81670do001_201718.xls,Table_1,F19,46.9
placed,Digital transactions,2017-18,2017–18,Industry,Construction,All businesses,58.0,published,,%,D,2017-18,"All businesses in the selected category and population. Coverage includes Agriculture, Forestry and Fishing.",2017-18:1-1:4,data_2017-18/81670do001_201718.xls,Table_1,F20,58.0
placed,Digital transactions,2017-18,2017–18,Industry,Wholesale Trade,All businesses,75.1,published,,%,D,2017-18,"All businesses in the selected category and population. Coverage includes Agriculture, Forestry and Fishing.",2017-18:1-1:4,data_2017-18/81670do001_201718.xls,Table_1,F21,75.1
placed,Digital transactions,2017-18,2017–18,Industry,Retail Trade,All businesses,71.2,published,,%,D,2017-18,"All businesses in the selected category and population. Coverage includes Agriculture, Forestry and Fishing.",2017-18:1-1:4,data_2017-18/81670do001_201718.xls,Table_1,F22,71.2
placed,Digital transactions,2017-18,2017–18,Industry,Accommodation and Food Services,All businesses,53.7,published,,%,D,2017-18,"All businesses in the selected category and population. Coverage includes Agriculture, Forestry and Fishing.",2017-18:1-1:4,data_2017-18/81670do001_201718.xls,Table_1,F23,53.7
placed,Digital transactions,2017-18,2017–18,Industry,"Transport, Postal and Warehousing",All businesses,46.4,published,,%,D,2017-18,"All businesses in the selected category and population. Coverage includes Agriculture, Forestry and Fishing.",2017-18:1-1:4,data_2017-18/81670do001_201718.xls,Table_1,F24,46.4
placed,Digital transactions,2017-18,2017–18,Industry,Information Media and Telecommunications,All businesses,75.5,published,,%,D,2017-18,"All businesses in the selected category and population. Coverage includes Agriculture, Forestry and Fishing.",2017-18:1-1:4,data_2017-18/81670do001_201718.xls,Table_1,F25,75.5
placed,Digital transactions,2017-18,2017–18,Industry,Financial and Insurance Services,All businesses,60.4,published,,%,D,2017-18,"All businesses in the selected category and population. Coverage includes Agriculture, Forestry and Fishing.",2017-18:1-1:4,data_2017-18/81670do001_201718.xls,Table_1,F26,60.4
placed,Digital transactions,2017-18,2017–18,Industry,"Rental, Hiring and Real Estate Services",All businesses,58.6,published,,%,D,2017-18,"All businesses in the selected category and population. Coverage includes Agriculture, Forestry and Fishing.",2017-18:1-1:4,data_2017-18/81670do001_201718.xls,Table_1,F27,58.6
placed,Digital transactions,2017-18,2017–18,Industry,"Professional, Scientific and Technical Services",All businesses,68.0,published,,%,D,2017-18,"All businesses in the selected category and population. Coverage includes Agriculture, Forestry and Fishing.",2017-18:1-1:4,data_2017-18/81670do001_201718.xls,Table_1,F28,68.0
placed,Digital transactions,2017-18,2017–18,Industry,Administrative and Support Services,All businesses,55.6,published,,%,D,2017-18,"All businesses in the selected category and population. Coverage includes Agriculture, Forestry and Fishing.",2017-18:1-1:4,data_2017-18/81670do001_201718.xls,Table_1,F29,55.6
placed,Digital transactions,2017-18,2017–18,Industry,Health Care and Social Assistance,All businesses,63.4,published,,%,D,2017-18,"All businesses in the selected category and population. Coverage includes Agriculture, Forestry and Fishing.",2017-18:1-1:4,data_2017-18/81670do001_201718.xls,Table_1,F30,63.4
placed,Digital transactions,2017-18,2017–18,Industry,Arts and Recreation Services,All businesses,69.9,published,,%,D,2017-18,"All businesses in the selected category and population. Coverage includes Agriculture, Forestry and Fishing.",2017-18:1-1:4,data_2017-18/81670do001_201718.xls,Table_1,F31,69.9
placed,Digital transactions,2017-18,2017–18,Industry,Other Services,All businesses,64.4,published,,%,D,2017-18,"All businesses in the selected category and population. Coverage includes Agriculture, Forestry and Fishing.",2017-18:1-1:4,data_2017-18/81670do001_201718.xls,Table_1,F32,64.4
received,Digital transactions,2017-18,2017–18,Overall,Total,All businesses,41.2,published,,%,D,2017-18,"All businesses in the selected category and population. Coverage includes Agriculture, Forestry and Fishing.",2017-18:1-1:5,data_2017-18/81670do001_201718.xls,Table_1,G9,41.2
received,Digital transactions,2017-18,2017–18,Employment size,0–4 persons,All businesses,36.5,published,,%,D,2017-18,"All businesses in the selected category and population. Coverage includes Agriculture, Forestry and Fishing.",2017-18:1-1:5,data_2017-18/81670do001_201718.xls,Table_1,G11,36.5
received,Digital transactions,2017-18,2017–18,Employment size,5–19 persons,All businesses,48.5,published,,%,D,2017-18,"All businesses in the selected category and population. Coverage includes Agriculture, Forestry and Fishing.",2017-18:1-1:5,data_2017-18/81670do001_201718.xls,Table_1,G12,48.5
received,Digital transactions,2017-18,2017–18,Employment size,20–199 persons,All businesses,49.5,published,,%,D,2017-18,"All businesses in the selected category and population. Coverage includes Agriculture, Forestry and Fishing.",2017-18:1-1:5,data_2017-18/81670do001_201718.xls,Table_1,G13,49.5
received,Digital transactions,2017-18,2017–18,Employment size,200 or more persons,All businesses,64.5,published,,%,D,2017-18,"All businesses in the selected category and population. Coverage includes Agriculture, Forestry and Fishing.",2017-18:1-1:5,data_2017-18/81670do001_201718.xls,Table_1,G14,64.5
received,Digital transactions,2017-18,2017–18,Industry,"Agriculture, Forestry and Fishing",All businesses,24.8,published,,%,D,2017-18,"All businesses in the selected category and population. Coverage includes Agriculture, Forestry and Fishing.",2017-18:1-1:5,data_2017-18/81670do001_201718.xls,Table_1,G16,24.8
received,Digital transactions,2017-18,2017–18,Industry,Mining,All businesses,34.2,published,,%,D,2017-18,"All businesses in the selected category and population. Coverage includes Agriculture, Forestry and Fishing.",2017-18:1-1:5,data_2017-18/81670do001_201718.xls,Table_1,G17,34.2
received,Digital transactions,2017-18,2017–18,Industry,Manufacturing,All businesses,65.4,published,,%,D,2017-18,"All businesses in the selected category and population. Coverage includes Agriculture, Forestry and Fishing.",2017-18:1-1:5,data_2017-18/81670do001_201718.xls,Table_1,G18,65.4
received,Digital transactions,2017-18,2017–18,Industry,"Electricity, Gas, Water and Waste Services",All businesses,39.2,published,,%,D,2017-18,"All businesses in the selected category and population. Coverage includes Agriculture, Forestry and Fishing.",2017-18:1-1:5,data_2017-18/81670do001_201718.xls,Table_1,G19,39.2
received,Digital transactions,2017-18,2017–18,Industry,Construction,All businesses,40.0,published,,%,D,2017-18,"All businesses in the selected category and population. Coverage includes Agriculture, Forestry and Fishing.",2017-18:1-1:5,data_2017-18/81670do001_201718.xls,Table_1,G20,40.0
received,Digital transactions,2017-18,2017–18,Industry,Wholesale Trade,All businesses,64.3,published,,%,D,2017-18,"All businesses in the selected category and population. Coverage includes Agriculture, Forestry and Fishing.",2017-18:1-1:5,data_2017-18/81670do001_201718.xls,Table_1,G21,64.3
received,Digital transactions,2017-18,2017–18,Industry,Retail Trade,All businesses,54.5,published,,%,D,2017-18,"All businesses in the selected category and population. Coverage includes Agriculture, Forestry and Fishing.",2017-18:1-1:5,data_2017-18/81670do001_201718.xls,Table_1,G22,54.5
received,Digital transactions,2017-18,2017–18,Industry,Accommodation and Food Services,All businesses,40.1,published,,%,D,2017-18,"All businesses in the selected category and population. Coverage includes Agriculture, Forestry and Fishing.",2017-18:1-1:5,data_2017-18/81670do001_201718.xls,Table_1,G23,40.1
received,Digital transactions,2017-18,2017–18,Industry,"Transport, Postal and Warehousing",All businesses,32.4,published,,%,D,2017-18,"All businesses in the selected category and population. Coverage includes Agriculture, Forestry and Fishing.",2017-18:1-1:5,data_2017-18/81670do001_201718.xls,Table_1,G24,32.4
received,Digital transactions,2017-18,2017–18,Industry,Information Media and Telecommunications,All businesses,57.4,published,,%,D,2017-18,"All businesses in the selected category and population. Coverage includes Agriculture, Forestry and Fishing.",2017-18:1-1:5,data_2017-18/81670do001_201718.xls,Table_1,G25,57.4
received,Digital transactions,2017-18,2017–18,Industry,Financial and Insurance Services,All businesses,29.3,published,,%,D,2017-18,"All businesses in the selected category and population. Coverage includes Agriculture, Forestry and Fishing.",2017-18:1-1:5,data_2017-18/81670do001_201718.xls,Table_1,G26,29.3
received,Digital transactions,2017-18,2017–18,Industry,"Rental, Hiring and Real Estate Services",All businesses,28.1,published,,%,D,2017-18,"All businesses in the selected category and population. Coverage includes Agriculture, Forestry and Fishing.",2017-18:1-1:5,data_2017-18/81670do001_201718.xls,Table_1,G27,28.1
received,Digital transactions,2017-18,2017–18,Industry,"Professional, Scientific and Technical Services",All businesses,38.5,published,,%,D,2017-18,"All businesses in the selected category and population. Coverage includes Agriculture, Forestry and Fishing.",2017-18:1-1:5,data_2017-18/81670do001_201718.xls,Table_1,G28,38.5
received,Digital transactions,2017-18,2017–18,Industry,Administrative and Support Services,All businesses,37.2,published,,%,D,2017-18,"All businesses in the selected category and population. Coverage includes Agriculture, Forestry and Fishing.",2017-18:1-1:5,data_2017-18/81670do001_201718.xls,Table_1,G29,37.2
received,Digital transactions,2017-18,2017–18,Industry,Health Care and Social Assistance,All businesses,28.4,published,,%,D,2017-18,"All businesses in the selected category and population. Coverage includes Agriculture, Forestry and Fishing.",2017-18:1-1:5,data_2017-18/81670do001_201718.xls,Table_1,G30,28.4
received,Digital transactions,2017-18,2017–18,Industry,Arts and Recreation Services,All businesses,55.7,published,,%,D,2017-18,"All businesses in the selected category and population. Coverage includes Agriculture, Forestry and Fishing.",2017-18:1-1:5,data_2017-18/81670do001_201718.xls,Table_1,G31,55.7
received,Digital transactions,2017-18,2017–18,Industry,Other Services,All businesses,44.1,published,,%,D,2017-18,"All businesses in the selected category and population. Coverage includes Agriculture, Forestry and Fishing.",2017-18:1-1:5,data_2017-18/81670do001_201718.xls,Table_1,G32,44.1
internet,Basic connectivity,2018-19,2018–19,Overall,Total,All businesses,97.0,published,,%,D,2018-19,"Businesses in the selected category and population. Coverage includes Agriculture, Forestry and Fishing.",2018-19:9-1:0,data_2018-19/81670do009_201819.xls,Table_1,B9,97.0
internet,Basic connectivity,2018-19,2018–19,Employment size,0–4 persons,All businesses,96.2,published,,%,D,2018-19,"Businesses in the selected category and population. Coverage includes Agriculture, Forestry and Fishing.",2018-19:9-1:0,data_2018-19/81670do009_201819.xls,Table_1,B11,96.2
internet,Basic connectivity,2018-19,2018–19,Employment size,5–19 persons,All businesses,97.6,published,,%,D,2018-19,"Businesses in the selected category and population. Coverage includes Agriculture, Forestry and Fishing.",2018-19:9-1:0,data_2018-19/81670do009_201819.xls,Table_1,B12,97.6
internet,Basic connectivity,2018-19,2018–19,Employment size,20–199 persons,All businesses,99.8,published,,%,D,2018-19,"Businesses in the selected category and population. Coverage includes Agriculture, Forestry and Fishing.",2018-19:9-1:0,data_2018-19/81670do009_201819.xls,Table_1,B14,99.8
internet,Basic connectivity,2018-19,2018–19,Employment size,200 or more persons,All businesses,99.9,published,,%,D,2018-19,"Businesses in the selected category and population. Coverage includes Agriculture, Forestry and Fishing.",2018-19:9-1:0,data_2018-19/81670do009_201819.xls,Table_1,B15,99.9
internet,Basic connectivity,2018-19,2018–19,Industry,"Agriculture, Forestry and Fishing",All businesses,96.3,published,,%,D,2018-19,"Businesses in the selected category and population. Coverage includes Agriculture, Forestry and Fishing.",2018-19:9-1:0,data_2018-19/81670do009_201819.xls,Table_1,B17,96.3
internet,Basic connectivity,2018-19,2018–19,Industry,Mining,All businesses,98.5,published,,%,D,2018-19,"Businesses in the selected category and population. Coverage includes Agriculture, Forestry and Fishing.",2018-19:9-1:0,data_2018-19/81670do009_201819.xls,Table_1,B18,98.5
internet,Basic connectivity,2018-19,2018–19,Industry,Manufacturing,All businesses,96.7,published,,%,D,2018-19,"Businesses in the selected category and population. Coverage includes Agriculture, Forestry and Fishing.",2018-19:9-1:0,data_2018-19/81670do009_201819.xls,Table_1,B19,96.7
internet,Basic connectivity,2018-19,2018–19,Industry,"Electricity, Gas, Water and Waste Services",All businesses,97.7,published,,%,D,2018-19,"Businesses in the selected category and population. Coverage includes Agriculture, Forestry and Fishing.",2018-19:9-1:0,data_2018-19/81670do009_201819.xls,Table_1,B20,97.7
internet,Basic connectivity,2018-19,2018–19,Industry,Construction,All businesses,97.4,published,,%,D,2018-19,"Businesses in the selected category and population. Coverage includes Agriculture, Forestry and Fishing.",2018-19:9-1:0,data_2018-19/81670do009_201819.xls,Table_1,B21,97.4
internet,Basic connectivity,2018-19,2018–19,Industry,Wholesale Trade,All businesses,98.6,published,,%,D,2018-19,"Businesses in the selected category and population. Coverage includes Agriculture, Forestry and Fishing.",2018-19:9-1:0,data_2018-19/81670do009_201819.xls,Table_1,B22,98.6
internet,Basic connectivity,2018-19,2018–19,Industry,Retail Trade,All businesses,95.3,published,,%,D,2018-19,"Businesses in the selected category and population. Coverage includes Agriculture, Forestry and Fishing.",2018-19:9-1:0,data_2018-19/81670do009_201819.xls,Table_1,B23,95.3
internet,Basic connectivity,2018-19,2018–19,Industry,Accommodation and Food Services,All businesses,91.5,published,,%,D,2018-19,"Businesses in the selected category and population. Coverage includes Agriculture, Forestry and Fishing.",2018-19:9-1:0,data_2018-19/81670do009_201819.xls,Table_1,B24,91.5
internet,Basic connectivity,2018-19,2018–19,Industry,"Transport, Postal and Warehousing",All businesses,95.7,published,,%,D,2018-19,"Businesses in the selected category and population. Coverage includes Agriculture, Forestry and Fishing.",2018-19:9-1:0,data_2018-19/81670do009_201819.xls,Table_1,B25,95.7
internet,Basic connectivity,2018-19,2018–19,Industry,Information Media and Telecommunications,All businesses,98.6,published,,%,D,2018-19,"Businesses in the selected category and population. Coverage includes Agriculture, Forestry and Fishing.",2018-19:9-1:0,data_2018-19/81670do009_201819.xls,Table_1,B26,98.6
internet,Basic connectivity,2018-19,2018–19,Industry,Financial and Insurance Services,All businesses,100.0,published,,%,D,2018-19,"Businesses in the selected category and population. Coverage includes Agriculture, Forestry and Fishing.",2018-19:9-1:0,data_2018-19/81670do009_201819.xls,Table_1,B27,100.0
internet,Basic connectivity,2018-19,2018–19,Industry,"Rental, Hiring and Real Estate Services",All businesses,93.6,published,,%,D,2018-19,"Businesses in the selected category and population. Coverage includes Agriculture, Forestry and Fishing.",2018-19:9-1:0,data_2018-19/81670do009_201819.xls,Table_1,B28,93.6
internet,Basic connectivity,2018-19,2018–19,Industry,"Professional, Scientific and Technical Services",All businesses,99.5,published,,%,D,2018-19,"Businesses in the selected category and population. Coverage includes Agriculture, Forestry and Fishing.",2018-19:9-1:0,data_2018-19/81670do009_201819.xls,Table_1,B29,99.5
internet,Basic connectivity,2018-19,2018–19,Industry,Administrative and Support Services,All businesses,97.3,published,,%,D,2018-19,"Businesses in the selected category and population. Coverage includes Agriculture, Forestry and Fishing.",2018-19:9-1:0,data_2018-19/81670do009_201819.xls,Table_1,B30,97.3
internet,Basic connectivity,2018-19,2018–19,Industry,Health Care and Social Assistance,All businesses,98.9,published,,%,D,2018-19,"Businesses in the selected category and population. Coverage includes Agriculture, Forestry and Fishing.",2018-19:9-1:0,data_2018-19/81670do009_201819.xls,Table_1,B31,98.9
internet,Basic connectivity,2018-19,2018–19,Industry,Arts and Recreation Services,All businesses,96.9,published,,%,D,2018-19,"Businesses in the selected category and population. Coverage includes Agriculture, Forestry and Fishing.",2018-19:9-1:0,data_2018-19/81670do009_201819.xls,Table_1,B32,96.9
internet,Basic connectivity,2018-19,2018–19,Industry,Other Services,All businesses,97.0,published,,%,D,2018-19,"Businesses in the selected category and population. Coverage includes Agriculture, Forestry and Fishing.",2018-19:9-1:0,data_2018-19/81670do009_201819.xls,Table_1,B33,97.0
web,Basic connectivity,2018-19,2018–19,Overall,Total,All businesses,54.5,published,,%,D,2018-19,"Businesses in the selected category and population. Coverage includes Agriculture, Forestry and Fishing.",2018-19:9-1:1,data_2018-19/81670do009_201819.xls,Table_1,C9,54.5
web,Basic connectivity,2018-19,2018–19,Employment size,0–4 persons,All businesses,44.1,published,,%,D,2018-19,"Businesses in the selected category and population. Coverage includes Agriculture, Forestry and Fishing.",2018-19:9-1:1,data_2018-19/81670do009_201819.xls,Table_1,C11,44.1
web,Basic connectivity,2018-19,2018–19,Employment size,5–19 persons,All businesses,66.4,published,,%,D,2018-19,"Businesses in the selected category and population. Coverage includes Agriculture, Forestry and Fishing.",2018-19:9-1:1,data_2018-19/81670do009_201819.xls,Table_1,C12,66.4
web,Basic connectivity,2018-19,2018–19,Employment size,20–199 persons,All businesses,84.7,published,,%,D,2018-19,"Businesses in the selected category and population. Coverage includes Agriculture, Forestry and Fishing.",2018-19:9-1:1,data_2018-19/81670do009_201819.xls,Table_1,C14,84.7
web,Basic connectivity,2018-19,2018–19,Employment size,200 or more persons,All businesses,96.1,published,,%,D,2018-19,"Businesses in the selected category and population. Coverage includes Agriculture, Forestry and Fishing.",2018-19:9-1:1,data_2018-19/81670do009_201819.xls,Table_1,C15,96.1
web,Basic connectivity,2018-19,2018–19,Industry,"Agriculture, Forestry and Fishing",All businesses,17.5,published,,%,D,2018-19,"Businesses in the selected category and population. Coverage includes Agriculture, Forestry and Fishing.",2018-19:9-1:1,data_2018-19/81670do009_201819.xls,Table_1,C17,17.5
web,Basic connectivity,2018-19,2018–19,Industry,Mining,All businesses,65.4,published,,%,D,2018-19,"Businesses in the selected category and population. Coverage includes Agriculture, Forestry and Fishing.",2018-19:9-1:1,data_2018-19/81670do009_201819.xls,Table_1,C18,65.4
web,Basic connectivity,2018-19,2018–19,Industry,Manufacturing,All businesses,70.9,published,,%,D,2018-19,"Businesses in the selected category and population. Coverage includes Agriculture, Forestry and Fishing.",2018-19:9-1:1,data_2018-19/81670do009_201819.xls,Table_1,C19,70.9
web,Basic connectivity,2018-19,2018–19,Industry,"Electricity, Gas, Water and Waste Services",All businesses,65.3,published,,%,D,2018-19,"Businesses in the selected category and population. Coverage includes Agriculture, Forestry and Fishing.",2018-19:9-1:1,data_2018-19/81670do009_201819.xls,Table_1,C20,65.3
web,Basic connectivity,2018-19,2018–19,Industry,Construction,All businesses,40.0,published,,%,D,2018-19,"Businesses in the selected category and population. Coverage includes Agriculture, Forestry and Fishing.",2018-19:9-1:1,data_2018-19/81670do009_201819.xls,Table_1,C21,40.0
web,Basic connectivity,2018-19,2018–19,Industry,Wholesale Trade,All businesses,72.1,published,,%,D,2018-19,"Businesses in the selected category and population. Coverage includes Agriculture, Forestry and Fishing.",2018-19:9-1:1,data_2018-19/81670do009_201819.xls,Table_1,C22,72.1
web,Basic connectivity,2018-19,2018–19,Industry,Retail Trade,All businesses,63.8,published,,%,D,2018-19,"Businesses in the selected category and population. Coverage includes Agriculture, Forestry and Fishing.",2018-19:9-1:1,data_2018-19/81670do009_201819.xls,Table_1,C23,63.8
web,Basic connectivity,2018-19,2018–19,Industry,Accommodation and Food Services,All businesses,52.8,published,,%,D,2018-19,"Businesses in the selected category and population. Coverage includes Agriculture, Forestry and Fishing.",2018-19:9-1:1,data_2018-19/81670do009_201819.xls,Table_1,C24,52.8
web,Basic connectivity,2018-19,2018–19,Industry,"Transport, Postal and Warehousing",All businesses,32.6,published,,%,D,2018-19,"Businesses in the selected category and population. Coverage includes Agriculture, Forestry and Fishing.",2018-19:9-1:1,data_2018-19/81670do009_201819.xls,Table_1,C25,32.6
web,Basic connectivity,2018-19,2018–19,Industry,Information Media and Telecommunications,All businesses,76.3,published,,%,D,2018-19,"Businesses in the selected category and population. Coverage includes Agriculture, Forestry and Fishing.",2018-19:9-1:1,data_2018-19/81670do009_201819.xls,Table_1,C26,76.3
web,Basic connectivity,2018-19,2018–19,Industry,Financial and Insurance Services,All businesses,71.5,published,,%,D,2018-19,"Businesses in the selected category and population. Coverage includes Agriculture, Forestry and Fishing.",2018-19:9-1:1,data_2018-19/81670do009_201819.xls,Table_1,C27,71.5
web,Basic connectivity,2018-19,2018–19,Industry,"Rental, Hiring and Real Estate Services",All businesses,59.3,published,,%,D,2018-19,"Businesses in the selected category and population. Coverage includes Agriculture, Forestry and Fishing.",2018-19:9-1:1,data_2018-19/81670do009_201819.xls,Table_1,C28,59.3
web,Basic connectivity,2018-19,2018–19,Industry,"Professional, Scientific and Technical Services",All businesses,65.2,published,,%,D,2018-19,"Businesses in the selected category and population. Coverage includes Agriculture, Forestry and Fishing.",2018-19:9-1:1,data_2018-19/81670do009_201819.xls,Table_1,C29,65.2
web,Basic connectivity,2018-19,2018–19,Industry,Administrative and Support Services,All businesses,55.7,published,,%,D,2018-19,"Businesses in the selected category and population. Coverage includes Agriculture, Forestry and Fishing.",2018-19:9-1:1,data_2018-19/81670do009_201819.xls,Table_1,C30,55.7
web,Basic connectivity,2018-19,2018–19,Industry,Health Care and Social Assistance,All businesses,59.5,published,,%,D,2018-19,"Businesses in the selected category and population. Coverage includes Agriculture, Forestry and Fishing.",2018-19:9-1:1,data_2018-19/81670do009_201819.xls,Table_1,C31,59.5
web,Basic connectivity,2018-19,2018–19,Industry,Arts and Recreation Services,All businesses,77.9,published,,%,D,2018-19,"Businesses in the selected category and population. Coverage includes Agriculture, Forestry and Fishing.",2018-19:9-1:1,data_2018-19/81670do009_201819.xls,Table_1,C32,77.9
web,Basic connectivity,2018-19,2018–19,Industry,Other Services,All businesses,55.7,published,,%,D,2018-19,"Businesses in the selected category and population. Coverage includes Agriculture, Forestry and Fishing.",2018-19:9-1:1,data_2018-19/81670do009_201819.xls,Table_1,C33,55.7
social,Basic connectivity,2018-19,2018–19,Overall,Total,All businesses,47.8,published,,%,D,2018-19,"Businesses in the selected category and population. Coverage includes Agriculture, Forestry and Fishing.",2018-19:9-1:2,data_2018-19/81670do009_201819.xls,Table_1,D9,47.8
social,Basic connectivity,2018-19,2018–19,Employment size,0–4 persons,All businesses,38.4,published,,%,D,2018-19,"Businesses in the selected category and population. Coverage includes Agriculture, Forestry and Fishing.",2018-19:9-1:2,data_2018-19/81670do009_201819.xls,Table_1,D11,38.4
social,Basic connectivity,2018-19,2018–19,Employment size,5–19 persons,All businesses,58.9,published,,%,D,2018-19,"Businesses in the selected category and population. Coverage includes Agriculture, Forestry and Fishing.",2018-19:9-1:2,data_2018-19/81670do009_201819.xls,Table_1,D12,58.9
social,Basic connectivity,2018-19,2018–19,Employment size,20–199 persons,All businesses,73.8,published,,%,D,2018-19,"Businesses in the selected category and population. Coverage includes Agriculture, Forestry and Fishing.",2018-19:9-1:2,data_2018-19/81670do009_201819.xls,Table_1,D14,73.8
social,Basic connectivity,2018-19,2018–19,Employment size,200 or more persons,All businesses,87.0,published,,%,D,2018-19,"Businesses in the selected category and population. Coverage includes Agriculture, Forestry and Fishing.",2018-19:9-1:2,data_2018-19/81670do009_201819.xls,Table_1,D15,87.0
social,Basic connectivity,2018-19,2018–19,Industry,"Agriculture, Forestry and Fishing",All businesses,15.3,published,,%,D,2018-19,"Businesses in the selected category and population. Coverage includes Agriculture, Forestry and Fishing.",2018-19:9-1:2,data_2018-19/81670do009_201819.xls,Table_1,D17,15.3
social,Basic connectivity,2018-19,2018–19,Industry,Mining,All businesses,40.0,published,,%,D,2018-19,"Businesses in the selected category and population. Coverage includes Agriculture, Forestry and Fishing.",2018-19:9-1:2,data_2018-19/81670do009_201819.xls,Table_1,D18,40.0
social,Basic connectivity,2018-19,2018–19,Industry,Manufacturing,All businesses,54.7,published,,%,D,2018-19,"Businesses in the selected category and population. Coverage includes Agriculture, Forestry and Fishing.",2018-19:9-1:2,data_2018-19/81670do009_201819.xls,Table_1,D19,54.7
social,Basic connectivity,2018-19,2018–19,Industry,"Electricity, Gas, Water and Waste Services",All businesses,46.1,published,,%,D,2018-19,"Businesses in the selected category and population. Coverage includes Agriculture, Forestry and Fishing.",2018-19:9-1:2,data_2018-19/81670do009_201819.xls,Table_1,D20,46.1
social,Basic connectivity,2018-19,2018–19,Industry,Construction,All businesses,37.8,published,,%,D,2018-19,"Businesses in the selected category and population. Coverage includes Agriculture, Forestry and Fishing.",2018-19:9-1:2,data_2018-19/81670do009_201819.xls,Table_1,D21,37.8
social,Basic connectivity,2018-19,2018–19,Industry,Wholesale Trade,All businesses,47.5,published,,%,D,2018-19,"Businesses in the selected category and population. Coverage includes Agriculture, Forestry and Fishing.",2018-19:9-1:2,data_2018-19/81670do009_201819.xls,Table_1,D22,47.5
social,Basic connectivity,2018-19,2018–19,Industry,Retail Trade,All businesses,64.8,published,,%,D,2018-19,"Businesses in the selected category and population. Coverage includes Agriculture, Forestry and Fishing.",2018-19:9-1:2,data_2018-19/81670do009_201819.xls,Table_1,D23,64.8
social,Basic connectivity,2018-19,2018–19,Industry,Accommodation and Food Services,All businesses,63.7,published,,%,D,2018-19,"Businesses in the selected category and population. Coverage includes Agriculture, Forestry and Fishing.",2018-19:9-1:2,data_2018-19/81670do009_201819.xls,Table_1,D24,63.7
social,Basic connectivity,2018-19,2018–19,Industry,"Transport, Postal and Warehousing",All businesses,24.6,published,,%,D,2018-19,"Businesses in the selected category and population. Coverage includes Agriculture, Forestry and Fishing.",2018-19:9-1:2,data_2018-19/81670do009_201819.xls,Table_1,D25,24.6
social,Basic connectivity,2018-19,2018–19,Industry,Information Media and Telecommunications,All businesses,69.6,published,,%,D,2018-19,"Businesses in the selected category and population. Coverage includes Agriculture, Forestry and Fishing.",2018-19:9-1:2,data_2018-19/81670do009_201819.xls,Table_1,D26,69.6
social,Basic connectivity,2018-19,2018–19,Industry,Financial and Insurance Services,All businesses,56.7,published,,%,D,2018-19,"Businesses in the selected category and population. Coverage includes Agriculture, Forestry and Fishing.",2018-19:9-1:2,data_2018-19/81670do009_201819.xls,Table_1,D27,56.7
social,Basic connectivity,2018-19,2018–19,Industry,"Rental, Hiring and Real Estate Services",All businesses,52.9,published,,%,D,2018-19,"Businesses in the selected category and population. Coverage includes Agriculture, Forestry and Fishing.",2018-19:9-1:2,data_2018-19/81670do009_201819.xls,Table_1,D28,52.9
social,Basic connectivity,2018-19,2018–19,Industry,"Professional, Scientific and Technical Services",All businesses,49.2,published,,%,D,2018-19,"Businesses in the selected category and population. Coverage includes Agriculture, Forestry and Fishing.",2018-19:9-1:2,data_2018-19/81670do009_201819.xls,Table_1,D29,49.2
social,Basic connectivity,2018-19,2018–19,Industry,Administrative and Support Services,All businesses,45.5,published,,%,D,2018-19,"Businesses in the selected category and population. Coverage includes Agriculture, Forestry and Fishing.",2018-19:9-1:2,data_2018-19/81670do009_201819.xls,Table_1,D30,45.5
social,Basic connectivity,2018-19,2018–19,Industry,Health Care and Social Assistance,All businesses,43.7,published,,%,D,2018-19,"Businesses in the selected category and population. Coverage includes Agriculture, Forestry and Fishing.",2018-19:9-1:2,data_2018-19/81670do009_201819.xls,Table_1,D31,43.7
social,Basic connectivity,2018-19,2018–19,Industry,Arts and Recreation Services,All businesses,74.6,published,,%,D,2018-19,"Businesses in the selected category and population. Coverage includes Agriculture, Forestry and Fishing.",2018-19:9-1:2,data_2018-19/81670do009_201819.xls,Table_1,D32,74.6
social,Basic connectivity,2018-19,2018–19,Industry,Other Services,All businesses,62.3,published,,%,D,2018-19,"Businesses in the selected category and population. Coverage includes Agriculture, Forestry and Fishing.",2018-19:9-1:2,data_2018-19/81670do009_201819.xls,Table_1,D33,62.3
placed,Digital transactions,2018-19,2018–19,Overall,Total,All businesses,63.0,published,,%,D,2018-19,"Businesses in the selected category and population. Coverage includes Agriculture, Forestry and Fishing.",2018-19:9-1:3,data_2018-19/81670do009_201819.xls,Table_1,E9,63.0
placed,Digital transactions,2018-19,2018–19,Employment size,0–4 persons,All businesses,55.9,published,,%,D,2018-19,"Businesses in the selected category and population. Coverage includes Agriculture, Forestry and Fishing.",2018-19:9-1:3,data_2018-19/81670do009_201819.xls,Table_1,E11,55.9
placed,Digital transactions,2018-19,2018–19,Employment size,5–19 persons,All businesses,72.4,published,,%,D,2018-19,"Businesses in the selected category and population. Coverage includes Agriculture, Forestry and Fishing.",2018-19:9-1:3,data_2018-19/81670do009_201819.xls,Table_1,E12,72.4
placed,Digital transactions,2018-19,2018–19,Employment size,20–199 persons,All businesses,78.6,published,,%,D,2018-19,"Businesses in the selected category and population. Coverage includes Agriculture, Forestry and Fishing.",2018-19:9-1:3,data_2018-19/81670do009_201819.xls,Table_1,E14,78.6
placed,Digital transactions,2018-19,2018–19,Employment size,200 or more persons,All businesses,88.4,published,,%,D,2018-19,"Businesses in the selected category and population. Coverage includes Agriculture, Forestry and Fishing.",2018-19:9-1:3,data_2018-19/81670do009_201819.xls,Table_1,E15,88.4
placed,Digital transactions,2018-19,2018–19,Industry,"Agriculture, Forestry and Fishing",All businesses,53.3,published,,%,D,2018-19,"Businesses in the selected category and population. Coverage includes Agriculture, Forestry and Fishing.",2018-19:9-1:3,data_2018-19/81670do009_201819.xls,Table_1,E17,53.3
placed,Digital transactions,2018-19,2018–19,Industry,Mining,All businesses,62.5,published,,%,D,2018-19,"Businesses in the selected category and population. Coverage includes Agriculture, Forestry and Fishing.",2018-19:9-1:3,data_2018-19/81670do009_201819.xls,Table_1,E18,62.5
placed,Digital transactions,2018-19,2018–19,Industry,Manufacturing,All businesses,73.3,published,,%,D,2018-19,"Businesses in the selected category and population. Coverage includes Agriculture, Forestry and Fishing.",2018-19:9-1:3,data_2018-19/81670do009_201819.xls,Table_1,E19,73.3
placed,Digital transactions,2018-19,2018–19,Industry,"Electricity, Gas, Water and Waste Services",All businesses,54.4,published,,%,D,2018-19,"Businesses in the selected category and population. Coverage includes Agriculture, Forestry and Fishing.",2018-19:9-1:3,data_2018-19/81670do009_201819.xls,Table_1,E20,54.4
placed,Digital transactions,2018-19,2018–19,Industry,Construction,All businesses,57.2,published,,%,D,2018-19,"Businesses in the selected category and population. Coverage includes Agriculture, Forestry and Fishing.",2018-19:9-1:3,data_2018-19/81670do009_201819.xls,Table_1,E21,57.2
placed,Digital transactions,2018-19,2018–19,Industry,Wholesale Trade,All businesses,72.2,published,,%,D,2018-19,"Businesses in the selected category and population. Coverage includes Agriculture, Forestry and Fishing.",2018-19:9-1:3,data_2018-19/81670do009_201819.xls,Table_1,E22,72.2
placed,Digital transactions,2018-19,2018–19,Industry,Retail Trade,All businesses,74.2,published,,%,D,2018-19,"Businesses in the selected category and population. Coverage includes Agriculture, Forestry and Fishing.",2018-19:9-1:3,data_2018-19/81670do009_201819.xls,Table_1,E23,74.2
placed,Digital transactions,2018-19,2018–19,Industry,Accommodation and Food Services,All businesses,56.5,published,,%,D,2018-19,"Businesses in the selected category and population. Coverage includes Agriculture, Forestry and Fishing.",2018-19:9-1:3,data_2018-19/81670do009_201819.xls,Table_1,E24,56.5
placed,Digital transactions,2018-19,2018–19,Industry,"Transport, Postal and Warehousing",All businesses,50.5,published,,%,D,2018-19,"Businesses in the selected category and population. Coverage includes Agriculture, Forestry and Fishing.",2018-19:9-1:3,data_2018-19/81670do009_201819.xls,Table_1,E25,50.5
placed,Digital transactions,2018-19,2018–19,Industry,Information Media and Telecommunications,All businesses,76.0,published,,%,D,2018-19,"Businesses in the selected category and population. Coverage includes Agriculture, Forestry and Fishing.",2018-19:9-1:3,data_2018-19/81670do009_201819.xls,Table_1,E26,76.0
placed,Digital transactions,2018-19,2018–19,Industry,Financial and Insurance Services,All businesses,57.8,published,,%,D,2018-19,"Businesses in the selected category and population. Coverage includes Agriculture, Forestry and Fishing.",2018-19:9-1:3,data_2018-19/81670do009_201819.xls,Table_1,E27,57.8
placed,Digital transactions,2018-19,2018–19,Industry,"Rental, Hiring and Real Estate Services",All businesses,52.1,published,,%,D,2018-19,"Businesses in the selected category and population. Coverage includes Agriculture, Forestry and Fishing.",2018-19:9-1:3,data_2018-19/81670do009_201819.xls,Table_1,E28,52.1
placed,Digital transactions,2018-19,2018–19,Industry,"Professional, Scientific and Technical Services",All businesses,67.7,published,,%,D,2018-19,"Businesses in the selected category and population. Coverage includes Agriculture, Forestry and Fishing.",2018-19:9-1:3,data_2018-19/81670do009_201819.xls,Table_1,E29,67.7
placed,Digital transactions,2018-19,2018–19,Industry,Administrative and Support Services,All businesses,58.9,published,,%,D,2018-19,"Businesses in the selected category and population. Coverage includes Agriculture, Forestry and Fishing.",2018-19:9-1:3,data_2018-19/81670do009_201819.xls,Table_1,E30,58.9
placed,Digital transactions,2018-19,2018–19,Industry,Health Care and Social Assistance,All businesses,65.2,published,,%,D,2018-19,"Businesses in the selected category and population. Coverage includes Agriculture, Forestry and Fishing.",2018-19:9-1:3,data_2018-19/81670do009_201819.xls,Table_1,E31,65.2
placed,Digital transactions,2018-19,2018–19,Industry,Arts and Recreation Services,All businesses,74.2,published,,%,D,2018-19,"Businesses in the selected category and population. Coverage includes Agriculture, Forestry and Fishing.",2018-19:9-1:3,data_2018-19/81670do009_201819.xls,Table_1,E32,74.2
placed,Digital transactions,2018-19,2018–19,Industry,Other Services,All businesses,69.4,published,,%,D,2018-19,"Businesses in the selected category and population. Coverage includes Agriculture, Forestry and Fishing.",2018-19:9-1:3,data_2018-19/81670do009_201819.xls,Table_1,E33,69.4
received,Digital transactions,2018-19,2018–19,Overall,Total,All businesses,41.4,published,,%,D,2018-19,"Businesses in the selected category and population. Coverage includes Agriculture, Forestry and Fishing.",2018-19:9-1:4,data_2018-19/81670do009_201819.xls,Table_1,F9,41.4
received,Digital transactions,2018-19,2018–19,Employment size,0–4 persons,All businesses,35.3,published,,%,D,2018-19,"Businesses in the selected category and population. Coverage includes Agriculture, Forestry and Fishing.",2018-19:9-1:4,data_2018-19/81670do009_201819.xls,Table_1,F11,35.3
received,Digital transactions,2018-19,2018–19,Employment size,5–19 persons,All businesses,50.5,published,,%,D,2018-19,"Businesses in the selected category and population. Coverage includes Agriculture, Forestry and Fishing.",2018-19:9-1:4,data_2018-19/81670do009_201819.xls,Table_1,F12,50.5
received,Digital transactions,2018-19,2018–19,Employment size,20–199 persons,All businesses,51.0,published,,%,D,2018-19,"Businesses in the selected category and population. Coverage includes Agriculture, Forestry and Fishing.",2018-19:9-1:4,data_2018-19/81670do009_201819.xls,Table_1,F14,51.0
received,Digital transactions,2018-19,2018–19,Employment size,200 or more persons,All businesses,66.3,published,,%,D,2018-19,"Businesses in the selected category and population. Coverage includes Agriculture, Forestry and Fishing.",2018-19:9-1:4,data_2018-19/81670do009_201819.xls,Table_1,F15,66.3
received,Digital transactions,2018-19,2018–19,Industry,"Agriculture, Forestry and Fishing",All businesses,25.2,published,,%,D,2018-19,"Businesses in the selected category and population. Coverage includes Agriculture, Forestry and Fishing.",2018-19:9-1:4,data_2018-19/81670do009_201819.xls,Table_1,F17,25.2
received,Digital transactions,2018-19,2018–19,Industry,Mining,All businesses,26.9,published,,%,D,2018-19,"Businesses in the selected category and population. Coverage includes Agriculture, Forestry and Fishing.",2018-19:9-1:4,data_2018-19/81670do009_201819.xls,Table_1,F18,26.9
received,Digital transactions,2018-19,2018–19,Industry,Manufacturing,All businesses,61.7,published,,%,D,2018-19,"Businesses in the selected category and population. Coverage includes Agriculture, Forestry and Fishing.",2018-19:9-1:4,data_2018-19/81670do009_201819.xls,Table_1,F19,61.7
received,Digital transactions,2018-19,2018–19,Industry,"Electricity, Gas, Water and Waste Services",All businesses,43.5,published,,%,D,2018-19,"Businesses in the selected category and population. Coverage includes Agriculture, Forestry and Fishing.",2018-19:9-1:4,data_2018-19/81670do009_201819.xls,Table_1,F20,43.5
received,Digital transactions,2018-19,2018–19,Industry,Construction,All businesses,42.2,published,,%,D,2018-19,"Businesses in the selected category and population. Coverage includes Agriculture, Forestry and Fishing.",2018-19:9-1:4,data_2018-19/81670do009_201819.xls,Table_1,F21,42.2
received,Digital transactions,2018-19,2018–19,Industry,Wholesale Trade,All businesses,60.4,published,,%,D,2018-19,"Businesses in the selected category and population. Coverage includes Agriculture, Forestry and Fishing.",2018-19:9-1:4,data_2018-19/81670do009_201819.xls,Table_1,F22,60.4
received,Digital transactions,2018-19,2018–19,Industry,Retail Trade,All businesses,53.3,published,,%,D,2018-19,"Businesses in the selected category and population. Coverage includes Agriculture, Forestry and Fishing.",2018-19:9-1:4,data_2018-19/81670do009_201819.xls,Table_1,F23,53.3
received,Digital transactions,2018-19,2018–19,Industry,Accommodation and Food Services,All businesses,43.3,published,,%,D,2018-19,"Businesses in the selected category and population. Coverage includes Agriculture, Forestry and Fishing.",2018-19:9-1:4,data_2018-19/81670do009_201819.xls,Table_1,F24,43.3
received,Digital transactions,2018-19,2018–19,Industry,"Transport, Postal and Warehousing",All businesses,33.9,published,,%,D,2018-19,"Businesses in the selected category and population. Coverage includes Agriculture, Forestry and Fishing.",2018-19:9-1:4,data_2018-19/81670do009_201819.xls,Table_1,F25,33.9
received,Digital transactions,2018-19,2018–19,Industry,Information Media and Telecommunications,All businesses,56.3,published,,%,D,2018-19,"Businesses in the selected category and population. Coverage includes Agriculture, Forestry and Fishing.",2018-19:9-1:4,data_2018-19/81670do009_201819.xls,Table_1,F26,56.3
received,Digital transactions,2018-19,2018–19,Industry,Financial and Insurance Services,All businesses,29.7,published,,%,D,2018-19,"Businesses in the selected category and population. Coverage includes Agriculture, Forestry and Fishing.",2018-19:9-1:4,data_2018-19/81670do009_201819.xls,Table_1,F27,29.7
received,Digital transactions,2018-19,2018–19,Industry,"Rental, Hiring and Real Estate Services",All businesses,35.2,published,,%,D,2018-19,"Businesses in the selected category and population. Coverage includes Agriculture, Forestry and Fishing.",2018-19:9-1:4,data_2018-19/81670do009_201819.xls,Table_1,F28,35.2
received,Digital transactions,2018-19,2018–19,Industry,"Professional, Scientific and Technical Services",All businesses,38.6,published,,%,D,2018-19,"Businesses in the selected category and population. Coverage includes Agriculture, Forestry and Fishing.",2018-19:9-1:4,data_2018-19/81670do009_201819.xls,Table_1,F29,38.6
received,Digital transactions,2018-19,2018–19,Industry,Administrative and Support Services,All businesses,38.5,published,,%,D,2018-19,"Businesses in the selected category and population. Coverage includes Agriculture, Forestry and Fishing.",2018-19:9-1:4,data_2018-19/81670do009_201819.xls,Table_1,F30,38.5
received,Digital transactions,2018-19,2018–19,Industry,Health Care and Social Assistance,All businesses,27.2,published,,%,D,2018-19,"Businesses in the selected category and population. Coverage includes Agriculture, Forestry and Fishing.",2018-19:9-1:4,data_2018-19/81670do009_201819.xls,Table_1,F31,27.2
received,Digital transactions,2018-19,2018–19,Industry,Arts and Recreation Services,All businesses,51.8,published,,%,D,2018-19,"Businesses in the selected category and population. Coverage includes Agriculture, Forestry and Fishing.",2018-19:9-1:4,data_2018-19/81670do009_201819.xls,Table_1,F32,51.8
received,Digital transactions,2018-19,2018–19,Industry,Other Services,All businesses,39.5,published,,%,D,2018-19,"Businesses in the selected category and population. Coverage includes Agriculture, Forestry and Fishing.",2018-19:9-1:4,data_2018-19/81670do009_201819.xls,Table_1,F33,39.5
placed,Digital transactions,2007-08,2007–08,Employment size,0–4 persons,All businesses,36.9,published,,%,D,2007-08,All businesses in the selected category and population.,2007-08:4-4:6,data_2007-08/extracted/81670do004_200708/81670DO004_200708.xls,Table_4,B20,36.9
placed,Digital transactions,2007-08,2007–08,Employment size,5–19 persons,All businesses,50.5,published,,%,D,2007-08,All businesses in the selected category and population.,2007-08:4-4:6,data_2007-08/extracted/81670do004_200708/81670DO004_200708.xls,Table_4,B21,50.5
placed,Digital transactions,2007-08,2007–08,Employment size,20–199 persons,All businesses,59.3,published,,%,D,2007-08,All businesses in the selected category and population.,2007-08:4-4:6,data_2007-08/extracted/81670do004_200708/81670DO004_200708.xls,Table_4,B22,59.3
placed,Digital transactions,2007-08,2007–08,Employment size,200 or more persons,All businesses,70.7,published,,%,D,2007-08,All businesses in the selected category and population.,2007-08:4-4:6,data_2007-08/extracted/81670do004_200708/81670DO004_200708.xls,Table_4,B23,70.7
placed,Digital transactions,2007-08,2007–08,Overall,Total,All businesses,42.7,published,,%,D,2007-08,All businesses in the selected category and population.,2007-08:4-4:6,data_2007-08/extracted/81670do004_200708/81670DO004_200708.xls,Table_4,B24,42.7
received,Digital transactions,2007-08,2007–08,Employment size,0–4 persons,All businesses,20.5,published,,%,D,2007-08,All businesses in the selected category and population.,2007-08:4-4:7,data_2007-08/extracted/81670do004_200708/81670DO004_200708.xls,Table_4,C20,20.5
received,Digital transactions,2007-08,2007–08,Employment size,5–19 persons,All businesses,28.6,published,,%,D,2007-08,All businesses in the selected category and population.,2007-08:4-4:7,data_2007-08/extracted/81670do004_200708/81670DO004_200708.xls,Table_4,C21,28.6
received,Digital transactions,2007-08,2007–08,Employment size,20–199 persons,All businesses,31.6,published,,%,D,2007-08,All businesses in the selected category and population.,2007-08:4-4:7,data_2007-08/extracted/81670do004_200708/81670DO004_200708.xls,Table_4,C22,31.6
received,Digital transactions,2007-08,2007–08,Employment size,200 or more persons,All businesses,28.6,published,,%,D,2007-08,All businesses in the selected category and population.,2007-08:4-4:7,data_2007-08/extracted/81670do004_200708/81670DO004_200708.xls,Table_4,C23,28.6
received,Digital transactions,2007-08,2007–08,Overall,Total,All businesses,23.7,published,,%,D,2007-08,All businesses in the selected category and population.,2007-08:4-4:7,data_2007-08/extracted/81670do004_200708/81670DO004_200708.xls,Table_4,C24,23.7
internet,Basic connectivity,2019-20,2019–20,Overall,Total,All businesses,97.4,published,,%,D,2019-20,"Businesses in the selected category and population. Coverage includes Agriculture, Forestry and Fishing.",2019-20:1-1:0,data_2019-20/81670DO001_201920.xlsx,Table_1,B9,97.4
internet,Basic connectivity,2019-20,2019–20,Employment size,0–4 persons,All businesses,96.7,published,,%,D,2019-20,"Businesses in the selected category and population. Coverage includes Agriculture, Forestry and Fishing.",2019-20:1-1:0,data_2019-20/81670DO001_201920.xlsx,Table_1,B11,96.7
internet,Basic connectivity,2019-20,2019–20,Employment size,5–19 persons,All businesses,98.3,published,,%,D,2019-20,"Businesses in the selected category and population. Coverage includes Agriculture, Forestry and Fishing.",2019-20:1-1:0,data_2019-20/81670DO001_201920.xlsx,Table_1,B12,98.3
internet,Basic connectivity,2019-20,2019–20,Employment size,20–199 persons,All businesses,99.7,published,,%,D,2019-20,"Businesses in the selected category and population. Coverage includes Agriculture, Forestry and Fishing.",2019-20:1-1:0,data_2019-20/81670DO001_201920.xlsx,Table_1,B14,99.7
internet,Basic connectivity,2019-20,2019–20,Employment size,200 or more persons,All businesses,100,published,,%,D,2019-20,"Businesses in the selected category and population. Coverage includes Agriculture, Forestry and Fishing.",2019-20:1-1:0,data_2019-20/81670DO001_201920.xlsx,Table_1,B15,100
internet,Basic connectivity,2019-20,2019–20,Industry,"Agriculture, Forestry and Fishing",All businesses,95.4,published,,%,D,2019-20,"Businesses in the selected category and population. Coverage includes Agriculture, Forestry and Fishing.",2019-20:1-1:0,data_2019-20/81670DO001_201920.xlsx,Table_1,B17,95.4
internet,Basic connectivity,2019-20,2019–20,Industry,Mining,All businesses,99.4,published,,%,D,2019-20,"Businesses in the selected category and population. Coverage includes Agriculture, Forestry and Fishing.",2019-20:1-1:0,data_2019-20/81670DO001_201920.xlsx,Table_1,B18,99.4
internet,Basic connectivity,2019-20,2019–20,Industry,Manufacturing,All businesses,97.4,published,,%,D,2019-20,"Businesses in the selected category and population. Coverage includes Agriculture, Forestry and Fishing.",2019-20:1-1:0,data_2019-20/81670DO001_201920.xlsx,Table_1,B19,97.4
internet,Basic connectivity,2019-20,2019–20,Industry,"Electricity, Gas, Water and Waste Services",All businesses,99.6,published,,%,D,2019-20,"Businesses in the selected category and population. Coverage includes Agriculture, Forestry and Fishing.",2019-20:1-1:0,data_2019-20/81670DO001_201920.xlsx,Table_1,B20,99.6
internet,Basic connectivity,2019-20,2019–20,Industry,Construction,All businesses,96.7,published,,%,D,2019-20,"Businesses in the selected category and population. Coverage includes Agriculture, Forestry and Fishing.",2019-20:1-1:0,data_2019-20/81670DO001_201920.xlsx,Table_1,B21,96.7
internet,Basic connectivity,2019-20,2019–20,Industry,Wholesale Trade,All businesses,98.3,published,,%,D,2019-20,"Businesses in the selected category and population. Coverage includes Agriculture, Forestry and Fishing.",2019-20:1-1:0,data_2019-20/81670DO001_201920.xlsx,Table_1,B22,98.3
internet,Basic connectivity,2019-20,2019–20,Industry,Retail Trade,All businesses,98.3,published,,%,D,2019-20,"Businesses in the selected category and population. Coverage includes Agriculture, Forestry and Fishing.",2019-20:1-1:0,data_2019-20/81670DO001_201920.xlsx,Table_1,B23,98.3
internet,Basic connectivity,2019-20,2019–20,Industry,Accommodation and Food Services,All businesses,93.6,published,,%,D,2019-20,"Businesses in the selected category and population. Coverage includes Agriculture, Forestry and Fishing.",2019-20:1-1:0,data_2019-20/81670DO001_201920.xlsx,Table_1,B24,93.6
internet,Basic connectivity,2019-20,2019–20,Industry,"Transport, Postal and Warehousing",All businesses,97.8,published,,%,D,2019-20,"Businesses in the selected category and population. Coverage includes Agriculture, Forestry and Fishing.",2019-20:1-1:0,data_2019-20/81670DO001_201920.xlsx,Table_1,B25,97.8
internet,Basic connectivity,2019-20,2019–20,Industry,Information Media and Telecommunications,All businesses,96.8,published,,%,D,2019-20,"Businesses in the selected category and population. Coverage includes Agriculture, Forestry and Fishing.",2019-20:1-1:0,data_2019-20/81670DO001_201920.xlsx,Table_1,B26,96.8
internet,Basic connectivity,2019-20,2019–20,Industry,Financial and Insurance Services,All businesses,98.9,published,,%,D,2019-20,"Businesses in the selected category and population. Coverage includes Agriculture, Forestry and Fishing.",2019-20:1-1:0,data_2019-20/81670DO001_201920.xlsx,Table_1,B27,98.9
internet,Basic connectivity,2019-20,2019–20,Industry,"Rental, Hiring and Real Estate Services",All businesses,97,published,,%,D,2019-20,"Businesses in the selected category and population. Coverage includes Agriculture, Forestry and Fishing.",2019-20:1-1:0,data_2019-20/81670DO001_201920.xlsx,Table_1,B28,97
internet,Basic connectivity,2019-20,2019–20,Industry,"Professional, Scientific and Technical Services",All businesses,98.7,published,,%,D,2019-20,"Businesses in the selected category and population. Coverage includes Agriculture, Forestry and Fishing.",2019-20:1-1:0,data_2019-20/81670DO001_201920.xlsx,Table_1,B29,98.7
internet,Basic connectivity,2019-20,2019–20,Industry,Administrative and Support Services,All businesses,98,published,,%,D,2019-20,"Businesses in the selected category and population. Coverage includes Agriculture, Forestry and Fishing.",2019-20:1-1:0,data_2019-20/81670DO001_201920.xlsx,Table_1,B30,98
internet,Basic connectivity,2019-20,2019–20,Industry,Health Care and Social Assistance,All businesses,99.4,published,,%,D,2019-20,"Businesses in the selected category and population. Coverage includes Agriculture, Forestry and Fishing.",2019-20:1-1:0,data_2019-20/81670DO001_201920.xlsx,Table_1,B31,99.4
internet,Basic connectivity,2019-20,2019–20,Industry,Arts and Recreation Services,All businesses,97,published,,%,D,2019-20,"Businesses in the selected category and population. Coverage includes Agriculture, Forestry and Fishing.",2019-20:1-1:0,data_2019-20/81670DO001_201920.xlsx,Table_1,B32,97
internet,Basic connectivity,2019-20,2019–20,Industry,Other Services,All businesses,96.4,published,,%,D,2019-20,"Businesses in the selected category and population. Coverage includes Agriculture, Forestry and Fishing.",2019-20:1-1:0,data_2019-20/81670DO001_201920.xlsx,Table_1,B33,96.4
placed,Digital transactions,2019-20,2019–20,Overall,Total,All businesses,68.1,published,,%,D,2019-20,"Businesses in the selected category and population. Coverage includes Agriculture, Forestry and Fishing.",2019-20:1-1:1,data_2019-20/81670DO001_201920.xlsx,Table_1,C9,68.1
placed,Digital transactions,2019-20,2019–20,Employment size,0–4 persons,All businesses,62.4,published,,%,D,2019-20,"Businesses in the selected category and population. Coverage includes Agriculture, Forestry and Fishing.",2019-20:1-1:1,data_2019-20/81670DO001_201920.xlsx,Table_1,C11,62.4
placed,Digital transactions,2019-20,2019–20,Employment size,5–19 persons,All businesses,77.7,published,,%,D,2019-20,"Businesses in the selected category and population. Coverage includes Agriculture, Forestry and Fishing.",2019-20:1-1:1,data_2019-20/81670DO001_201920.xlsx,Table_1,C12,77.7
placed,Digital transactions,2019-20,2019–20,Employment size,20–199 persons,All businesses,81,published,,%,D,2019-20,"Businesses in the selected category and population. Coverage includes Agriculture, Forestry and Fishing.",2019-20:1-1:1,data_2019-20/81670DO001_201920.xlsx,Table_1,C14,81
placed,Digital transactions,2019-20,2019–20,Employment size,200 or more persons,All businesses,83.9,published,,%,D,2019-20,"Businesses in the selected category and population. Coverage includes Agriculture, Forestry and Fishing.",2019-20:1-1:1,data_2019-20/81670DO001_201920.xlsx,Table_1,C15,83.9
placed,Digital transactions,2019-20,2019–20,Industry,"Agriculture, Forestry and Fishing",All businesses,54.6,published,,%,D,2019-20,"Businesses in the selected category and population. Coverage includes Agriculture, Forestry and Fishing.",2019-20:1-1:1,data_2019-20/81670DO001_201920.xlsx,Table_1,C17,54.6
placed,Digital transactions,2019-20,2019–20,Industry,Mining,All businesses,71.7,published,,%,D,2019-20,"Businesses in the selected category and population. Coverage includes Agriculture, Forestry and Fishing.",2019-20:1-1:1,data_2019-20/81670DO001_201920.xlsx,Table_1,C18,71.7
placed,Digital transactions,2019-20,2019–20,Industry,Manufacturing,All businesses,73.6,published,,%,D,2019-20,"Businesses in the selected category and population. Coverage includes Agriculture, Forestry and Fishing.",2019-20:1-1:1,data_2019-20/81670DO001_201920.xlsx,Table_1,C19,73.6
placed,Digital transactions,2019-20,2019–20,Industry,"Electricity, Gas, Water and Waste Services",All businesses,56,published,,%,D,2019-20,"Businesses in the selected category and population. Coverage includes Agriculture, Forestry and Fishing.",2019-20:1-1:1,data_2019-20/81670DO001_201920.xlsx,Table_1,C20,56
placed,Digital transactions,2019-20,2019–20,Industry,Construction,All businesses,62.9,published,,%,D,2019-20,"Businesses in the selected category and population. Coverage includes Agriculture, Forestry and Fishing.",2019-20:1-1:1,data_2019-20/81670DO001_201920.xlsx,Table_1,C21,62.9
placed,Digital transactions,2019-20,2019–20,Industry,Wholesale Trade,All businesses,78.6,published,,%,D,2019-20,"Businesses in the selected category and population. Coverage includes Agriculture, Forestry and Fishing.",2019-20:1-1:1,data_2019-20/81670DO001_201920.xlsx,Table_1,C22,78.6
placed,Digital transactions,2019-20,2019–20,Industry,Retail Trade,All businesses,82.5,published,,%,D,2019-20,"Businesses in the selected category and population. Coverage includes Agriculture, Forestry and Fishing.",2019-20:1-1:1,data_2019-20/81670DO001_201920.xlsx,Table_1,C23,82.5
placed,Digital transactions,2019-20,2019–20,Industry,Accommodation and Food Services,All businesses,63.5,published,,%,D,2019-20,"Businesses in the selected category and population. Coverage includes Agriculture, Forestry and Fishing.",2019-20:1-1:1,data_2019-20/81670DO001_201920.xlsx,Table_1,C24,63.5
placed,Digital transactions,2019-20,2019–20,Industry,"Transport, Postal and Warehousing",All businesses,51.9,published,,%,D,2019-20,"Businesses in the selected category and population. Coverage includes Agriculture, Forestry and Fishing.",2019-20:1-1:1,data_2019-20/81670DO001_201920.xlsx,Table_1,C25,51.9
placed,Digital transactions,2019-20,2019–20,Industry,Information Media and Telecommunications,All businesses,78.8,published,,%,D,2019-20,"Businesses in the selected category and population. Coverage includes Agriculture, Forestry and Fishing.",2019-20:1-1:1,data_2019-20/81670DO001_201920.xlsx,Table_1,C26,78.8
placed,Digital transactions,2019-20,2019–20,Industry,Financial and Insurance Services,All businesses,63,published,,%,D,2019-20,"Businesses in the selected category and population. Coverage includes Agriculture, Forestry and Fishing.",2019-20:1-1:1,data_2019-20/81670DO001_201920.xlsx,Table_1,C27,63
placed,Digital transactions,2019-20,2019–20,Industry,"Rental, Hiring and Real Estate Services",All businesses,67.5,published,,%,D,2019-20,"Businesses in the selected category and population. Coverage includes Agriculture, Forestry and Fishing.",2019-20:1-1:1,data_2019-20/81670DO001_201920.xlsx,Table_1,C28,67.5
placed,Digital transactions,2019-20,2019–20,Industry,"Professional, Scientific and Technical Services",All businesses,76.3,published,,%,D,2019-20,"Businesses in the selected category and population. Coverage includes Agriculture, Forestry and Fishing.",2019-20:1-1:1,data_2019-20/81670DO001_201920.xlsx,Table_1,C29,76.3
placed,Digital transactions,2019-20,2019–20,Industry,Administrative and Support Services,All businesses,55.7,published,,%,D,2019-20,"Businesses in the selected category and population. Coverage includes Agriculture, Forestry and Fishing.",2019-20:1-1:1,data_2019-20/81670DO001_201920.xlsx,Table_1,C30,55.7
placed,Digital transactions,2019-20,2019–20,Industry,Health Care and Social Assistance,All businesses,69.6,published,,%,D,2019-20,"Businesses in the selected category and population. Coverage includes Agriculture, Forestry and Fishing.",2019-20:1-1:1,data_2019-20/81670DO001_201920.xlsx,Table_1,C31,69.6
placed,Digital transactions,2019-20,2019–20,Industry,Arts and Recreation Services,All businesses,69.9,published,,%,D,2019-20,"Businesses in the selected category and population. Coverage includes Agriculture, Forestry and Fishing.",2019-20:1-1:1,data_2019-20/81670DO001_201920.xlsx,Table_1,C32,69.9
placed,Digital transactions,2019-20,2019–20,Industry,Other Services,All businesses,69.7,published,,%,D,2019-20,"Businesses in the selected category and population. Coverage includes Agriculture, Forestry and Fishing.",2019-20:1-1:1,data_2019-20/81670DO001_201920.xlsx,Table_1,C33,69.7
received,Digital transactions,2019-20,2019–20,Overall,Total,All businesses,49.5,published,,%,D,2019-20,"Businesses in the selected category and population. Coverage includes Agriculture, Forestry and Fishing.",2019-20:1-1:2,data_2019-20/81670DO001_201920.xlsx,Table_1,D9,49.5
received,Digital transactions,2019-20,2019–20,Employment size,0–4 persons,All businesses,44.9,published,,%,D,2019-20,"Businesses in the selected category and population. Coverage includes Agriculture, Forestry and Fishing.",2019-20:1-1:2,data_2019-20/81670DO001_201920.xlsx,Table_1,D11,44.9
received,Digital transactions,2019-20,2019–20,Employment size,5–19 persons,All businesses,57.4,published,,%,D,2019-20,"Businesses in the selected category and population. Coverage includes Agriculture, Forestry and Fishing.",2019-20:1-1:2,data_2019-20/81670DO001_201920.xlsx,Table_1,D12,57.4
received,Digital transactions,2019-20,2019–20,Employment size,20–199 persons,All businesses,60.3,published,,%,D,2019-20,"Businesses in the selected category and population. Coverage includes Agriculture, Forestry and Fishing.",2019-20:1-1:2,data_2019-20/81670DO001_201920.xlsx,Table_1,D14,60.3
received,Digital transactions,2019-20,2019–20,Employment size,200 or more persons,All businesses,61.2,published,,%,D,2019-20,"Businesses in the selected category and population. Coverage includes Agriculture, Forestry and Fishing.",2019-20:1-1:2,data_2019-20/81670DO001_201920.xlsx,Table_1,D15,61.2
received,Digital transactions,2019-20,2019–20,Industry,"Agriculture, Forestry and Fishing",All businesses,30.9,published,,%,D,2019-20,"Businesses in the selected category and population. Coverage includes Agriculture, Forestry and Fishing.",2019-20:1-1:2,data_2019-20/81670DO001_201920.xlsx,Table_1,D17,30.9
received,Digital transactions,2019-20,2019–20,Industry,Mining,All businesses,33.9,published,,%,D,2019-20,"Businesses in the selected category and population. Coverage includes Agriculture, Forestry and Fishing.",2019-20:1-1:2,data_2019-20/81670DO001_201920.xlsx,Table_1,D18,33.9
received,Digital transactions,2019-20,2019–20,Industry,Manufacturing,All businesses,64.9,published,,%,D,2019-20,"Businesses in the selected category and population. Coverage includes Agriculture, Forestry and Fishing.",2019-20:1-1:2,data_2019-20/81670DO001_201920.xlsx,Table_1,D19,64.9
received,Digital transactions,2019-20,2019–20,Industry,"Electricity, Gas, Water and Waste Services",All businesses,46.8,published,,%,D,2019-20,"Businesses in the selected category and population. Coverage includes Agriculture, Forestry and Fishing.",2019-20:1-1:2,data_2019-20/81670DO001_201920.xlsx,Table_1,D20,46.8
received,Digital transactions,2019-20,2019–20,Industry,Construction,All businesses,48.7,published,,%,D,2019-20,"Businesses in the selected category and population. Coverage includes Agriculture, Forestry and Fishing.",2019-20:1-1:2,data_2019-20/81670DO001_201920.xlsx,Table_1,D21,48.7
received,Digital transactions,2019-20,2019–20,Industry,Wholesale Trade,All businesses,69.7,published,,%,D,2019-20,"Businesses in the selected category and population. Coverage includes Agriculture, Forestry and Fishing.",2019-20:1-1:2,data_2019-20/81670DO001_201920.xlsx,Table_1,D22,69.7
received,Digital transactions,2019-20,2019–20,Industry,Retail Trade,All businesses,64.8,published,,%,D,2019-20,"Businesses in the selected category and population. Coverage includes Agriculture, Forestry and Fishing.",2019-20:1-1:2,data_2019-20/81670DO001_201920.xlsx,Table_1,D23,64.8
received,Digital transactions,2019-20,2019–20,Industry,Accommodation and Food Services,All businesses,56.3,published,,%,D,2019-20,"Businesses in the selected category and population. Coverage includes Agriculture, Forestry and Fishing.",2019-20:1-1:2,data_2019-20/81670DO001_201920.xlsx,Table_1,D24,56.3
received,Digital transactions,2019-20,2019–20,Industry,"Transport, Postal and Warehousing",All businesses,43.8,published,,%,D,2019-20,"Businesses in the selected category and population. Coverage includes Agriculture, Forestry and Fishing.",2019-20:1-1:2,data_2019-20/81670DO001_201920.xlsx,Table_1,D25,43.8
received,Digital transactions,2019-20,2019–20,Industry,Information Media and Telecommunications,All businesses,54.9,published,,%,D,2019-20,"Businesses in the selected category and population. Coverage includes Agriculture, Forestry and Fishing.",2019-20:1-1:2,data_2019-20/81670DO001_201920.xlsx,Table_1,D26,54.9
received,Digital transactions,2019-20,2019–20,Industry,Financial and Insurance Services,All businesses,34.9,published,,%,D,2019-20,"Businesses in the selected category and population. Coverage includes Agriculture, Forestry and Fishing.",2019-20:1-1:2,data_2019-20/81670DO001_201920.xlsx,Table_1,D27,34.9
received,Digital transactions,2019-20,2019–20,Industry,"Rental, Hiring and Real Estate Services",All businesses,46,published,,%,D,2019-20,"Businesses in the selected category and population. Coverage includes Agriculture, Forestry and Fishing.",2019-20:1-1:2,data_2019-20/81670DO001_201920.xlsx,Table_1,D28,46
received,Digital transactions,2019-20,2019–20,Industry,"Professional, Scientific and Technical Services",All businesses,49.8,published,,%,D,2019-20,"Businesses in the selected category and population. Coverage includes Agriculture, Forestry and Fishing.",2019-20:1-1:2,data_2019-20/81670DO001_201920.xlsx,Table_1,D29,49.8
received,Digital transactions,2019-20,2019–20,Industry,Administrative and Support Services,All businesses,36,published,,%,D,2019-20,"Businesses in the selected category and population. Coverage includes Agriculture, Forestry and Fishing.",2019-20:1-1:2,data_2019-20/81670DO001_201920.xlsx,Table_1,D30,36
received,Digital transactions,2019-20,2019–20,Industry,Health Care and Social Assistance,All businesses,37.7,published,,%,D,2019-20,"Businesses in the selected category and population. Coverage includes Agriculture, Forestry and Fishing.",2019-20:1-1:2,data_2019-20/81670DO001_201920.xlsx,Table_1,D31,37.7
received,Digital transactions,2019-20,2019–20,Industry,Arts and Recreation Services,All businesses,53.5,published,,%,D,2019-20,"Businesses in the selected category and population. Coverage includes Agriculture, Forestry and Fishing.",2019-20:1-1:2,data_2019-20/81670DO001_201920.xlsx,Table_1,D32,53.5
received,Digital transactions,2019-20,2019–20,Industry,Other Services,All businesses,48,published,,%,D,2019-20,"Businesses in the selected category and population. Coverage includes Agriculture, Forestry and Fishing.",2019-20:1-1:2,data_2019-20/81670DO001_201920.xlsx,Table_1,D33,48
crm,Operational systems,2019-20,2019–20,Overall,Total,All businesses,17.5,published,,%,D,2019-20,"Businesses in the selected category and population. Coverage includes Agriculture, Forestry and Fishing.",2019-20:3-7:0,data_2019-20/81670DO003_201920.xlsx,Table_7,B7,17.5
crm,Operational systems,2019-20,2019–20,Employment size,0–4 persons,All businesses,12.8,published,,%,D,2019-20,"Businesses in the selected category and population. Coverage includes Agriculture, Forestry and Fishing.",2019-20:3-7:0,data_2019-20/81670DO003_201920.xlsx,Table_7,B9,12.8
crm,Operational systems,2019-20,2019–20,Employment size,5–19 persons,All businesses,23.1,published,,%,D,2019-20,"Businesses in the selected category and population. Coverage includes Agriculture, Forestry and Fishing.",2019-20:3-7:0,data_2019-20/81670DO003_201920.xlsx,Table_7,B10,23.1
crm,Operational systems,2019-20,2019–20,Employment size,20–199 persons,All businesses,35.2,published,,%,D,2019-20,"Businesses in the selected category and population. Coverage includes Agriculture, Forestry and Fishing.",2019-20:3-7:0,data_2019-20/81670DO003_201920.xlsx,Table_7,B12,35.2
crm,Operational systems,2019-20,2019–20,Employment size,200 or more persons,All businesses,58.8,published,,%,D,2019-20,"Businesses in the selected category and population. Coverage includes Agriculture, Forestry and Fishing.",2019-20:3-7:0,data_2019-20/81670DO003_201920.xlsx,Table_7,B13,58.8
crm,Operational systems,2019-20,2019–20,Industry,"Agriculture, Forestry and Fishing",All businesses,6.5,published,,%,D,2019-20,"Businesses in the selected category and population. Coverage includes Agriculture, Forestry and Fishing.",2019-20:3-7:0,data_2019-20/81670DO003_201920.xlsx,Table_7,B15,6.5
crm,Operational systems,2019-20,2019–20,Industry,Mining,All businesses,11,published,,%,D,2019-20,"Businesses in the selected category and population. Coverage includes Agriculture, Forestry and Fishing.",2019-20:3-7:0,data_2019-20/81670DO003_201920.xlsx,Table_7,B16,11
crm,Operational systems,2019-20,2019–20,Industry,Manufacturing,All businesses,18.3,published,,%,D,2019-20,"Businesses in the selected category and population. Coverage includes Agriculture, Forestry and Fishing.",2019-20:3-7:0,data_2019-20/81670DO003_201920.xlsx,Table_7,B17,18.3
crm,Operational systems,2019-20,2019–20,Industry,"Electricity, Gas, Water and Waste Services",All businesses,19.7,published,,%,D,2019-20,"Businesses in the selected category and population. Coverage includes Agriculture, Forestry and Fishing.",2019-20:3-7:0,data_2019-20/81670DO003_201920.xlsx,Table_7,B18,19.7
crm,Operational systems,2019-20,2019–20,Industry,Construction,All businesses,8.6,published,,%,D,2019-20,"Businesses in the selected category and population. Coverage includes Agriculture, Forestry and Fishing.",2019-20:3-7:0,data_2019-20/81670DO003_201920.xlsx,Table_7,B19,8.6
crm,Operational systems,2019-20,2019–20,Industry,Wholesale Trade,All businesses,22.9,published,,%,D,2019-20,"Businesses in the selected category and population. Coverage includes Agriculture, Forestry and Fishing.",2019-20:3-7:0,data_2019-20/81670DO003_201920.xlsx,Table_7,B20,22.9
crm,Operational systems,2019-20,2019–20,Industry,Retail Trade,All businesses,21.7,published,,%,D,2019-20,"Businesses in the selected category and population. Coverage includes Agriculture, Forestry and Fishing.",2019-20:3-7:0,data_2019-20/81670DO003_201920.xlsx,Table_7,B21,21.7
crm,Operational systems,2019-20,2019–20,Industry,Accommodation and Food Services,All businesses,10.3,published,,%,D,2019-20,"Businesses in the selected category and population. Coverage includes Agriculture, Forestry and Fishing.",2019-20:3-7:0,data_2019-20/81670DO003_201920.xlsx,Table_7,B22,10.3
crm,Operational systems,2019-20,2019–20,Industry,"Transport, Postal and Warehousing",All businesses,5.5,published,,%,D,2019-20,"Businesses in the selected category and population. Coverage includes Agriculture, Forestry and Fishing.",2019-20:3-7:0,data_2019-20/81670DO003_201920.xlsx,Table_7,B23,5.5
crm,Operational systems,2019-20,2019–20,Industry,Information Media and Telecommunications,All businesses,32,published,,%,D,2019-20,"Businesses in the selected category and population. Coverage includes Agriculture, Forestry and Fishing.",2019-20:3-7:0,data_2019-20/81670DO003_201920.xlsx,Table_7,B24,32
crm,Operational systems,2019-20,2019–20,Industry,Financial and Insurance Services,All businesses,53,published,,%,D,2019-20,"Businesses in the selected category and population. Coverage includes Agriculture, Forestry and Fishing.",2019-20:3-7:0,data_2019-20/81670DO003_201920.xlsx,Table_7,B25,53
crm,Operational systems,2019-20,2019–20,Industry,"Rental, Hiring and Real Estate Services",All businesses,32.8,published,,%,D,2019-20,"Businesses in the selected category and population. Coverage includes Agriculture, Forestry and Fishing.",2019-20:3-7:0,data_2019-20/81670DO003_201920.xlsx,Table_7,B26,32.8
crm,Operational systems,2019-20,2019–20,Industry,"Professional, Scientific and Technical Services",All businesses,26.6,published,,%,D,2019-20,"Businesses in the selected category and population. Coverage includes Agriculture, Forestry and Fishing.",2019-20:3-7:0,data_2019-20/81670DO003_201920.xlsx,Table_7,B27,26.6
crm,Operational systems,2019-20,2019–20,Industry,Administrative and Support Services,All businesses,20.2,published,,%,D,2019-20,"Businesses in the selected category and population. Coverage includes Agriculture, Forestry and Fishing.",2019-20:3-7:0,data_2019-20/81670DO003_201920.xlsx,Table_7,B28,20.2
crm,Operational systems,2019-20,2019–20,Industry,Health Care and Social Assistance,All businesses,14.6,published,,%,D,2019-20,"Businesses in the selected category and population. Coverage includes Agriculture, Forestry and Fishing.",2019-20:3-7:0,data_2019-20/81670DO003_201920.xlsx,Table_7,B29,14.6
crm,Operational systems,2019-20,2019–20,Industry,Arts and Recreation Services,All businesses,24.1,published,,%,D,2019-20,"Businesses in the selected category and population. Coverage includes Agriculture, Forestry and Fishing.",2019-20:3-7:0,data_2019-20/81670DO003_201920.xlsx,Table_7,B30,24.1
crm,Operational systems,2019-20,2019–20,Industry,Other Services,All businesses,10.7,published,,%,D,2019-20,"Businesses in the selected category and population. Coverage includes Agriculture, Forestry and Fishing.",2019-20:3-7:0,data_2019-20/81670DO003_201920.xlsx,Table_7,B31,10.7
erp,Operational systems,2019-20,2019–20,Overall,Total,All businesses,4.3,published,,%,D,2019-20,"Businesses in the selected category and population. Coverage includes Agriculture, Forestry and Fishing.",2019-20:3-7:1,data_2019-20/81670DO003_201920.xlsx,Table_7,C7,4.3
erp,Operational systems,2019-20,2019–20,Employment size,0–4 persons,All businesses,2.3,published,,%,D,2019-20,"Businesses in the selected category and population. Coverage includes Agriculture, Forestry and Fishing.",2019-20:3-7:1,data_2019-20/81670DO003_201920.xlsx,Table_7,C9,2.3
erp,Operational systems,2019-20,2019–20,Employment size,5–19 persons,All businesses,4.4,published,,%,D,2019-20,"Businesses in the selected category and population. Coverage includes Agriculture, Forestry and Fishing.",2019-20:3-7:1,data_2019-20/81670DO003_201920.xlsx,Table_7,C10,4.4
erp,Operational systems,2019-20,2019–20,Employment size,20–199 persons,All businesses,17.9,published,,%,D,2019-20,"Businesses in the selected category and population. Coverage includes Agriculture, Forestry and Fishing.",2019-20:3-7:1,data_2019-20/81670DO003_201920.xlsx,Table_7,C12,17.9
erp,Operational systems,2019-20,2019–20,Employment size,200 or more persons,All businesses,50.5,published,,%,D,2019-20,"Businesses in the selected category and population. Coverage includes Agriculture, Forestry and Fishing.",2019-20:3-7:1,data_2019-20/81670DO003_201920.xlsx,Table_7,C13,50.5
erp,Operational systems,2019-20,2019–20,Industry,"Agriculture, Forestry and Fishing",All businesses,3.2,published,,%,D,2019-20,"Businesses in the selected category and population. Coverage includes Agriculture, Forestry and Fishing.",2019-20:3-7:1,data_2019-20/81670DO003_201920.xlsx,Table_7,C15,3.2
erp,Operational systems,2019-20,2019–20,Industry,Mining,All businesses,24.2,published,,%,D,2019-20,"Businesses in the selected category and population. Coverage includes Agriculture, Forestry and Fishing.",2019-20:3-7:1,data_2019-20/81670DO003_201920.xlsx,Table_7,C16,24.2
erp,Operational systems,2019-20,2019–20,Industry,Manufacturing,All businesses,11.5,published,,%,D,2019-20,"Businesses in the selected category and population. Coverage includes Agriculture, Forestry and Fishing.",2019-20:3-7:1,data_2019-20/81670DO003_201920.xlsx,Table_7,C17,11.5
erp,Operational systems,2019-20,2019–20,Industry,"Electricity, Gas, Water and Waste Services",All businesses,8,published,,%,D,2019-20,"Businesses in the selected category and population. Coverage includes Agriculture, Forestry and Fishing.",2019-20:3-7:1,data_2019-20/81670DO003_201920.xlsx,Table_7,C18,8
erp,Operational systems,2019-20,2019–20,Industry,Construction,All businesses,1.9,published,,%,D,2019-20,"Businesses in the selected category and population. Coverage includes Agriculture, Forestry and Fishing.",2019-20:3-7:1,data_2019-20/81670DO003_201920.xlsx,Table_7,C19,1.9
erp,Operational systems,2019-20,2019–20,Industry,Wholesale Trade,All businesses,11.7,published,,%,D,2019-20,"Businesses in the selected category and population. Coverage includes Agriculture, Forestry and Fishing.",2019-20:3-7:1,data_2019-20/81670DO003_201920.xlsx,Table_7,C20,11.7
erp,Operational systems,2019-20,2019–20,Industry,Retail Trade,All businesses,5,published,,%,D,2019-20,"Businesses in the selected category and population. Coverage includes Agriculture, Forestry and Fishing.",2019-20:3-7:1,data_2019-20/81670DO003_201920.xlsx,Table_7,C21,5
erp,Operational systems,2019-20,2019–20,Industry,Accommodation and Food Services,All businesses,2.4,published,,%,D,2019-20,"Businesses in the selected category and population. Coverage includes Agriculture, Forestry and Fishing.",2019-20:3-7:1,data_2019-20/81670DO003_201920.xlsx,Table_7,C22,2.4
erp,Operational systems,2019-20,2019–20,Industry,"Transport, Postal and Warehousing",All businesses,2.9,published,,%,D,2019-20,"Businesses in the selected category and population. Coverage includes Agriculture, Forestry and Fishing.",2019-20:3-7:1,data_2019-20/81670DO003_201920.xlsx,Table_7,C23,2.9
erp,Operational systems,2019-20,2019–20,Industry,Information Media and Telecommunications,All businesses,10.5,published,,%,D,2019-20,"Businesses in the selected category and population. Coverage includes Agriculture, Forestry and Fishing.",2019-20:3-7:1,data_2019-20/81670DO003_201920.xlsx,Table_7,C24,10.5
erp,Operational systems,2019-20,2019–20,Industry,Financial and Insurance Services,All businesses,3.2,published,,%,D,2019-20,"Businesses in the selected category and population. Coverage includes Agriculture, Forestry and Fishing.",2019-20:3-7:1,data_2019-20/81670DO003_201920.xlsx,Table_7,C25,3.2
erp,Operational systems,2019-20,2019–20,Industry,"Rental, Hiring and Real Estate Services",All businesses,4.2,published,,%,D,2019-20,"Businesses in the selected category and population. Coverage includes Agriculture, Forestry and Fishing.",2019-20:3-7:1,data_2019-20/81670DO003_201920.xlsx,Table_7,C26,4.2
erp,Operational systems,2019-20,2019–20,Industry,"Professional, Scientific and Technical Services",All businesses,5.9,published,,%,D,2019-20,"Businesses in the selected category and population. Coverage includes Agriculture, Forestry and Fishing.",2019-20:3-7:1,data_2019-20/81670DO003_201920.xlsx,Table_7,C27,5.9
erp,Operational systems,2019-20,2019–20,Industry,Administrative and Support Services,All businesses,4.5,published,,%,D,2019-20,"Businesses in the selected category and population. Coverage includes Agriculture, Forestry and Fishing.",2019-20:3-7:1,data_2019-20/81670DO003_201920.xlsx,Table_7,C28,4.5
erp,Operational systems,2019-20,2019–20,Industry,Health Care and Social Assistance,All businesses,1.5,published,,%,D,2019-20,"Businesses in the selected category and population. Coverage includes Agriculture, Forestry and Fishing.",2019-20:3-7:1,data_2019-20/81670DO003_201920.xlsx,Table_7,C29,1.5
erp,Operational systems,2019-20,2019–20,Industry,Arts and Recreation Services,All businesses,2.9,published,,%,D,2019-20,"Businesses in the selected category and population. Coverage includes Agriculture, Forestry and Fishing.",2019-20:3-7:1,data_2019-20/81670DO003_201920.xlsx,Table_7,C30,2.9
erp,Operational systems,2019-20,2019–20,Industry,Other Services,All businesses,1,published,,%,D,2019-20,"Businesses in the selected category and population. Coverage includes Agriculture, Forestry and Fishing.",2019-20:3-7:1,data_2019-20/81670DO003_201920.xlsx,Table_7,C31,1
edi,Operational systems,2019-20,2019–20,Overall,Total,All businesses,13.1,published,,%,D,2019-20,"Businesses in the selected category and population. Coverage includes Agriculture, Forestry and Fishing.",2019-20:3-7:2,data_2019-20/81670DO003_201920.xlsx,Table_7,D7,13.1
edi,Operational systems,2019-20,2019–20,Employment size,0–4 persons,All businesses,8.6,published,,%,D,2019-20,"Businesses in the selected category and population. Coverage includes Agriculture, Forestry and Fishing.",2019-20:3-7:2,data_2019-20/81670DO003_201920.xlsx,Table_7,D9,8.6
edi,Operational systems,2019-20,2019–20,Employment size,5–19 persons,All businesses,19,published,,%,D,2019-20,"Businesses in the selected category and population. Coverage includes Agriculture, Forestry and Fishing.",2019-20:3-7:2,data_2019-20/81670DO003_201920.xlsx,Table_7,D10,19
edi,Operational systems,2019-20,2019–20,Employment size,20–199 persons,All businesses,27.9,published,,%,D,2019-20,"Businesses in the selected category and population. Coverage includes Agriculture, Forestry and Fishing.",2019-20:3-7:2,data_2019-20/81670DO003_201920.xlsx,Table_7,D12,27.9
edi,Operational systems,2019-20,2019–20,Employment size,200 or more persons,All businesses,39.6,published,,%,D,2019-20,"Businesses in the selected category and population. Coverage includes Agriculture, Forestry and Fishing.",2019-20:3-7:2,data_2019-20/81670DO003_201920.xlsx,Table_7,D13,39.6
edi,Operational systems,2019-20,2019–20,Industry,"Agriculture, Forestry and Fishing",All businesses,5.1,published,,%,D,2019-20,"Businesses in the selected category and population. Coverage includes Agriculture, Forestry and Fishing.",2019-20:3-7:2,data_2019-20/81670DO003_201920.xlsx,Table_7,D15,5.1
edi,Operational systems,2019-20,2019–20,Industry,Mining,All businesses,13.6,published,,%,D,2019-20,"Businesses in the selected category and population. Coverage includes Agriculture, Forestry and Fishing.",2019-20:3-7:2,data_2019-20/81670DO003_201920.xlsx,Table_7,D16,13.6
edi,Operational systems,2019-20,2019–20,Industry,Manufacturing,All businesses,10.9,published,,%,D,2019-20,"Businesses in the selected category and population. Coverage includes Agriculture, Forestry and Fishing.",2019-20:3-7:2,data_2019-20/81670DO003_201920.xlsx,Table_7,D17,10.9
edi,Operational systems,2019-20,2019–20,Industry,"Electricity, Gas, Water and Waste Services",All businesses,15.4,published,,%,D,2019-20,"Businesses in the selected category and population. Coverage includes Agriculture, Forestry and Fishing.",2019-20:3-7:2,data_2019-20/81670DO003_201920.xlsx,Table_7,D18,15.4
edi,Operational systems,2019-20,2019–20,Industry,Construction,All businesses,11.4,published,,%,D,2019-20,"Businesses in the selected category and population. Coverage includes Agriculture, Forestry and Fishing.",2019-20:3-7:2,data_2019-20/81670DO003_201920.xlsx,Table_7,D19,11.4
edi,Operational systems,2019-20,2019–20,Industry,Wholesale Trade,All businesses,21.3,published,,%,D,2019-20,"Businesses in the selected category and population. Coverage includes Agriculture, Forestry and Fishing.",2019-20:3-7:2,data_2019-20/81670DO003_201920.xlsx,Table_7,D20,21.3
edi,Operational systems,2019-20,2019–20,Industry,Retail Trade,All businesses,22.2,published,,%,D,2019-20,"Businesses in the selected category and population. Coverage includes Agriculture, Forestry and Fishing.",2019-20:3-7:2,data_2019-20/81670DO003_201920.xlsx,Table_7,D21,22.2
edi,Operational systems,2019-20,2019–20,Industry,Accommodation and Food Services,All businesses,13.3,published,,%,D,2019-20,"Businesses in the selected category and population. Coverage includes Agriculture, Forestry and Fishing.",2019-20:3-7:2,data_2019-20/81670DO003_201920.xlsx,Table_7,D22,13.3
edi,Operational systems,2019-20,2019–20,Industry,"Transport, Postal and Warehousing",All businesses,13.4,published,,%,D,2019-20,"Businesses in the selected category and population. Coverage includes Agriculture, Forestry and Fishing.",2019-20:3-7:2,data_2019-20/81670DO003_201920.xlsx,Table_7,D23,13.4
edi,Operational systems,2019-20,2019–20,Industry,Information Media and Telecommunications,All businesses,14,published,,%,D,2019-20,"Businesses in the selected category and population. Coverage includes Agriculture, Forestry and Fishing.",2019-20:3-7:2,data_2019-20/81670DO003_201920.xlsx,Table_7,D24,14
edi,Operational systems,2019-20,2019–20,Industry,Financial and Insurance Services,All businesses,10.6,published,,%,D,2019-20,"Businesses in the selected category and population. Coverage includes Agriculture, Forestry and Fishing.",2019-20:3-7:2,data_2019-20/81670DO003_201920.xlsx,Table_7,D25,10.6
edi,Operational systems,2019-20,2019–20,Industry,"Rental, Hiring and Real Estate Services",All businesses,12.3,published,,%,D,2019-20,"Businesses in the selected category and population. Coverage includes Agriculture, Forestry and Fishing.",2019-20:3-7:2,data_2019-20/81670DO003_201920.xlsx,Table_7,D26,12.3
edi,Operational systems,2019-20,2019–20,Industry,"Professional, Scientific and Technical Services",All businesses,14,published,,%,D,2019-20,"Businesses in the selected category and population. Coverage includes Agriculture, Forestry and Fishing.",2019-20:3-7:2,data_2019-20/81670DO003_201920.xlsx,Table_7,D27,14
edi,Operational systems,2019-20,2019–20,Industry,Administrative and Support Services,All businesses,12.4,published,,%,D,2019-20,"Businesses in the selected category and population. Coverage includes Agriculture, Forestry and Fishing.",2019-20:3-7:2,data_2019-20/81670DO003_201920.xlsx,Table_7,D28,12.4
edi,Operational systems,2019-20,2019–20,Industry,Health Care and Social Assistance,All businesses,12.1,published,,%,D,2019-20,"Businesses in the selected category and population. Coverage includes Agriculture, Forestry and Fishing.",2019-20:3-7:2,data_2019-20/81670DO003_201920.xlsx,Table_7,D29,12.1
edi,Operational systems,2019-20,2019–20,Industry,Arts and Recreation Services,All businesses,11.6,published,,%,D,2019-20,"Businesses in the selected category and population. Coverage includes Agriculture, Forestry and Fishing.",2019-20:3-7:2,data_2019-20/81670DO003_201920.xlsx,Table_7,D30,11.6
edi,Operational systems,2019-20,2019–20,Industry,Other Services,All businesses,9.7,published,,%,D,2019-20,"Businesses in the selected category and population. Coverage includes Agriculture, Forestry and Fishing.",2019-20:3-7:2,data_2019-20/81670DO003_201920.xlsx,Table_7,D31,9.7
cloud,Advanced technologies,2019-20,2019–20,Overall,Total,All businesses,57.3,published,,%,D,2019-20,"Businesses in the selected category and population. Coverage includes Agriculture, Forestry and Fishing.",2019-20:3-7:4,data_2019-20/81670DO003_201920.xlsx,Table_7,F7,57.3
cloud,Advanced technologies,2019-20,2019–20,Employment size,0–4 persons,All businesses,50.7,published,,%,D,2019-20,"Businesses in the selected category and population. Coverage includes Agriculture, Forestry and Fishing.",2019-20:3-7:4,data_2019-20/81670DO003_201920.xlsx,Table_7,F9,50.7
cloud,Advanced technologies,2019-20,2019–20,Employment size,5–19 persons,All businesses,66.7,published,,%,D,2019-20,"Businesses in the selected category and population. Coverage includes Agriculture, Forestry and Fishing.",2019-20:3-7:4,data_2019-20/81670DO003_201920.xlsx,Table_7,F10,66.7
cloud,Advanced technologies,2019-20,2019–20,Employment size,20–199 persons,All businesses,77.9,published,,%,D,2019-20,"Businesses in the selected category and population. Coverage includes Agriculture, Forestry and Fishing.",2019-20:3-7:4,data_2019-20/81670DO003_201920.xlsx,Table_7,F12,77.9
cloud,Advanced technologies,2019-20,2019–20,Employment size,200 or more persons,All businesses,82.3,published,,%,D,2019-20,"Businesses in the selected category and population. Coverage includes Agriculture, Forestry and Fishing.",2019-20:3-7:4,data_2019-20/81670DO003_201920.xlsx,Table_7,F13,82.3
cloud,Advanced technologies,2019-20,2019–20,Industry,"Agriculture, Forestry and Fishing",All businesses,40,published,,%,D,2019-20,"Businesses in the selected category and population. Coverage includes Agriculture, Forestry and Fishing.",2019-20:3-7:4,data_2019-20/81670DO003_201920.xlsx,Table_7,F15,40
cloud,Advanced technologies,2019-20,2019–20,Industry,Mining,All businesses,71.2,published,,%,D,2019-20,"Businesses in the selected category and population. Coverage includes Agriculture, Forestry and Fishing.",2019-20:3-7:4,data_2019-20/81670DO003_201920.xlsx,Table_7,F16,71.2
cloud,Advanced technologies,2019-20,2019–20,Industry,Manufacturing,All businesses,60.9,published,,%,D,2019-20,"Businesses in the selected category and population. Coverage includes Agriculture, Forestry and Fishing.",2019-20:3-7:4,data_2019-20/81670DO003_201920.xlsx,Table_7,F17,60.9
cloud,Advanced technologies,2019-20,2019–20,Industry,"Electricity, Gas, Water and Waste Services",All businesses,57.8,published,,%,D,2019-20,"Businesses in the selected category and population. Coverage includes Agriculture, Forestry and Fishing.",2019-20:3-7:4,data_2019-20/81670DO003_201920.xlsx,Table_7,F18,57.8
cloud,Advanced technologies,2019-20,2019–20,Industry,Construction,All businesses,53.4,published,,%,D,2019-20,"Businesses in the selected category and population. Coverage includes Agriculture, Forestry and Fishing.",2019-20:3-7:4,data_2019-20/81670DO003_201920.xlsx,Table_7,F19,53.4
cloud,Advanced technologies,2019-20,2019–20,Industry,Wholesale Trade,All businesses,60,published,,%,D,2019-20,"Businesses in the selected category and population. Coverage includes Agriculture, Forestry and Fishing.",2019-20:3-7:4,data_2019-20/81670DO003_201920.xlsx,Table_7,F20,60
cloud,Advanced technologies,2019-20,2019–20,Industry,Retail Trade,All businesses,53,published,,%,D,2019-20,"Businesses in the selected category and population. Coverage includes Agriculture, Forestry and Fishing.",2019-20:3-7:4,data_2019-20/81670DO003_201920.xlsx,Table_7,F21,53
cloud,Advanced technologies,2019-20,2019–20,Industry,Accommodation and Food Services,All businesses,48.3,published,,%,D,2019-20,"Businesses in the selected category and population. Coverage includes Agriculture, Forestry and Fishing.",2019-20:3-7:4,data_2019-20/81670DO003_201920.xlsx,Table_7,F22,48.3
cloud,Advanced technologies,2019-20,2019–20,Industry,"Transport, Postal and Warehousing",All businesses,44.7,published,,%,D,2019-20,"Businesses in the selected category and population. Coverage includes Agriculture, Forestry and Fishing.",2019-20:3-7:4,data_2019-20/81670DO003_201920.xlsx,Table_7,F23,44.7
cloud,Advanced technologies,2019-20,2019–20,Industry,Information Media and Telecommunications,All businesses,70.3,published,,%,D,2019-20,"Businesses in the selected category and population. Coverage includes Agriculture, Forestry and Fishing.",2019-20:3-7:4,data_2019-20/81670DO003_201920.xlsx,Table_7,F24,70.3
cloud,Advanced technologies,2019-20,2019–20,Industry,Financial and Insurance Services,All businesses,66.1,published,,%,D,2019-20,"Businesses in the selected category and population. Coverage includes Agriculture, Forestry and Fishing.",2019-20:3-7:4,data_2019-20/81670DO003_201920.xlsx,Table_7,F25,66.1
cloud,Advanced technologies,2019-20,2019–20,Industry,"Rental, Hiring and Real Estate Services",All businesses,65,published,,%,D,2019-20,"Businesses in the selected category and population. Coverage includes Agriculture, Forestry and Fishing.",2019-20:3-7:4,data_2019-20/81670DO003_201920.xlsx,Table_7,F26,65
cloud,Advanced technologies,2019-20,2019–20,Industry,"Professional, Scientific and Technical Services",All businesses,76.8,published,,%,D,2019-20,"Businesses in the selected category and population. Coverage includes Agriculture, Forestry and Fishing.",2019-20:3-7:4,data_2019-20/81670DO003_201920.xlsx,Table_7,F27,76.8
cloud,Advanced technologies,2019-20,2019–20,Industry,Administrative and Support Services,All businesses,58.8,published,,%,D,2019-20,"Businesses in the selected category and population. Coverage includes Agriculture, Forestry and Fishing.",2019-20:3-7:4,data_2019-20/81670DO003_201920.xlsx,Table_7,F28,58.8
cloud,Advanced technologies,2019-20,2019–20,Industry,Health Care and Social Assistance,All businesses,56,published,,%,D,2019-20,"Businesses in the selected category and population. Coverage includes Agriculture, Forestry and Fishing.",2019-20:3-7:4,data_2019-20/81670DO003_201920.xlsx,Table_7,F29,56
cloud,Advanced technologies,2019-20,2019–20,Industry,Arts and Recreation Services,All businesses,68.3,published,,%,D,2019-20,"Businesses in the selected category and population. Coverage includes Agriculture, Forestry and Fishing.",2019-20:3-7:4,data_2019-20/81670DO003_201920.xlsx,Table_7,F30,68.3
cloud,Advanced technologies,2019-20,2019–20,Industry,Other Services,All businesses,42.7,published,,%,D,2019-20,"Businesses in the selected category and population. Coverage includes Agriculture, Forestry and Fishing.",2019-20:3-7:4,data_2019-20/81670DO003_201920.xlsx,Table_7,F31,42.7
analytics,Data capability,2019-20,2019–20,Overall,Total,All businesses,5.7,published,,%,D,2019-20,"Businesses in the selected category and population. Coverage includes Agriculture, Forestry and Fishing.",2019-20:3-7:6,data_2019-20/81670DO003_201920.xlsx,Table_7,H7,5.7
analytics,Data capability,2019-20,2019–20,Employment size,0–4 persons,All businesses,4.7,published,,%,D,2019-20,"Businesses in the selected category and population. Coverage includes Agriculture, Forestry and Fishing.",2019-20:3-7:6,data_2019-20/81670DO003_201920.xlsx,Table_7,H9,4.7
analytics,Data capability,2019-20,2019–20,Employment size,5–19 persons,All businesses,5.5,published,,%,D,2019-20,"Businesses in the selected category and population. Coverage includes Agriculture, Forestry and Fishing.",2019-20:3-7:6,data_2019-20/81670DO003_201920.xlsx,Table_7,H10,5.5
analytics,Data capability,2019-20,2019–20,Employment size,20–199 persons,All businesses,13.3,published,,%,D,2019-20,"Businesses in the selected category and population. Coverage includes Agriculture, Forestry and Fishing.",2019-20:3-7:6,data_2019-20/81670DO003_201920.xlsx,Table_7,H12,13.3
analytics,Data capability,2019-20,2019–20,Employment size,200 or more persons,All businesses,35.3,published,,%,D,2019-20,"Businesses in the selected category and population. Coverage includes Agriculture, Forestry and Fishing.",2019-20:3-7:6,data_2019-20/81670DO003_201920.xlsx,Table_7,H13,35.3
analytics,Data capability,2019-20,2019–20,Industry,"Agriculture, Forestry and Fishing",All businesses,4.1,published,,%,D,2019-20,"Businesses in the selected category and population. Coverage includes Agriculture, Forestry and Fishing.",2019-20:3-7:6,data_2019-20/81670DO003_201920.xlsx,Table_7,H15,4.1
analytics,Data capability,2019-20,2019–20,Industry,Mining,All businesses,16.1,published,,%,D,2019-20,"Businesses in the selected category and population. Coverage includes Agriculture, Forestry and Fishing.",2019-20:3-7:6,data_2019-20/81670DO003_201920.xlsx,Table_7,H16,16.1
analytics,Data capability,2019-20,2019–20,Industry,Manufacturing,All businesses,5.4,published,,%,D,2019-20,"Businesses in the selected category and population. Coverage includes Agriculture, Forestry and Fishing.",2019-20:3-7:6,data_2019-20/81670DO003_201920.xlsx,Table_7,H17,5.4
analytics,Data capability,2019-20,2019–20,Industry,"Electricity, Gas, Water and Waste Services",All businesses,8.7,published,,%,D,2019-20,"Businesses in the selected category and population. Coverage includes Agriculture, Forestry and Fishing.",2019-20:3-7:6,data_2019-20/81670DO003_201920.xlsx,Table_7,H18,8.7
analytics,Data capability,2019-20,2019–20,Industry,Construction,All businesses,0.9,published,,%,D,2019-20,"Businesses in the selected category and population. Coverage includes Agriculture, Forestry and Fishing.",2019-20:3-7:6,data_2019-20/81670DO003_201920.xlsx,Table_7,H19,0.9
analytics,Data capability,2019-20,2019–20,Industry,Wholesale Trade,All businesses,6.2,published,,%,D,2019-20,"Businesses in the selected category and population. Coverage includes Agriculture, Forestry and Fishing.",2019-20:3-7:6,data_2019-20/81670DO003_201920.xlsx,Table_7,H20,6.2
analytics,Data capability,2019-20,2019–20,Industry,Retail Trade,All businesses,7.1,published,,%,D,2019-20,"Businesses in the selected category and population. Coverage includes Agriculture, Forestry and Fishing.",2019-20:3-7:6,data_2019-20/81670DO003_201920.xlsx,Table_7,H21,7.1
analytics,Data capability,2019-20,2019–20,Industry,Accommodation and Food Services,All businesses,3,published,,%,D,2019-20,"Businesses in the selected category and population. Coverage includes Agriculture, Forestry and Fishing.",2019-20:3-7:6,data_2019-20/81670DO003_201920.xlsx,Table_7,H22,3
analytics,Data capability,2019-20,2019–20,Industry,"Transport, Postal and Warehousing",All businesses,3.4,published,,%,D,2019-20,"Businesses in the selected category and population. Coverage includes Agriculture, Forestry and Fishing.",2019-20:3-7:6,data_2019-20/81670DO003_201920.xlsx,Table_7,H23,3.4
analytics,Data capability,2019-20,2019–20,Industry,Information Media and Telecommunications,All businesses,17.2,published,,%,D,2019-20,"Businesses in the selected category and population. Coverage includes Agriculture, Forestry and Fishing.",2019-20:3-7:6,data_2019-20/81670DO003_201920.xlsx,Table_7,H24,17.2
analytics,Data capability,2019-20,2019–20,Industry,Financial and Insurance Services,All businesses,8.3,published,,%,D,2019-20,"Businesses in the selected category and population. Coverage includes Agriculture, Forestry and Fishing.",2019-20:3-7:6,data_2019-20/81670DO003_201920.xlsx,Table_7,H25,8.3
analytics,Data capability,2019-20,2019–20,Industry,"Rental, Hiring and Real Estate Services",All businesses,7.1,published,,%,D,2019-20,"Businesses in the selected category and population. Coverage includes Agriculture, Forestry and Fishing.",2019-20:3-7:6,data_2019-20/81670DO003_201920.xlsx,Table_7,H26,7.1
analytics,Data capability,2019-20,2019–20,Industry,"Professional, Scientific and Technical Services",All businesses,14.5,published,,%,D,2019-20,"Businesses in the selected category and population. Coverage includes Agriculture, Forestry and Fishing.",2019-20:3-7:6,data_2019-20/81670DO003_201920.xlsx,Table_7,H27,14.5
analytics,Data capability,2019-20,2019–20,Industry,Administrative and Support Services,All businesses,4.3,published,,%,D,2019-20,"Businesses in the selected category and population. Coverage includes Agriculture, Forestry and Fishing.",2019-20:3-7:6,data_2019-20/81670DO003_201920.xlsx,Table_7,H28,4.3
analytics,Data capability,2019-20,2019–20,Industry,Health Care and Social Assistance,All businesses,2.2,published,,%,D,2019-20,"Businesses in the selected category and population. Coverage includes Agriculture, Forestry and Fishing.",2019-20:3-7:6,data_2019-20/81670DO003_201920.xlsx,Table_7,H29,2.2
analytics,Data capability,2019-20,2019–20,Industry,Arts and Recreation Services,All businesses,7.3,published,,%,D,2019-20,"Businesses in the selected category and population. Coverage includes Agriculture, Forestry and Fishing.",2019-20:3-7:6,data_2019-20/81670DO003_201920.xlsx,Table_7,H30,7.3
analytics,Data capability,2019-20,2019–20,Industry,Other Services,All businesses,3.1,published,,%,D,2019-20,"Businesses in the selected category and population. Coverage includes Agriculture, Forestry and Fishing.",2019-20:3-7:6,data_2019-20/81670DO003_201920.xlsx,Table_7,H31,3.1
iot,Advanced technologies,2019-20,2019–20,Overall,Total,All businesses,7.4,published,,%,D,2019-20,"Businesses in the selected category and population. Coverage includes Agriculture, Forestry and Fishing.",2019-20:3-7:7,data_2019-20/81670DO003_201920.xlsx,Table_7,I7,7.4
iot,Advanced technologies,2019-20,2019–20,Employment size,0–4 persons,All businesses,5.7,published,,%,D,2019-20,"Businesses in the selected category and population. Coverage includes Agriculture, Forestry and Fishing.",2019-20:3-7:7,data_2019-20/81670DO003_201920.xlsx,Table_7,I9,5.7
iot,Advanced technologies,2019-20,2019–20,Employment size,5–19 persons,All businesses,9.2,published,,%,D,2019-20,"Businesses in the selected category and population. Coverage includes Agriculture, Forestry and Fishing.",2019-20:3-7:7,data_2019-20/81670DO003_201920.xlsx,Table_7,I10,9.2
iot,Advanced technologies,2019-20,2019–20,Employment size,20–199 persons,All businesses,13.4,published,,%,D,2019-20,"Businesses in the selected category and population. Coverage includes Agriculture, Forestry and Fishing.",2019-20:3-7:7,data_2019-20/81670DO003_201920.xlsx,Table_7,I12,13.4
iot,Advanced technologies,2019-20,2019–20,Employment size,200 or more persons,All businesses,28.5,published,,%,D,2019-20,"Businesses in the selected category and population. Coverage includes Agriculture, Forestry and Fishing.",2019-20:3-7:7,data_2019-20/81670DO003_201920.xlsx,Table_7,I13,28.5
iot,Advanced technologies,2019-20,2019–20,Industry,"Agriculture, Forestry and Fishing",All businesses,7.9,published,,%,D,2019-20,"Businesses in the selected category and population. Coverage includes Agriculture, Forestry and Fishing.",2019-20:3-7:7,data_2019-20/81670DO003_201920.xlsx,Table_7,I15,7.9
iot,Advanced technologies,2019-20,2019–20,Industry,Mining,All businesses,12.7,published,,%,D,2019-20,"Businesses in the selected category and population. Coverage includes Agriculture, Forestry and Fishing.",2019-20:3-7:7,data_2019-20/81670DO003_201920.xlsx,Table_7,I16,12.7
iot,Advanced technologies,2019-20,2019–20,Industry,Manufacturing,All businesses,8,published,,%,D,2019-20,"Businesses in the selected category and population. Coverage includes Agriculture, Forestry and Fishing.",2019-20:3-7:7,data_2019-20/81670DO003_201920.xlsx,Table_7,I17,8
iot,Advanced technologies,2019-20,2019–20,Industry,"Electricity, Gas, Water and Waste Services",All businesses,13.4,published,,%,D,2019-20,"Businesses in the selected category and population. Coverage includes Agriculture, Forestry and Fishing.",2019-20:3-7:7,data_2019-20/81670DO003_201920.xlsx,Table_7,I18,13.4
iot,Advanced technologies,2019-20,2019–20,Industry,Construction,All businesses,5.8,published,,%,D,2019-20,"Businesses in the selected category and population. Coverage includes Agriculture, Forestry and Fishing.",2019-20:3-7:7,data_2019-20/81670DO003_201920.xlsx,Table_7,I19,5.8
iot,Advanced technologies,2019-20,2019–20,Industry,Wholesale Trade,All businesses,6.3,published,,%,D,2019-20,"Businesses in the selected category and population. Coverage includes Agriculture, Forestry and Fishing.",2019-20:3-7:7,data_2019-20/81670DO003_201920.xlsx,Table_7,I20,6.3
iot,Advanced technologies,2019-20,2019–20,Industry,Retail Trade,All businesses,8.7,published,,%,D,2019-20,"Businesses in the selected category and population. Coverage includes Agriculture, Forestry and Fishing.",2019-20:3-7:7,data_2019-20/81670DO003_201920.xlsx,Table_7,I21,8.7
iot,Advanced technologies,2019-20,2019–20,Industry,Accommodation and Food Services,All businesses,5.7,published,,%,D,2019-20,"Businesses in the selected category and population. Coverage includes Agriculture, Forestry and Fishing.",2019-20:3-7:7,data_2019-20/81670DO003_201920.xlsx,Table_7,I22,5.7
iot,Advanced technologies,2019-20,2019–20,Industry,"Transport, Postal and Warehousing",All businesses,7.1,published,,%,D,2019-20,"Businesses in the selected category and population. Coverage includes Agriculture, Forestry and Fishing.",2019-20:3-7:7,data_2019-20/81670DO003_201920.xlsx,Table_7,I23,7.1
iot,Advanced technologies,2019-20,2019–20,Industry,Information Media and Telecommunications,All businesses,14,published,,%,D,2019-20,"Businesses in the selected category and population. Coverage includes Agriculture, Forestry and Fishing.",2019-20:3-7:7,data_2019-20/81670DO003_201920.xlsx,Table_7,I24,14
iot,Advanced technologies,2019-20,2019–20,Industry,Financial and Insurance Services,All businesses,8.4,published,,%,D,2019-20,"Businesses in the selected category and population. Coverage includes Agriculture, Forestry and Fishing.",2019-20:3-7:7,data_2019-20/81670DO003_201920.xlsx,Table_7,I25,8.4
iot,Advanced technologies,2019-20,2019–20,Industry,"Rental, Hiring and Real Estate Services",All businesses,8.1,published,,%,D,2019-20,"Businesses in the selected category and population. Coverage includes Agriculture, Forestry and Fishing.",2019-20:3-7:7,data_2019-20/81670DO003_201920.xlsx,Table_7,I26,8.1
iot,Advanced technologies,2019-20,2019–20,Industry,"Professional, Scientific and Technical Services",All businesses,11.6,published,,%,D,2019-20,"Businesses in the selected category and population. Coverage includes Agriculture, Forestry and Fishing.",2019-20:3-7:7,data_2019-20/81670DO003_201920.xlsx,Table_7,I27,11.6
iot,Advanced technologies,2019-20,2019–20,Industry,Administrative and Support Services,All businesses,6.1,published,,%,D,2019-20,"Businesses in the selected category and population. Coverage includes Agriculture, Forestry and Fishing.",2019-20:3-7:7,data_2019-20/81670DO003_201920.xlsx,Table_7,I28,6.1
iot,Advanced technologies,2019-20,2019–20,Industry,Health Care and Social Assistance,All businesses,4.6,published,,%,D,2019-20,"Businesses in the selected category and population. Coverage includes Agriculture, Forestry and Fishing.",2019-20:3-7:7,data_2019-20/81670DO003_201920.xlsx,Table_7,I29,4.6
iot,Advanced technologies,2019-20,2019–20,Industry,Arts and Recreation Services,All businesses,7.1,published,,%,D,2019-20,"Businesses in the selected category and population. Coverage includes Agriculture, Forestry and Fishing.",2019-20:3-7:7,data_2019-20/81670DO003_201920.xlsx,Table_7,I30,7.1
iot,Advanced technologies,2019-20,2019–20,Industry,Other Services,All businesses,3.9,published,,%,D,2019-20,"Businesses in the selected category and population. Coverage includes Agriculture, Forestry and Fishing.",2019-20:3-7:7,data_2019-20/81670DO003_201920.xlsx,Table_7,I31,3.9
ai,Advanced technologies,2019-20,2019–20,Overall,Total,All businesses,2,published,,%,D,2019-20,"Businesses in the selected category and population. Coverage includes Agriculture, Forestry and Fishing.",2019-20:3-7:8,data_2019-20/81670DO003_201920.xlsx,Table_7,J7,2
ai,Advanced technologies,2019-20,2019–20,Employment size,0–4 persons,All businesses,1.8,published,,%,D,2019-20,"Businesses in the selected category and population. Coverage includes Agriculture, Forestry and Fishing.",2019-20:3-7:8,data_2019-20/81670DO003_201920.xlsx,Table_7,J9,1.8
ai,Advanced technologies,2019-20,2019–20,Employment size,5–19 persons,All businesses,2,published,,%,D,2019-20,"Businesses in the selected category and population. Coverage includes Agriculture, Forestry and Fishing.",2019-20:3-7:8,data_2019-20/81670DO003_201920.xlsx,Table_7,J10,2
ai,Advanced technologies,2019-20,2019–20,Employment size,20–199 persons,All businesses,3.4,published,,%,D,2019-20,"Businesses in the selected category and population. Coverage includes Agriculture, Forestry and Fishing.",2019-20:3-7:8,data_2019-20/81670DO003_201920.xlsx,Table_7,J12,3.4
ai,Advanced technologies,2019-20,2019–20,Employment size,200 or more persons,All businesses,12.4,published,,%,D,2019-20,"Businesses in the selected category and population. Coverage includes Agriculture, Forestry and Fishing.",2019-20:3-7:8,data_2019-20/81670DO003_201920.xlsx,Table_7,J13,12.4
ai,Advanced technologies,2019-20,2019–20,Industry,"Agriculture, Forestry and Fishing",All businesses,,suppressed,"not available for publication but included in totals where applicable, unless otherwise indicated",%,D,2019-20,"Businesses in the selected category and population. Coverage includes Agriculture, Forestry and Fishing.",2019-20:3-7:8,data_2019-20/81670DO003_201920.xlsx,Table_7,J15,
ai,Advanced technologies,2019-20,2019–20,Industry,Mining,All businesses,5.1,published,,%,D,2019-20,"Businesses in the selected category and population. Coverage includes Agriculture, Forestry and Fishing.",2019-20:3-7:8,data_2019-20/81670DO003_201920.xlsx,Table_7,J16,5.1
ai,Advanced technologies,2019-20,2019–20,Industry,Manufacturing,All businesses,1.9,published,,%,D,2019-20,"Businesses in the selected category and population. Coverage includes Agriculture, Forestry and Fishing.",2019-20:3-7:8,data_2019-20/81670DO003_201920.xlsx,Table_7,J17,1.9
ai,Advanced technologies,2019-20,2019–20,Industry,"Electricity, Gas, Water and Waste Services",All businesses,2,published,,%,D,2019-20,"Businesses in the selected category and population. Coverage includes Agriculture, Forestry and Fishing.",2019-20:3-7:8,data_2019-20/81670DO003_201920.xlsx,Table_7,J18,2
ai,Advanced technologies,2019-20,2019–20,Industry,Construction,All businesses,0.4,published,,%,D,2019-20,"Businesses in the selected category and population. Coverage includes Agriculture, Forestry and Fishing.",2019-20:3-7:8,data_2019-20/81670DO003_201920.xlsx,Table_7,J19,0.4
ai,Advanced technologies,2019-20,2019–20,Industry,Wholesale Trade,All businesses,1.5,published,,%,D,2019-20,"Businesses in the selected category and population. Coverage includes Agriculture, Forestry and Fishing.",2019-20:3-7:8,data_2019-20/81670DO003_201920.xlsx,Table_7,J20,1.5
ai,Advanced technologies,2019-20,2019–20,Industry,Retail Trade,All businesses,1.2,published,,%,D,2019-20,"Businesses in the selected category and population. Coverage includes Agriculture, Forestry and Fishing.",2019-20:3-7:8,data_2019-20/81670DO003_201920.xlsx,Table_7,J21,1.2
ai,Advanced technologies,2019-20,2019–20,Industry,Accommodation and Food Services,All businesses,0.3,published,,%,D,2019-20,"Businesses in the selected category and population. Coverage includes Agriculture, Forestry and Fishing.",2019-20:3-7:8,data_2019-20/81670DO003_201920.xlsx,Table_7,J22,0.3
ai,Advanced technologies,2019-20,2019–20,Industry,"Transport, Postal and Warehousing",All businesses,1.4,published,,%,D,2019-20,"Businesses in the selected category and population. Coverage includes Agriculture, Forestry and Fishing.",2019-20:3-7:8,data_2019-20/81670DO003_201920.xlsx,Table_7,J23,1.4
ai,Advanced technologies,2019-20,2019–20,Industry,Information Media and Telecommunications,All businesses,8.3,published,,%,D,2019-20,"Businesses in the selected category and population. Coverage includes Agriculture, Forestry and Fishing.",2019-20:3-7:8,data_2019-20/81670DO003_201920.xlsx,Table_7,J24,8.3
ai,Advanced technologies,2019-20,2019–20,Industry,Financial and Insurance Services,All businesses,4.1,published,,%,D,2019-20,"Businesses in the selected category and population. Coverage includes Agriculture, Forestry and Fishing.",2019-20:3-7:8,data_2019-20/81670DO003_201920.xlsx,Table_7,J25,4.1
ai,Advanced technologies,2019-20,2019–20,Industry,"Rental, Hiring and Real Estate Services",All businesses,0.9,published,,%,D,2019-20,"Businesses in the selected category and population. Coverage includes Agriculture, Forestry and Fishing.",2019-20:3-7:8,data_2019-20/81670DO003_201920.xlsx,Table_7,J26,0.9
ai,Advanced technologies,2019-20,2019–20,Industry,"Professional, Scientific and Technical Services",All businesses,5.8,published,,%,D,2019-20,"Businesses in the selected category and population. Coverage includes Agriculture, Forestry and Fishing.",2019-20:3-7:8,data_2019-20/81670DO003_201920.xlsx,Table_7,J27,5.8
ai,Advanced technologies,2019-20,2019–20,Industry,Administrative and Support Services,All businesses,2.8,published,,%,D,2019-20,"Businesses in the selected category and population. Coverage includes Agriculture, Forestry and Fishing.",2019-20:3-7:8,data_2019-20/81670DO003_201920.xlsx,Table_7,J28,2.8
ai,Advanced technologies,2019-20,2019–20,Industry,Health Care and Social Assistance,All businesses,2.5,published,,%,D,2019-20,"Businesses in the selected category and population. Coverage includes Agriculture, Forestry and Fishing.",2019-20:3-7:8,data_2019-20/81670DO003_201920.xlsx,Table_7,J29,2.5
ai,Advanced technologies,2019-20,2019–20,Industry,Arts and Recreation Services,All businesses,0.6,published,,%,D,2019-20,"Businesses in the selected category and population. Coverage includes Agriculture, Forestry and Fishing.",2019-20:3-7:8,data_2019-20/81670DO003_201920.xlsx,Table_7,J30,0.6
ai,Advanced technologies,2019-20,2019–20,Industry,Other Services,All businesses,1,published,,%,D,2019-20,"Businesses in the selected category and population. Coverage includes Agriculture, Forestry and Fishing.",2019-20:3-7:8,data_2019-20/81670DO003_201920.xlsx,Table_7,J31,1
internet,Basic connectivity,2021-22,2021–22,Overall,Total,All businesses,98.1,published,,%,C,2021-22,"Proportions are of all businesses in each output category. Business could select more than one type of broadband and/or dial-up connection. Coverage includes Agriculture, Forestry and Fishing.",2021-22:5-1:0,data_2021-22/81670DO005_202122.xlsx,Table_1,B7,98.1
internet,Basic connectivity,2021-22,2021–22,Employment size,0–4 persons,All businesses,97.3,published,,%,C,2021-22,"Proportions are of all businesses in each output category. Business could select more than one type of broadband and/or dial-up connection. Coverage includes Agriculture, Forestry and Fishing.",2021-22:5-1:0,data_2021-22/81670DO005_202122.xlsx,Table_1,B9,97.3
internet,Basic connectivity,2021-22,2021–22,Employment size,5–19 persons,All businesses,99.7,published,,%,C,2021-22,"Proportions are of all businesses in each output category. Business could select more than one type of broadband and/or dial-up connection. Coverage includes Agriculture, Forestry and Fishing.",2021-22:5-1:0,data_2021-22/81670DO005_202122.xlsx,Table_1,B10,99.7
internet,Basic connectivity,2021-22,2021–22,Employment size,20–199 persons,All businesses,99.3,published,,%,C,2021-22,"Proportions are of all businesses in each output category. Business could select more than one type of broadband and/or dial-up connection. Coverage includes Agriculture, Forestry and Fishing.",2021-22:5-1:0,data_2021-22/81670DO005_202122.xlsx,Table_1,B11,99.3
internet,Basic connectivity,2021-22,2021–22,Employment size,200 or more persons,All businesses,100,published,,%,C,2021-22,"Proportions are of all businesses in each output category. Business could select more than one type of broadband and/or dial-up connection. Coverage includes Agriculture, Forestry and Fishing.",2021-22:5-1:0,data_2021-22/81670DO005_202122.xlsx,Table_1,B12,100
internet,Basic connectivity,2021-22,2021–22,Industry,"Agriculture, Forestry and Fishing",All businesses,99.8,published,,%,C,2021-22,"Proportions are of all businesses in each output category. Business could select more than one type of broadband and/or dial-up connection. Coverage includes Agriculture, Forestry and Fishing.",2021-22:5-1:0,data_2021-22/81670DO005_202122.xlsx,Table_1,B14,99.8
internet,Basic connectivity,2021-22,2021–22,Industry,Mining,All businesses,96.4,published,,%,C,2021-22,"Proportions are of all businesses in each output category. Business could select more than one type of broadband and/or dial-up connection. Coverage includes Agriculture, Forestry and Fishing.",2021-22:5-1:0,data_2021-22/81670DO005_202122.xlsx,Table_1,B15,96.4
internet,Basic connectivity,2021-22,2021–22,Industry,Manufacturing,All businesses,99.2,published,,%,C,2021-22,"Proportions are of all businesses in each output category. Business could select more than one type of broadband and/or dial-up connection. Coverage includes Agriculture, Forestry and Fishing.",2021-22:5-1:0,data_2021-22/81670DO005_202122.xlsx,Table_1,B16,99.2
internet,Basic connectivity,2021-22,2021–22,Industry,"Electricity, Gas, Water and Waste Services",All businesses,96.7,published,,%,C,2021-22,"Proportions are of all businesses in each output category. Business could select more than one type of broadband and/or dial-up connection. Coverage includes Agriculture, Forestry and Fishing.",2021-22:5-1:0,data_2021-22/81670DO005_202122.xlsx,Table_1,B17,96.7
internet,Basic connectivity,2021-22,2021–22,Industry,Construction,All businesses,98.3,published,,%,C,2021-22,"Proportions are of all businesses in each output category. Business could select more than one type of broadband and/or dial-up connection. Coverage includes Agriculture, Forestry and Fishing.",2021-22:5-1:0,data_2021-22/81670DO005_202122.xlsx,Table_1,B18,98.3
internet,Basic connectivity,2021-22,2021–22,Industry,Wholesale Trade,All businesses,98.1,published,,%,C,2021-22,"Proportions are of all businesses in each output category. Business could select more than one type of broadband and/or dial-up connection. Coverage includes Agriculture, Forestry and Fishing.",2021-22:5-1:0,data_2021-22/81670DO005_202122.xlsx,Table_1,B19,98.1
internet,Basic connectivity,2021-22,2021–22,Industry,Retail Trade,All businesses,98.5,published,,%,C,2021-22,"Proportions are of all businesses in each output category. Business could select more than one type of broadband and/or dial-up connection. Coverage includes Agriculture, Forestry and Fishing.",2021-22:5-1:0,data_2021-22/81670DO005_202122.xlsx,Table_1,B20,98.5
internet,Basic connectivity,2021-22,2021–22,Industry,Accommodation and Food Services,All businesses,96.1,published,,%,C,2021-22,"Proportions are of all businesses in each output category. Business could select more than one type of broadband and/or dial-up connection. Coverage includes Agriculture, Forestry and Fishing.",2021-22:5-1:0,data_2021-22/81670DO005_202122.xlsx,Table_1,B21,96.1
internet,Basic connectivity,2021-22,2021–22,Industry,"Transport, Postal and Warehousing",All businesses,93.8,published,,%,C,2021-22,"Proportions are of all businesses in each output category. Business could select more than one type of broadband and/or dial-up connection. Coverage includes Agriculture, Forestry and Fishing.",2021-22:5-1:0,data_2021-22/81670DO005_202122.xlsx,Table_1,B22,93.8
internet,Basic connectivity,2021-22,2021–22,Industry,Information Media and Telecommunications,All businesses,99.3,published,,%,C,2021-22,"Proportions are of all businesses in each output category. Business could select more than one type of broadband and/or dial-up connection. Coverage includes Agriculture, Forestry and Fishing.",2021-22:5-1:0,data_2021-22/81670DO005_202122.xlsx,Table_1,B23,99.3
internet,Basic connectivity,2021-22,2021–22,Industry,Financial and Insurance Services,All businesses,97.9,published,,%,C,2021-22,"Proportions are of all businesses in each output category. Business could select more than one type of broadband and/or dial-up connection. Coverage includes Agriculture, Forestry and Fishing.",2021-22:5-1:0,data_2021-22/81670DO005_202122.xlsx,Table_1,B24,97.9
internet,Basic connectivity,2021-22,2021–22,Industry,"Rental, Hiring and Real Estate Services",All businesses,99.3,published,,%,C,2021-22,"Proportions are of all businesses in each output category. Business could select more than one type of broadband and/or dial-up connection. Coverage includes Agriculture, Forestry and Fishing.",2021-22:5-1:0,data_2021-22/81670DO005_202122.xlsx,Table_1,B25,99.3
internet,Basic connectivity,2021-22,2021–22,Industry,"Professional, Scientific and Technical Services",All businesses,98.4,published,,%,C,2021-22,"Proportions are of all businesses in each output category. Business could select more than one type of broadband and/or dial-up connection. Coverage includes Agriculture, Forestry and Fishing.",2021-22:5-1:0,data_2021-22/81670DO005_202122.xlsx,Table_1,B26,98.4
internet,Basic connectivity,2021-22,2021–22,Industry,Administrative and Support Services,All businesses,96.4,published,,%,C,2021-22,"Proportions are of all businesses in each output category. Business could select more than one type of broadband and/or dial-up connection. Coverage includes Agriculture, Forestry and Fishing.",2021-22:5-1:0,data_2021-22/81670DO005_202122.xlsx,Table_1,B27,96.4
internet,Basic connectivity,2021-22,2021–22,Industry,Health Care and Social Assistance,All businesses,99,published,,%,C,2021-22,"Proportions are of all businesses in each output category. Business could select more than one type of broadband and/or dial-up connection. Coverage includes Agriculture, Forestry and Fishing.",2021-22:5-1:0,data_2021-22/81670DO005_202122.xlsx,Table_1,B28,99
internet,Basic connectivity,2021-22,2021–22,Industry,Arts and Recreation Services,All businesses,97.6,published,,%,C,2021-22,"Proportions are of all businesses in each output category. Business could select more than one type of broadband and/or dial-up connection. Coverage includes Agriculture, Forestry and Fishing.",2021-22:5-1:0,data_2021-22/81670DO005_202122.xlsx,Table_1,B29,97.6
internet,Basic connectivity,2021-22,2021–22,Industry,Other Services,All businesses,99.3,published,,%,C,2021-22,"Proportions are of all businesses in each output category. Business could select more than one type of broadband and/or dial-up connection. Coverage includes Agriculture, Forestry and Fishing.",2021-22:5-1:0,data_2021-22/81670DO005_202122.xlsx,Table_1,B30,99.3
website_app,Basic connectivity,2021-22,2021–22,Overall,Total,All businesses,50.7,published,,%,C,2021-22,"Proportions are of all businesses in each output category. Businesses could select more than one option. Coverage includes Agriculture, Forestry and Fishing.",2021-22:6-1:0,data_2021-22/81670DO006_202122.xlsx,Table_1,B7,50.7
website_app,Basic connectivity,2021-22,2021–22,Employment size,0–4 persons,All businesses,40.1,published,,%,C,2021-22,"Proportions are of all businesses in each output category. Businesses could select more than one option. Coverage includes Agriculture, Forestry and Fishing.",2021-22:6-1:0,data_2021-22/81670DO006_202122.xlsx,Table_1,B9,40.1
website_app,Basic connectivity,2021-22,2021–22,Employment size,5–19 persons,All businesses,68.1,published,,%,C,2021-22,"Proportions are of all businesses in each output category. Businesses could select more than one option. Coverage includes Agriculture, Forestry and Fishing.",2021-22:6-1:0,data_2021-22/81670DO006_202122.xlsx,Table_1,B10,68.1
website_app,Basic connectivity,2021-22,2021–22,Employment size,20–199 persons,All businesses,87,published,,%,C,2021-22,"Proportions are of all businesses in each output category. Businesses could select more than one option. Coverage includes Agriculture, Forestry and Fishing.",2021-22:6-1:0,data_2021-22/81670DO006_202122.xlsx,Table_1,B11,87
website_app,Basic connectivity,2021-22,2021–22,Employment size,200 or more persons,All businesses,94.5,published,,%,C,2021-22,"Proportions are of all businesses in each output category. Businesses could select more than one option. Coverage includes Agriculture, Forestry and Fishing.",2021-22:6-1:0,data_2021-22/81670DO006_202122.xlsx,Table_1,B12,94.5
website_app,Basic connectivity,2021-22,2021–22,Industry,"Agriculture, Forestry and Fishing",All businesses,13,published,,%,C,2021-22,"Proportions are of all businesses in each output category. Businesses could select more than one option. Coverage includes Agriculture, Forestry and Fishing.",2021-22:6-1:0,data_2021-22/81670DO006_202122.xlsx,Table_1,B14,13
website_app,Basic connectivity,2021-22,2021–22,Industry,Mining,All businesses,60.9,published,,%,C,2021-22,"Proportions are of all businesses in each output category. Businesses could select more than one option. Coverage includes Agriculture, Forestry and Fishing.",2021-22:6-1:0,data_2021-22/81670DO006_202122.xlsx,Table_1,B15,60.9
website_app,Basic connectivity,2021-22,2021–22,Industry,Manufacturing,All businesses,71.9,published,,%,C,2021-22,"Proportions are of all businesses in each output category. Businesses could select more than one option. Coverage includes Agriculture, Forestry and Fishing.",2021-22:6-1:0,data_2021-22/81670DO006_202122.xlsx,Table_1,B16,71.9
website_app,Basic connectivity,2021-22,2021–22,Industry,"Electricity, Gas, Water and Waste Services",All businesses,65.7,published,,%,C,2021-22,"Proportions are of all businesses in each output category. Businesses could select more than one option. Coverage includes Agriculture, Forestry and Fishing.",2021-22:6-1:0,data_2021-22/81670DO006_202122.xlsx,Table_1,B17,65.7
website_app,Basic connectivity,2021-22,2021–22,Industry,Construction,All businesses,33,published,,%,C,2021-22,"Proportions are of all businesses in each output category. Businesses could select more than one option. Coverage includes Agriculture, Forestry and Fishing.",2021-22:6-1:0,data_2021-22/81670DO006_202122.xlsx,Table_1,B18,33
website_app,Basic connectivity,2021-22,2021–22,Industry,Wholesale Trade,All businesses,67.8,published,,%,C,2021-22,"Proportions are of all businesses in each output category. Businesses could select more than one option. Coverage includes Agriculture, Forestry and Fishing.",2021-22:6-1:0,data_2021-22/81670DO006_202122.xlsx,Table_1,B19,67.8
website_app,Basic connectivity,2021-22,2021–22,Industry,Retail Trade,All businesses,58.1,published,,%,C,2021-22,"Proportions are of all businesses in each output category. Businesses could select more than one option. Coverage includes Agriculture, Forestry and Fishing.",2021-22:6-1:0,data_2021-22/81670DO006_202122.xlsx,Table_1,B20,58.1
website_app,Basic connectivity,2021-22,2021–22,Industry,Accommodation and Food Services,All businesses,53.2,published,,%,C,2021-22,"Proportions are of all businesses in each output category. Businesses could select more than one option. Coverage includes Agriculture, Forestry and Fishing.",2021-22:6-1:0,data_2021-22/81670DO006_202122.xlsx,Table_1,B21,53.2
website_app,Basic connectivity,2021-22,2021–22,Industry,"Transport, Postal and Warehousing",All businesses,22.4,published,,%,C,2021-22,"Proportions are of all businesses in each output category. Businesses could select more than one option. Coverage includes Agriculture, Forestry and Fishing.",2021-22:6-1:0,data_2021-22/81670DO006_202122.xlsx,Table_1,B22,22.4
website_app,Basic connectivity,2021-22,2021–22,Industry,Information Media and Telecommunications,All businesses,70.7,published,,%,C,2021-22,"Proportions are of all businesses in each output category. Businesses could select more than one option. Coverage includes Agriculture, Forestry and Fishing.",2021-22:6-1:0,data_2021-22/81670DO006_202122.xlsx,Table_1,B23,70.7
website_app,Basic connectivity,2021-22,2021–22,Industry,Financial and Insurance Services,All businesses,66.1,published,,%,C,2021-22,"Proportions are of all businesses in each output category. Businesses could select more than one option. Coverage includes Agriculture, Forestry and Fishing.",2021-22:6-1:0,data_2021-22/81670DO006_202122.xlsx,Table_1,B24,66.1
website_app,Basic connectivity,2021-22,2021–22,Industry,"Rental, Hiring and Real Estate Services",All businesses,58.5,published,,%,C,2021-22,"Proportions are of all businesses in each output category. Businesses could select more than one option. Coverage includes Agriculture, Forestry and Fishing.",2021-22:6-1:0,data_2021-22/81670DO006_202122.xlsx,Table_1,B25,58.5
website_app,Basic connectivity,2021-22,2021–22,Industry,"Professional, Scientific and Technical Services",All businesses,62.9,published,,%,C,2021-22,"Proportions are of all businesses in each output category. Businesses could select more than one option. Coverage includes Agriculture, Forestry and Fishing.",2021-22:6-1:0,data_2021-22/81670DO006_202122.xlsx,Table_1,B26,62.9
website_app,Basic connectivity,2021-22,2021–22,Industry,Administrative and Support Services,All businesses,54.6,published,,%,C,2021-22,"Proportions are of all businesses in each output category. Businesses could select more than one option. Coverage includes Agriculture, Forestry and Fishing.",2021-22:6-1:0,data_2021-22/81670DO006_202122.xlsx,Table_1,B27,54.6
website_app,Basic connectivity,2021-22,2021–22,Industry,Health Care and Social Assistance,All businesses,59.5,published,,%,C,2021-22,"Proportions are of all businesses in each output category. Businesses could select more than one option. Coverage includes Agriculture, Forestry and Fishing.",2021-22:6-1:0,data_2021-22/81670DO006_202122.xlsx,Table_1,B28,59.5
website_app,Basic connectivity,2021-22,2021–22,Industry,Arts and Recreation Services,All businesses,74.1,published,,%,C,2021-22,"Proportions are of all businesses in each output category. Businesses could select more than one option. Coverage includes Agriculture, Forestry and Fishing.",2021-22:6-1:0,data_2021-22/81670DO006_202122.xlsx,Table_1,B29,74.1
website_app,Basic connectivity,2021-22,2021–22,Industry,Other Services,All businesses,45,published,,%,C,2021-22,"Proportions are of all businesses in each output category. Businesses could select more than one option. Coverage includes Agriculture, Forestry and Fishing.",2021-22:6-1:0,data_2021-22/81670DO006_202122.xlsx,Table_1,B30,45
social,Basic connectivity,2021-22,2021–22,Overall,Total,All businesses,46.7,published,,%,A,recent-2021-2024,"Proportions are of all businesses in each output category. Businesses could select more than one option. Coverage includes Agriculture, Forestry and Fishing.",2021-22:6-1:2,data_2021-22/81670DO006_202122.xlsx,Table_1,D7,46.7
social,Basic connectivity,2021-22,2021–22,Employment size,0–4 persons,All businesses,39,published,,%,A,recent-2021-2024,"Proportions are of all businesses in each output category. Businesses could select more than one option. Coverage includes Agriculture, Forestry and Fishing.",2021-22:6-1:2,data_2021-22/81670DO006_202122.xlsx,Table_1,D9,39
social,Basic connectivity,2021-22,2021–22,Employment size,5–19 persons,All businesses,59.9,published,,%,A,recent-2021-2024,"Proportions are of all businesses in each output category. Businesses could select more than one option. Coverage includes Agriculture, Forestry and Fishing.",2021-22:6-1:2,data_2021-22/81670DO006_202122.xlsx,Table_1,D10,59.9
social,Basic connectivity,2021-22,2021–22,Employment size,20–199 persons,All businesses,71.7,published,,%,A,recent-2021-2024,"Proportions are of all businesses in each output category. Businesses could select more than one option. Coverage includes Agriculture, Forestry and Fishing.",2021-22:6-1:2,data_2021-22/81670DO006_202122.xlsx,Table_1,D11,71.7
social,Basic connectivity,2021-22,2021–22,Employment size,200 or more persons,All businesses,79.4,published,,%,A,recent-2021-2024,"Proportions are of all businesses in each output category. Businesses could select more than one option. Coverage includes Agriculture, Forestry and Fishing.",2021-22:6-1:2,data_2021-22/81670DO006_202122.xlsx,Table_1,D12,79.4
social,Basic connectivity,2021-22,2021–22,Industry,"Agriculture, Forestry and Fishing",All businesses,22.1,published,,%,A,recent-2021-2024,"Proportions are of all businesses in each output category. Businesses could select more than one option. Coverage includes Agriculture, Forestry and Fishing.",2021-22:6-1:2,data_2021-22/81670DO006_202122.xlsx,Table_1,D14,22.1
social,Basic connectivity,2021-22,2021–22,Industry,Mining,All businesses,38.5,published,,%,A,recent-2021-2024,"Proportions are of all businesses in each output category. Businesses could select more than one option. Coverage includes Agriculture, Forestry and Fishing.",2021-22:6-1:2,data_2021-22/81670DO006_202122.xlsx,Table_1,D15,38.5
social,Basic connectivity,2021-22,2021–22,Industry,Manufacturing,All businesses,51.3,published,,%,A,recent-2021-2024,"Proportions are of all businesses in each output category. Businesses could select more than one option. Coverage includes Agriculture, Forestry and Fishing.",2021-22:6-1:2,data_2021-22/81670DO006_202122.xlsx,Table_1,D16,51.3
social,Basic connectivity,2021-22,2021–22,Industry,"Electricity, Gas, Water and Waste Services",All businesses,41,published,,%,A,recent-2021-2024,"Proportions are of all businesses in each output category. Businesses could select more than one option. Coverage includes Agriculture, Forestry and Fishing.",2021-22:6-1:2,data_2021-22/81670DO006_202122.xlsx,Table_1,D17,41
social,Basic connectivity,2021-22,2021–22,Industry,Construction,All businesses,33.2,published,,%,A,recent-2021-2024,"Proportions are of all businesses in each output category. Businesses could select more than one option. Coverage includes Agriculture, Forestry and Fishing.",2021-22:6-1:2,data_2021-22/81670DO006_202122.xlsx,Table_1,D18,33.2
social,Basic connectivity,2021-22,2021–22,Industry,Wholesale Trade,All businesses,47.7,published,,%,A,recent-2021-2024,"Proportions are of all businesses in each output category. Businesses could select more than one option. Coverage includes Agriculture, Forestry and Fishing.",2021-22:6-1:2,data_2021-22/81670DO006_202122.xlsx,Table_1,D19,47.7
social,Basic connectivity,2021-22,2021–22,Industry,Retail Trade,All businesses,71.8,published,,%,A,recent-2021-2024,"Proportions are of all businesses in each output category. Businesses could select more than one option. Coverage includes Agriculture, Forestry and Fishing.",2021-22:6-1:2,data_2021-22/81670DO006_202122.xlsx,Table_1,D20,71.8
social,Basic connectivity,2021-22,2021–22,Industry,Accommodation and Food Services,All businesses,67,published,,%,A,recent-2021-2024,"Proportions are of all businesses in each output category. Businesses could select more than one option. Coverage includes Agriculture, Forestry and Fishing.",2021-22:6-1:2,data_2021-22/81670DO006_202122.xlsx,Table_1,D21,67
social,Basic connectivity,2021-22,2021–22,Industry,"Transport, Postal and Warehousing",All businesses,23.3,published,,%,A,recent-2021-2024,"Proportions are of all businesses in each output category. Businesses could select more than one option. Coverage includes Agriculture, Forestry and Fishing.",2021-22:6-1:2,data_2021-22/81670DO006_202122.xlsx,Table_1,D22,23.3
social,Basic connectivity,2021-22,2021–22,Industry,Information Media and Telecommunications,All businesses,64.3,published,,%,A,recent-2021-2024,"Proportions are of all businesses in each output category. Businesses could select more than one option. Coverage includes Agriculture, Forestry and Fishing.",2021-22:6-1:2,data_2021-22/81670DO006_202122.xlsx,Table_1,D23,64.3
social,Basic connectivity,2021-22,2021–22,Industry,Financial and Insurance Services,All businesses,43.7,published,,%,A,recent-2021-2024,"Proportions are of all businesses in each output category. Businesses could select more than one option. Coverage includes Agriculture, Forestry and Fishing.",2021-22:6-1:2,data_2021-22/81670DO006_202122.xlsx,Table_1,D24,43.7
social,Basic connectivity,2021-22,2021–22,Industry,"Rental, Hiring and Real Estate Services",All businesses,48.6,published,,%,A,recent-2021-2024,"Proportions are of all businesses in each output category. Businesses could select more than one option. Coverage includes Agriculture, Forestry and Fishing.",2021-22:6-1:2,data_2021-22/81670DO006_202122.xlsx,Table_1,D25,48.6
social,Basic connectivity,2021-22,2021–22,Industry,"Professional, Scientific and Technical Services",All businesses,47,published,,%,A,recent-2021-2024,"Proportions are of all businesses in each output category. Businesses could select more than one option. Coverage includes Agriculture, Forestry and Fishing.",2021-22:6-1:2,data_2021-22/81670DO006_202122.xlsx,Table_1,D26,47
social,Basic connectivity,2021-22,2021–22,Industry,Administrative and Support Services,All businesses,48.5,published,,%,A,recent-2021-2024,"Proportions are of all businesses in each output category. Businesses could select more than one option. Coverage includes Agriculture, Forestry and Fishing.",2021-22:6-1:2,data_2021-22/81670DO006_202122.xlsx,Table_1,D27,48.5
social,Basic connectivity,2021-22,2021–22,Industry,Health Care and Social Assistance,All businesses,38.3,published,,%,A,recent-2021-2024,"Proportions are of all businesses in each output category. Businesses could select more than one option. Coverage includes Agriculture, Forestry and Fishing.",2021-22:6-1:2,data_2021-22/81670DO006_202122.xlsx,Table_1,D28,38.3
social,Basic connectivity,2021-22,2021–22,Industry,Arts and Recreation Services,All businesses,78,published,,%,A,recent-2021-2024,"Proportions are of all businesses in each output category. Businesses could select more than one option. Coverage includes Agriculture, Forestry and Fishing.",2021-22:6-1:2,data_2021-22/81670DO006_202122.xlsx,Table_1,D29,78
social,Basic connectivity,2021-22,2021–22,Industry,Other Services,All businesses,56,published,,%,A,recent-2021-2024,"Proportions are of all businesses in each output category. Businesses could select more than one option. Coverage includes Agriculture, Forestry and Fishing.",2021-22:6-1:2,data_2021-22/81670DO006_202122.xlsx,Table_1,D30,56
received,Digital transactions,2021-22,2021–22,Overall,Total,All businesses,30.4,published,,%,A,recent-2021-2024,"Proportions are of all businesses in each output category. Businesses could select more than one option. Coverage includes Agriculture, Forestry and Fishing.",2021-22:6-2:4,data_2021-22/81670DO006_202122.xlsx,Table_2,F7,30.4
received,Digital transactions,2021-22,2021–22,Employment size,0–4 persons,All businesses,26.6,published,,%,A,recent-2021-2024,"Proportions are of all businesses in each output category. Businesses could select more than one option. Coverage includes Agriculture, Forestry and Fishing.",2021-22:6-2:4,data_2021-22/81670DO006_202122.xlsx,Table_2,F9,26.6
received,Digital transactions,2021-22,2021–22,Employment size,5–19 persons,All businesses,36.2,published,,%,A,recent-2021-2024,"Proportions are of all businesses in each output category. Businesses could select more than one option. Coverage includes Agriculture, Forestry and Fishing.",2021-22:6-2:4,data_2021-22/81670DO006_202122.xlsx,Table_2,F10,36.2
received,Digital transactions,2021-22,2021–22,Employment size,20–199 persons,All businesses,45.3,published,,%,A,recent-2021-2024,"Proportions are of all businesses in each output category. Businesses could select more than one option. Coverage includes Agriculture, Forestry and Fishing.",2021-22:6-2:4,data_2021-22/81670DO006_202122.xlsx,Table_2,F11,45.3
received,Digital transactions,2021-22,2021–22,Employment size,200 or more persons,All businesses,42.9,published,,%,A,recent-2021-2024,"Proportions are of all businesses in each output category. Businesses could select more than one option. Coverage includes Agriculture, Forestry and Fishing.",2021-22:6-2:4,data_2021-22/81670DO006_202122.xlsx,Table_2,F12,42.9
received,Digital transactions,2021-22,2021–22,Industry,"Agriculture, Forestry and Fishing",All businesses,15.4,published,,%,A,recent-2021-2024,"Proportions are of all businesses in each output category. Businesses could select more than one option. Coverage includes Agriculture, Forestry and Fishing.",2021-22:6-2:4,data_2021-22/81670DO006_202122.xlsx,Table_2,F14,15.4
received,Digital transactions,2021-22,2021–22,Industry,Mining,All businesses,15.2,published,,%,A,recent-2021-2024,"Proportions are of all businesses in each output category. Businesses could select more than one option. Coverage includes Agriculture, Forestry and Fishing.",2021-22:6-2:4,data_2021-22/81670DO006_202122.xlsx,Table_2,F15,15.2
received,Digital transactions,2021-22,2021–22,Industry,Manufacturing,All businesses,37.3,published,,%,A,recent-2021-2024,"Proportions are of all businesses in each output category. Businesses could select more than one option. Coverage includes Agriculture, Forestry and Fishing.",2021-22:6-2:4,data_2021-22/81670DO006_202122.xlsx,Table_2,F16,37.3
received,Digital transactions,2021-22,2021–22,Industry,"Electricity, Gas, Water and Waste Services",All businesses,33.4,published,,%,A,recent-2021-2024,"Proportions are of all businesses in each output category. Businesses could select more than one option. Coverage includes Agriculture, Forestry and Fishing.",2021-22:6-2:4,data_2021-22/81670DO006_202122.xlsx,Table_2,F17,33.4
received,Digital transactions,2021-22,2021–22,Industry,Construction,All businesses,20.1,published,,%,A,recent-2021-2024,"Proportions are of all businesses in each output category. Businesses could select more than one option. Coverage includes Agriculture, Forestry and Fishing.",2021-22:6-2:4,data_2021-22/81670DO006_202122.xlsx,Table_2,F18,20.1
received,Digital transactions,2021-22,2021–22,Industry,Wholesale Trade,All businesses,52.5,published,,%,A,recent-2021-2024,"Proportions are of all businesses in each output category. Businesses could select more than one option. Coverage includes Agriculture, Forestry and Fishing.",2021-22:6-2:4,data_2021-22/81670DO006_202122.xlsx,Table_2,F19,52.5
received,Digital transactions,2021-22,2021–22,Industry,Retail Trade,All businesses,52.5,published,,%,A,recent-2021-2024,"Proportions are of all businesses in each output category. Businesses could select more than one option. Coverage includes Agriculture, Forestry and Fishing.",2021-22:6-2:4,data_2021-22/81670DO006_202122.xlsx,Table_2,F20,52.5
received,Digital transactions,2021-22,2021–22,Industry,Accommodation and Food Services,All businesses,61.9,published,,%,A,recent-2021-2024,"Proportions are of all businesses in each output category. Businesses could select more than one option. Coverage includes Agriculture, Forestry and Fishing.",2021-22:6-2:4,data_2021-22/81670DO006_202122.xlsx,Table_2,F21,61.9
received,Digital transactions,2021-22,2021–22,Industry,"Transport, Postal and Warehousing",All businesses,15.6,published,,%,A,recent-2021-2024,"Proportions are of all businesses in each output category. Businesses could select more than one option. Coverage includes Agriculture, Forestry and Fishing.",2021-22:6-2:4,data_2021-22/81670DO006_202122.xlsx,Table_2,F22,15.6
received,Digital transactions,2021-22,2021–22,Industry,Information Media and Telecommunications,All businesses,35.6,published,,%,A,recent-2021-2024,"Proportions are of all businesses in each output category. Businesses could select more than one option. Coverage includes Agriculture, Forestry and Fishing.",2021-22:6-2:4,data_2021-22/81670DO006_202122.xlsx,Table_2,F23,35.6
received,Digital transactions,2021-22,2021–22,Industry,Financial and Insurance Services,All businesses,17.9,published,,%,A,recent-2021-2024,"Proportions are of all businesses in each output category. Businesses could select more than one option. Coverage includes Agriculture, Forestry and Fishing.",2021-22:6-2:4,data_2021-22/81670DO006_202122.xlsx,Table_2,F24,17.9
received,Digital transactions,2021-22,2021–22,Industry,"Rental, Hiring and Real Estate Services",All businesses,20.9,published,,%,A,recent-2021-2024,"Proportions are of all businesses in each output category. Businesses could select more than one option. Coverage includes Agriculture, Forestry and Fishing.",2021-22:6-2:4,data_2021-22/81670DO006_202122.xlsx,Table_2,F25,20.9
received,Digital transactions,2021-22,2021–22,Industry,"Professional, Scientific and Technical Services",All businesses,22.8,published,,%,A,recent-2021-2024,"Proportions are of all businesses in each output category. Businesses could select more than one option. Coverage includes Agriculture, Forestry and Fishing.",2021-22:6-2:4,data_2021-22/81670DO006_202122.xlsx,Table_2,F26,22.8
received,Digital transactions,2021-22,2021–22,Industry,Administrative and Support Services,All businesses,21.4,published,,%,A,recent-2021-2024,"Proportions are of all businesses in each output category. Businesses could select more than one option. Coverage includes Agriculture, Forestry and Fishing.",2021-22:6-2:4,data_2021-22/81670DO006_202122.xlsx,Table_2,F27,21.4
received,Digital transactions,2021-22,2021–22,Industry,Health Care and Social Assistance,All businesses,30.7,published,,%,A,recent-2021-2024,"Proportions are of all businesses in each output category. Businesses could select more than one option. Coverage includes Agriculture, Forestry and Fishing.",2021-22:6-2:4,data_2021-22/81670DO006_202122.xlsx,Table_2,F28,30.7
received,Digital transactions,2021-22,2021–22,Industry,Arts and Recreation Services,All businesses,38.5,published,,%,A,recent-2021-2024,"Proportions are of all businesses in each output category. Businesses could select more than one option. Coverage includes Agriculture, Forestry and Fishing.",2021-22:6-2:4,data_2021-22/81670DO006_202122.xlsx,Table_2,F29,38.5
received,Digital transactions,2021-22,2021–22,Industry,Other Services,All businesses,28.6,published,,%,A,recent-2021-2024,"Proportions are of all businesses in each output category. Businesses could select more than one option. Coverage includes Agriculture, Forestry and Fishing.",2021-22:6-2:4,data_2021-22/81670DO006_202122.xlsx,Table_2,F30,28.6
placed,Digital transactions,2021-22,2021–22,Overall,Total,All businesses,60.5,published,,%,C,2021-22,"Proportions are of all businesses in each output category. Coverage includes Agriculture, Forestry and Fishing.",2021-22:6-5:0,data_2021-22/81670DO006_202122.xlsx,Table_5,B7,60.5
placed,Digital transactions,2021-22,2021–22,Employment size,0–4 persons,All businesses,53,published,,%,C,2021-22,"Proportions are of all businesses in each output category. Coverage includes Agriculture, Forestry and Fishing.",2021-22:6-5:0,data_2021-22/81670DO006_202122.xlsx,Table_5,B9,53
placed,Digital transactions,2021-22,2021–22,Employment size,5–19 persons,All businesses,75.1,published,,%,C,2021-22,"Proportions are of all businesses in each output category. Coverage includes Agriculture, Forestry and Fishing.",2021-22:6-5:0,data_2021-22/81670DO006_202122.xlsx,Table_5,B10,75.1
placed,Digital transactions,2021-22,2021–22,Employment size,20–199 persons,All businesses,77.3,published,,%,C,2021-22,"Proportions are of all businesses in each output category. Coverage includes Agriculture, Forestry and Fishing.",2021-22:6-5:0,data_2021-22/81670DO006_202122.xlsx,Table_5,B11,77.3
placed,Digital transactions,2021-22,2021–22,Employment size,200 or more persons,All businesses,78.5,published,,%,C,2021-22,"Proportions are of all businesses in each output category. Coverage includes Agriculture, Forestry and Fishing.",2021-22:6-5:0,data_2021-22/81670DO006_202122.xlsx,Table_5,B12,78.5
placed,Digital transactions,2021-22,2021–22,Industry,"Agriculture, Forestry and Fishing",All businesses,60.5,published,,%,C,2021-22,"Proportions are of all businesses in each output category. Coverage includes Agriculture, Forestry and Fishing.",2021-22:6-5:0,data_2021-22/81670DO006_202122.xlsx,Table_5,B14,60.5
placed,Digital transactions,2021-22,2021–22,Industry,Mining,All businesses,63.1,published,,%,C,2021-22,"Proportions are of all businesses in each output category. Coverage includes Agriculture, Forestry and Fishing.",2021-22:6-5:0,data_2021-22/81670DO006_202122.xlsx,Table_5,B15,63.1
placed,Digital transactions,2021-22,2021–22,Industry,Manufacturing,All businesses,70.3,published,,%,C,2021-22,"Proportions are of all businesses in each output category. Coverage includes Agriculture, Forestry and Fishing.",2021-22:6-5:0,data_2021-22/81670DO006_202122.xlsx,Table_5,B16,70.3
placed,Digital transactions,2021-22,2021–22,Industry,"Electricity, Gas, Water and Waste Services",All businesses,51.6,published,,%,C,2021-22,"Proportions are of all businesses in each output category. Coverage includes Agriculture, Forestry and Fishing.",2021-22:6-5:0,data_2021-22/81670DO006_202122.xlsx,Table_5,B17,51.6
placed,Digital transactions,2021-22,2021–22,Industry,Construction,All businesses,45.6,published,,%,C,2021-22,"Proportions are of all businesses in each output category. Coverage includes Agriculture, Forestry and Fishing.",2021-22:6-5:0,data_2021-22/81670DO006_202122.xlsx,Table_5,B18,45.6
placed,Digital transactions,2021-22,2021–22,Industry,Wholesale Trade,All businesses,60.6,published,,%,C,2021-22,"Proportions are of all businesses in each output category. Coverage includes Agriculture, Forestry and Fishing.",2021-22:6-5:0,data_2021-22/81670DO006_202122.xlsx,Table_5,B19,60.6
placed,Digital transactions,2021-22,2021–22,Industry,Retail Trade,All businesses,72.1,published,,%,C,2021-22,"Proportions are of all businesses in each output category. Coverage includes Agriculture, Forestry and Fishing.",2021-22:6-5:0,data_2021-22/81670DO006_202122.xlsx,Table_5,B20,72.1
placed,Digital transactions,2021-22,2021–22,Industry,Accommodation and Food Services,All businesses,57.1,published,,%,C,2021-22,"Proportions are of all businesses in each output category. Coverage includes Agriculture, Forestry and Fishing.",2021-22:6-5:0,data_2021-22/81670DO006_202122.xlsx,Table_5,B21,57.1
placed,Digital transactions,2021-22,2021–22,Industry,"Transport, Postal and Warehousing",All businesses,43.4,published,,%,C,2021-22,"Proportions are of all businesses in each output category. Coverage includes Agriculture, Forestry and Fishing.",2021-22:6-5:0,data_2021-22/81670DO006_202122.xlsx,Table_5,B22,43.4
placed,Digital transactions,2021-22,2021–22,Industry,Information Media and Telecommunications,All businesses,67.7,published,,%,C,2021-22,"Proportions are of all businesses in each output category. Coverage includes Agriculture, Forestry and Fishing.",2021-22:6-5:0,data_2021-22/81670DO006_202122.xlsx,Table_5,B23,67.7
placed,Digital transactions,2021-22,2021–22,Industry,Financial and Insurance Services,All businesses,55.3,published,,%,C,2021-22,"Proportions are of all businesses in each output category. Coverage includes Agriculture, Forestry and Fishing.",2021-22:6-5:0,data_2021-22/81670DO006_202122.xlsx,Table_5,B24,55.3
placed,Digital transactions,2021-22,2021–22,Industry,"Rental, Hiring and Real Estate Services",All businesses,58,published,,%,C,2021-22,"Proportions are of all businesses in each output category. Coverage includes Agriculture, Forestry and Fishing.",2021-22:6-5:0,data_2021-22/81670DO006_202122.xlsx,Table_5,B25,58
placed,Digital transactions,2021-22,2021–22,Industry,"Professional, Scientific and Technical Services",All businesses,72.2,published,,%,C,2021-22,"Proportions are of all businesses in each output category. Coverage includes Agriculture, Forestry and Fishing.",2021-22:6-5:0,data_2021-22/81670DO006_202122.xlsx,Table_5,B26,72.2
placed,Digital transactions,2021-22,2021–22,Industry,Administrative and Support Services,All businesses,56.2,published,,%,C,2021-22,"Proportions are of all businesses in each output category. Coverage includes Agriculture, Forestry and Fishing.",2021-22:6-5:0,data_2021-22/81670DO006_202122.xlsx,Table_5,B27,56.2
placed,Digital transactions,2021-22,2021–22,Industry,Health Care and Social Assistance,All businesses,70.1,published,,%,C,2021-22,"Proportions are of all businesses in each output category. Coverage includes Agriculture, Forestry and Fishing.",2021-22:6-5:0,data_2021-22/81670DO006_202122.xlsx,Table_5,B28,70.1
placed,Digital transactions,2021-22,2021–22,Industry,Arts and Recreation Services,All businesses,66.9,published,,%,C,2021-22,"Proportions are of all businesses in each output category. Coverage includes Agriculture, Forestry and Fishing.",2021-22:6-5:0,data_2021-22/81670DO006_202122.xlsx,Table_5,B29,66.9
placed,Digital transactions,2021-22,2021–22,Industry,Other Services,All businesses,61.9,published,,%,C,2021-22,"Proportions are of all businesses in each output category. Coverage includes Agriculture, Forestry and Fishing.",2021-22:6-5:0,data_2021-22/81670DO006_202122.xlsx,Table_5,B30,61.9
paid_cloud,Advanced technologies,2021-22,2021–22,Overall,Total,All businesses,53.1,published,,%,C,2021-22,"Proportions are of all businesses in each output category Coverage includes Agriculture, Forestry and Fishing.",2021-22:7-6:0,data_2021-22/81670DO007_202122.xlsx,Table_6,B9,53.1
paid_cloud,Advanced technologies,2021-22,2021–22,Employment size,0–4 persons,All businesses,47.2,published,,%,C,2021-22,"Proportions are of all businesses in each output category Coverage includes Agriculture, Forestry and Fishing.",2021-22:7-6:0,data_2021-22/81670DO007_202122.xlsx,Table_6,B11,47.2
paid_cloud,Advanced technologies,2021-22,2021–22,Employment size,5–19 persons,All businesses,62.4,published,,%,C,2021-22,"Proportions are of all businesses in each output category Coverage includes Agriculture, Forestry and Fishing.",2021-22:7-6:0,data_2021-22/81670DO007_202122.xlsx,Table_6,B12,62.4
paid_cloud,Advanced technologies,2021-22,2021–22,Employment size,20–199 persons,All businesses,74.7,published,,%,C,2021-22,"Proportions are of all businesses in each output category Coverage includes Agriculture, Forestry and Fishing.",2021-22:7-6:0,data_2021-22/81670DO007_202122.xlsx,Table_6,B13,74.7
paid_cloud,Advanced technologies,2021-22,2021–22,Employment size,200 or more persons,All businesses,84.8,published,,%,C,2021-22,"Proportions are of all businesses in each output category Coverage includes Agriculture, Forestry and Fishing.",2021-22:7-6:0,data_2021-22/81670DO007_202122.xlsx,Table_6,B14,84.8
paid_cloud,Advanced technologies,2021-22,2021–22,Industry,"Agriculture, Forestry and Fishing",All businesses,46.5,published,,%,C,2021-22,"Proportions are of all businesses in each output category Coverage includes Agriculture, Forestry and Fishing.",2021-22:7-6:0,data_2021-22/81670DO007_202122.xlsx,Table_6,B16,46.5
paid_cloud,Advanced technologies,2021-22,2021–22,Industry,Mining,All businesses,66.7,published,,%,C,2021-22,"Proportions are of all businesses in each output category Coverage includes Agriculture, Forestry and Fishing.",2021-22:7-6:0,data_2021-22/81670DO007_202122.xlsx,Table_6,B17,66.7
paid_cloud,Advanced technologies,2021-22,2021–22,Industry,Manufacturing,All businesses,58.2,published,,%,C,2021-22,"Proportions are of all businesses in each output category Coverage includes Agriculture, Forestry and Fishing.",2021-22:7-6:0,data_2021-22/81670DO007_202122.xlsx,Table_6,B18,58.2
paid_cloud,Advanced technologies,2021-22,2021–22,Industry,"Electricity, Gas, Water and Waste Services",All businesses,64.5,published,,%,C,2021-22,"Proportions are of all businesses in each output category Coverage includes Agriculture, Forestry and Fishing.",2021-22:7-6:0,data_2021-22/81670DO007_202122.xlsx,Table_6,B19,64.5
paid_cloud,Advanced technologies,2021-22,2021–22,Industry,Construction,All businesses,48.9,published,,%,C,2021-22,"Proportions are of all businesses in each output category Coverage includes Agriculture, Forestry and Fishing.",2021-22:7-6:0,data_2021-22/81670DO007_202122.xlsx,Table_6,B20,48.9
paid_cloud,Advanced technologies,2021-22,2021–22,Industry,Wholesale Trade,All businesses,54.1,published,,%,C,2021-22,"Proportions are of all businesses in each output category Coverage includes Agriculture, Forestry and Fishing.",2021-22:7-6:0,data_2021-22/81670DO007_202122.xlsx,Table_6,B21,54.1
paid_cloud,Advanced technologies,2021-22,2021–22,Industry,Retail Trade,All businesses,50.1,published,,%,C,2021-22,"Proportions are of all businesses in each output category Coverage includes Agriculture, Forestry and Fishing.",2021-22:7-6:0,data_2021-22/81670DO007_202122.xlsx,Table_6,B22,50.1
paid_cloud,Advanced technologies,2021-22,2021–22,Industry,Accommodation and Food Services,All businesses,39.1,published,,%,C,2021-22,"Proportions are of all businesses in each output category Coverage includes Agriculture, Forestry and Fishing.",2021-22:7-6:0,data_2021-22/81670DO007_202122.xlsx,Table_6,B23,39.1
paid_cloud,Advanced technologies,2021-22,2021–22,Industry,"Transport, Postal and Warehousing",All businesses,37.4,published,,%,C,2021-22,"Proportions are of all businesses in each output category Coverage includes Agriculture, Forestry and Fishing.",2021-22:7-6:0,data_2021-22/81670DO007_202122.xlsx,Table_6,B24,37.4
paid_cloud,Advanced technologies,2021-22,2021–22,Industry,Information Media and Telecommunications,All businesses,70.4,published,,%,C,2021-22,"Proportions are of all businesses in each output category Coverage includes Agriculture, Forestry and Fishing.",2021-22:7-6:0,data_2021-22/81670DO007_202122.xlsx,Table_6,B25,70.4
paid_cloud,Advanced technologies,2021-22,2021–22,Industry,Financial and Insurance Services,All businesses,64.6,published,,%,C,2021-22,"Proportions are of all businesses in each output category Coverage includes Agriculture, Forestry and Fishing.",2021-22:7-6:0,data_2021-22/81670DO007_202122.xlsx,Table_6,B26,64.6
paid_cloud,Advanced technologies,2021-22,2021–22,Industry,"Rental, Hiring and Real Estate Services",All businesses,60.4,published,,%,C,2021-22,"Proportions are of all businesses in each output category Coverage includes Agriculture, Forestry and Fishing.",2021-22:7-6:0,data_2021-22/81670DO007_202122.xlsx,Table_6,B27,60.4
paid_cloud,Advanced technologies,2021-22,2021–22,Industry,"Professional, Scientific and Technical Services",All businesses,72.4,published,,%,C,2021-22,"Proportions are of all businesses in each output category Coverage includes Agriculture, Forestry and Fishing.",2021-22:7-6:0,data_2021-22/81670DO007_202122.xlsx,Table_6,B28,72.4
paid_cloud,Advanced technologies,2021-22,2021–22,Industry,Administrative and Support Services,All businesses,60.8,published,,%,C,2021-22,"Proportions are of all businesses in each output category Coverage includes Agriculture, Forestry and Fishing.",2021-22:7-6:0,data_2021-22/81670DO007_202122.xlsx,Table_6,B29,60.8
paid_cloud,Advanced technologies,2021-22,2021–22,Industry,Health Care and Social Assistance,All businesses,45.1,published,,%,C,2021-22,"Proportions are of all businesses in each output category Coverage includes Agriculture, Forestry and Fishing.",2021-22:7-6:0,data_2021-22/81670DO007_202122.xlsx,Table_6,B30,45.1
paid_cloud,Advanced technologies,2021-22,2021–22,Industry,Arts and Recreation Services,All businesses,57.2,published,,%,C,2021-22,"Proportions are of all businesses in each output category Coverage includes Agriculture, Forestry and Fishing.",2021-22:7-6:0,data_2021-22/81670DO007_202122.xlsx,Table_6,B31,57.2
paid_cloud,Advanced technologies,2021-22,2021–22,Industry,Other Services,All businesses,41.9,published,,%,C,2021-22,"Proportions are of all businesses in each output category Coverage includes Agriculture, Forestry and Fishing.",2021-22:7-6:0,data_2021-22/81670DO007_202122.xlsx,Table_6,B32,41.9
crm,Operational systems,2021-22,2021–22,Overall,Total,All businesses,17.2,published,,%,C,2021-22,"Proportions are of all businesses in each output category. Businesses could select more than one ICT. Coverage includes Agriculture, Forestry and Fishing.",2021-22:7-1:0,data_2021-22/81670DO007_202122.xlsx,Table_1,B8,17.2
crm,Operational systems,2021-22,2021–22,Employment size,0–4 persons,All businesses,11.8,published,,%,C,2021-22,"Proportions are of all businesses in each output category. Businesses could select more than one ICT. Coverage includes Agriculture, Forestry and Fishing.",2021-22:7-1:0,data_2021-22/81670DO007_202122.xlsx,Table_1,B10,11.8
crm,Operational systems,2021-22,2021–22,Employment size,5–19 persons,All businesses,23.9,published,,%,C,2021-22,"Proportions are of all businesses in each output category. Businesses could select more than one ICT. Coverage includes Agriculture, Forestry and Fishing.",2021-22:7-1:0,data_2021-22/81670DO007_202122.xlsx,Table_1,B11,23.9
crm,Operational systems,2021-22,2021–22,Employment size,20–199 persons,All businesses,41,published,,%,C,2021-22,"Proportions are of all businesses in each output category. Businesses could select more than one ICT. Coverage includes Agriculture, Forestry and Fishing.",2021-22:7-1:0,data_2021-22/81670DO007_202122.xlsx,Table_1,B12,41
crm,Operational systems,2021-22,2021–22,Employment size,200 or more persons,All businesses,55.4,published,,%,C,2021-22,"Proportions are of all businesses in each output category. Businesses could select more than one ICT. Coverage includes Agriculture, Forestry and Fishing.",2021-22:7-1:0,data_2021-22/81670DO007_202122.xlsx,Table_1,B13,55.4
crm,Operational systems,2021-22,2021–22,Industry,"Agriculture, Forestry and Fishing",All businesses,4.8,published,,%,C,2021-22,"Proportions are of all businesses in each output category. Businesses could select more than one ICT. Coverage includes Agriculture, Forestry and Fishing.",2021-22:7-1:0,data_2021-22/81670DO007_202122.xlsx,Table_1,B15,4.8
crm,Operational systems,2021-22,2021–22,Industry,Mining,All businesses,11.2,published,,%,C,2021-22,"Proportions are of all businesses in each output category. Businesses could select more than one ICT. Coverage includes Agriculture, Forestry and Fishing.",2021-22:7-1:0,data_2021-22/81670DO007_202122.xlsx,Table_1,B16,11.2
crm,Operational systems,2021-22,2021–22,Industry,Manufacturing,All businesses,18,published,,%,C,2021-22,"Proportions are of all businesses in each output category. Businesses could select more than one ICT. Coverage includes Agriculture, Forestry and Fishing.",2021-22:7-1:0,data_2021-22/81670DO007_202122.xlsx,Table_1,B17,18
crm,Operational systems,2021-22,2021–22,Industry,"Electricity, Gas, Water and Waste Services",All businesses,20.8,published,,%,C,2021-22,"Proportions are of all businesses in each output category. Businesses could select more than one ICT. Coverage includes Agriculture, Forestry and Fishing.",2021-22:7-1:0,data_2021-22/81670DO007_202122.xlsx,Table_1,B18,20.8
crm,Operational systems,2021-22,2021–22,Industry,Construction,All businesses,7.6,published,,%,C,2021-22,"Proportions are of all businesses in each output category. Businesses could select more than one ICT. Coverage includes Agriculture, Forestry and Fishing.",2021-22:7-1:0,data_2021-22/81670DO007_202122.xlsx,Table_1,B19,7.6
crm,Operational systems,2021-22,2021–22,Industry,Wholesale Trade,All businesses,27.9,published,,%,C,2021-22,"Proportions are of all businesses in each output category. Businesses could select more than one ICT. Coverage includes Agriculture, Forestry and Fishing.",2021-22:7-1:0,data_2021-22/81670DO007_202122.xlsx,Table_1,B20,27.9
crm,Operational systems,2021-22,2021–22,Industry,Retail Trade,All businesses,19.7,published,,%,C,2021-22,"Proportions are of all businesses in each output category. Businesses could select more than one ICT. Coverage includes Agriculture, Forestry and Fishing.",2021-22:7-1:0,data_2021-22/81670DO007_202122.xlsx,Table_1,B21,19.7
crm,Operational systems,2021-22,2021–22,Industry,Accommodation and Food Services,All businesses,7.9,published,,%,C,2021-22,"Proportions are of all businesses in each output category. Businesses could select more than one ICT. Coverage includes Agriculture, Forestry and Fishing.",2021-22:7-1:0,data_2021-22/81670DO007_202122.xlsx,Table_1,B22,7.9
crm,Operational systems,2021-22,2021–22,Industry,"Transport, Postal and Warehousing",All businesses,4.4,published,,%,C,2021-22,"Proportions are of all businesses in each output category. Businesses could select more than one ICT. Coverage includes Agriculture, Forestry and Fishing.",2021-22:7-1:0,data_2021-22/81670DO007_202122.xlsx,Table_1,B23,4.4
crm,Operational systems,2021-22,2021–22,Industry,Information Media and Telecommunications,All businesses,31,published,,%,C,2021-22,"Proportions are of all businesses in each output category. Businesses could select more than one ICT. Coverage includes Agriculture, Forestry and Fishing.",2021-22:7-1:0,data_2021-22/81670DO007_202122.xlsx,Table_1,B24,31
crm,Operational systems,2021-22,2021–22,Industry,Financial and Insurance Services,All businesses,50.1,published,,%,C,2021-22,"Proportions are of all businesses in each output category. Businesses could select more than one ICT. Coverage includes Agriculture, Forestry and Fishing.",2021-22:7-1:0,data_2021-22/81670DO007_202122.xlsx,Table_1,B25,50.1
crm,Operational systems,2021-22,2021–22,Industry,"Rental, Hiring and Real Estate Services",All businesses,32,published,,%,C,2021-22,"Proportions are of all businesses in each output category. Businesses could select more than one ICT. Coverage includes Agriculture, Forestry and Fishing.",2021-22:7-1:0,data_2021-22/81670DO007_202122.xlsx,Table_1,B26,32
crm,Operational systems,2021-22,2021–22,Industry,"Professional, Scientific and Technical Services",All businesses,21.4,published,,%,C,2021-22,"Proportions are of all businesses in each output category. Businesses could select more than one ICT. Coverage includes Agriculture, Forestry and Fishing.",2021-22:7-1:0,data_2021-22/81670DO007_202122.xlsx,Table_1,B27,21.4
crm,Operational systems,2021-22,2021–22,Industry,Administrative and Support Services,All businesses,24,published,,%,C,2021-22,"Proportions are of all businesses in each output category. Businesses could select more than one ICT. Coverage includes Agriculture, Forestry and Fishing.",2021-22:7-1:0,data_2021-22/81670DO007_202122.xlsx,Table_1,B28,24
crm,Operational systems,2021-22,2021–22,Industry,Health Care and Social Assistance,All businesses,23.6,published,,%,C,2021-22,"Proportions are of all businesses in each output category. Businesses could select more than one ICT. Coverage includes Agriculture, Forestry and Fishing.",2021-22:7-1:0,data_2021-22/81670DO007_202122.xlsx,Table_1,B29,23.6
crm,Operational systems,2021-22,2021–22,Industry,Arts and Recreation Services,All businesses,25.2,published,,%,C,2021-22,"Proportions are of all businesses in each output category. Businesses could select more than one ICT. Coverage includes Agriculture, Forestry and Fishing.",2021-22:7-1:0,data_2021-22/81670DO007_202122.xlsx,Table_1,B30,25.2
crm,Operational systems,2021-22,2021–22,Industry,Other Services,All businesses,11.5,published,,%,C,2021-22,"Proportions are of all businesses in each output category. Businesses could select more than one ICT. Coverage includes Agriculture, Forestry and Fishing.",2021-22:7-1:0,data_2021-22/81670DO007_202122.xlsx,Table_1,B31,11.5
erp,Operational systems,2021-22,2021–22,Overall,Total,All businesses,4.5,published,,%,C,2021-22,"Proportions are of all businesses in each output category. Businesses could select more than one ICT. Coverage includes Agriculture, Forestry and Fishing.",2021-22:7-1:1,data_2021-22/81670DO007_202122.xlsx,Table_1,C8,4.5
erp,Operational systems,2021-22,2021–22,Employment size,0–4 persons,All businesses,1.9,published,,%,C,2021-22,"Proportions are of all businesses in each output category. Businesses could select more than one ICT. Coverage includes Agriculture, Forestry and Fishing.",2021-22:7-1:1,data_2021-22/81670DO007_202122.xlsx,Table_1,C10,1.9
erp,Operational systems,2021-22,2021–22,Employment size,5–19 persons,All businesses,6.1,published,,%,C,2021-22,"Proportions are of all businesses in each output category. Businesses could select more than one ICT. Coverage includes Agriculture, Forestry and Fishing.",2021-22:7-1:1,data_2021-22/81670DO007_202122.xlsx,Table_1,C11,6.1
erp,Operational systems,2021-22,2021–22,Employment size,20–199 persons,All businesses,18.6,published,,%,C,2021-22,"Proportions are of all businesses in each output category. Businesses could select more than one ICT. Coverage includes Agriculture, Forestry and Fishing.",2021-22:7-1:1,data_2021-22/81670DO007_202122.xlsx,Table_1,C12,18.6
erp,Operational systems,2021-22,2021–22,Employment size,200 or more persons,All businesses,63.3,published,,%,C,2021-22,"Proportions are of all businesses in each output category. Businesses could select more than one ICT. Coverage includes Agriculture, Forestry and Fishing.",2021-22:7-1:1,data_2021-22/81670DO007_202122.xlsx,Table_1,C13,63.3
erp,Operational systems,2021-22,2021–22,Industry,"Agriculture, Forestry and Fishing",All businesses,3.6,published,,%,C,2021-22,"Proportions are of all businesses in each output category. Businesses could select more than one ICT. Coverage includes Agriculture, Forestry and Fishing.",2021-22:7-1:1,data_2021-22/81670DO007_202122.xlsx,Table_1,C15,3.6
erp,Operational systems,2021-22,2021–22,Industry,Mining,All businesses,19.7,published,,%,C,2021-22,"Proportions are of all businesses in each output category. Businesses could select more than one ICT. Coverage includes Agriculture, Forestry and Fishing.",2021-22:7-1:1,data_2021-22/81670DO007_202122.xlsx,Table_1,C16,19.7
erp,Operational systems,2021-22,2021–22,Industry,Manufacturing,All businesses,9.6,published,,%,C,2021-22,"Proportions are of all businesses in each output category. Businesses could select more than one ICT. Coverage includes Agriculture, Forestry and Fishing.",2021-22:7-1:1,data_2021-22/81670DO007_202122.xlsx,Table_1,C17,9.6
erp,Operational systems,2021-22,2021–22,Industry,"Electricity, Gas, Water and Waste Services",All businesses,10.5,published,,%,C,2021-22,"Proportions are of all businesses in each output category. Businesses could select more than one ICT. Coverage includes Agriculture, Forestry and Fishing.",2021-22:7-1:1,data_2021-22/81670DO007_202122.xlsx,Table_1,C18,10.5
erp,Operational systems,2021-22,2021–22,Industry,Construction,All businesses,1.1,published,,%,C,2021-22,"Proportions are of all businesses in each output category. Businesses could select more than one ICT. Coverage includes Agriculture, Forestry and Fishing.",2021-22:7-1:1,data_2021-22/81670DO007_202122.xlsx,Table_1,C19,1.1
erp,Operational systems,2021-22,2021–22,Industry,Wholesale Trade,All businesses,13.4,published,,%,C,2021-22,"Proportions are of all businesses in each output category. Businesses could select more than one ICT. Coverage includes Agriculture, Forestry and Fishing.",2021-22:7-1:1,data_2021-22/81670DO007_202122.xlsx,Table_1,C20,13.4
erp,Operational systems,2021-22,2021–22,Industry,Retail Trade,All businesses,5.5,published,,%,C,2021-22,"Proportions are of all businesses in each output category. Businesses could select more than one ICT. Coverage includes Agriculture, Forestry and Fishing.",2021-22:7-1:1,data_2021-22/81670DO007_202122.xlsx,Table_1,C21,5.5
erp,Operational systems,2021-22,2021–22,Industry,Accommodation and Food Services,All businesses,1.6,published,,%,C,2021-22,"Proportions are of all businesses in each output category. Businesses could select more than one ICT. Coverage includes Agriculture, Forestry and Fishing.",2021-22:7-1:1,data_2021-22/81670DO007_202122.xlsx,Table_1,C22,1.6
erp,Operational systems,2021-22,2021–22,Industry,"Transport, Postal and Warehousing",All businesses,5.6,published,,%,C,2021-22,"Proportions are of all businesses in each output category. Businesses could select more than one ICT. Coverage includes Agriculture, Forestry and Fishing.",2021-22:7-1:1,data_2021-22/81670DO007_202122.xlsx,Table_1,C23,5.6
erp,Operational systems,2021-22,2021–22,Industry,Information Media and Telecommunications,All businesses,6.4,published,,%,C,2021-22,"Proportions are of all businesses in each output category. Businesses could select more than one ICT. Coverage includes Agriculture, Forestry and Fishing.",2021-22:7-1:1,data_2021-22/81670DO007_202122.xlsx,Table_1,C24,6.4
erp,Operational systems,2021-22,2021–22,Industry,Financial and Insurance Services,All businesses,4,published,,%,C,2021-22,"Proportions are of all businesses in each output category. Businesses could select more than one ICT. Coverage includes Agriculture, Forestry and Fishing.",2021-22:7-1:1,data_2021-22/81670DO007_202122.xlsx,Table_1,C25,4
erp,Operational systems,2021-22,2021–22,Industry,"Rental, Hiring and Real Estate Services",All businesses,3.5,published,,%,C,2021-22,"Proportions are of all businesses in each output category. Businesses could select more than one ICT. Coverage includes Agriculture, Forestry and Fishing.",2021-22:7-1:1,data_2021-22/81670DO007_202122.xlsx,Table_1,C26,3.5
erp,Operational systems,2021-22,2021–22,Industry,"Professional, Scientific and Technical Services",All businesses,8.2,published,,%,C,2021-22,"Proportions are of all businesses in each output category. Businesses could select more than one ICT. Coverage includes Agriculture, Forestry and Fishing.",2021-22:7-1:1,data_2021-22/81670DO007_202122.xlsx,Table_1,C27,8.2
erp,Operational systems,2021-22,2021–22,Industry,Administrative and Support Services,All businesses,2.7,published,,%,C,2021-22,"Proportions are of all businesses in each output category. Businesses could select more than one ICT. Coverage includes Agriculture, Forestry and Fishing.",2021-22:7-1:1,data_2021-22/81670DO007_202122.xlsx,Table_1,C28,2.7
erp,Operational systems,2021-22,2021–22,Industry,Health Care and Social Assistance,All businesses,1.6,published,,%,C,2021-22,"Proportions are of all businesses in each output category. Businesses could select more than one ICT. Coverage includes Agriculture, Forestry and Fishing.",2021-22:7-1:1,data_2021-22/81670DO007_202122.xlsx,Table_1,C29,1.6
erp,Operational systems,2021-22,2021–22,Industry,Arts and Recreation Services,All businesses,1.9,published,,%,C,2021-22,"Proportions are of all businesses in each output category. Businesses could select more than one ICT. Coverage includes Agriculture, Forestry and Fishing.",2021-22:7-1:1,data_2021-22/81670DO007_202122.xlsx,Table_1,C30,1.9
erp,Operational systems,2021-22,2021–22,Industry,Other Services,All businesses,2,published,,%,C,2021-22,"Proportions are of all businesses in each output category. Businesses could select more than one ICT. Coverage includes Agriculture, Forestry and Fishing.",2021-22:7-1:1,data_2021-22/81670DO007_202122.xlsx,Table_1,C31,2
edi,Operational systems,2021-22,2021–22,Overall,Total,All businesses,10.5,published,,%,C,2021-22,"Proportions are of all businesses in each output category. Businesses could select more than one ICT. Coverage includes Agriculture, Forestry and Fishing.",2021-22:7-1:2,data_2021-22/81670DO007_202122.xlsx,Table_1,D8,10.5
edi,Operational systems,2021-22,2021–22,Employment size,0–4 persons,All businesses,7.4,published,,%,C,2021-22,"Proportions are of all businesses in each output category. Businesses could select more than one ICT. Coverage includes Agriculture, Forestry and Fishing.",2021-22:7-1:2,data_2021-22/81670DO007_202122.xlsx,Table_1,D10,7.4
edi,Operational systems,2021-22,2021–22,Employment size,5–19 persons,All businesses,14.7,published,,%,C,2021-22,"Proportions are of all businesses in each output category. Businesses could select more than one ICT. Coverage includes Agriculture, Forestry and Fishing.",2021-22:7-1:2,data_2021-22/81670DO007_202122.xlsx,Table_1,D11,14.7
edi,Operational systems,2021-22,2021–22,Employment size,20–199 persons,All businesses,22.3,published,,%,C,2021-22,"Proportions are of all businesses in each output category. Businesses could select more than one ICT. Coverage includes Agriculture, Forestry and Fishing.",2021-22:7-1:2,data_2021-22/81670DO007_202122.xlsx,Table_1,D12,22.3
edi,Operational systems,2021-22,2021–22,Employment size,200 or more persons,All businesses,43.9,published,,%,C,2021-22,"Proportions are of all businesses in each output category. Businesses could select more than one ICT. Coverage includes Agriculture, Forestry and Fishing.",2021-22:7-1:2,data_2021-22/81670DO007_202122.xlsx,Table_1,D13,43.9
edi,Operational systems,2021-22,2021–22,Industry,"Agriculture, Forestry and Fishing",All businesses,8.5,published,,%,C,2021-22,"Proportions are of all businesses in each output category. Businesses could select more than one ICT. Coverage includes Agriculture, Forestry and Fishing.",2021-22:7-1:2,data_2021-22/81670DO007_202122.xlsx,Table_1,D15,8.5
edi,Operational systems,2021-22,2021–22,Industry,Mining,All businesses,14.1,published,,%,C,2021-22,"Proportions are of all businesses in each output category. Businesses could select more than one ICT. Coverage includes Agriculture, Forestry and Fishing.",2021-22:7-1:2,data_2021-22/81670DO007_202122.xlsx,Table_1,D16,14.1
edi,Operational systems,2021-22,2021–22,Industry,Manufacturing,All businesses,17.1,published,,%,C,2021-22,"Proportions are of all businesses in each output category. Businesses could select more than one ICT. Coverage includes Agriculture, Forestry and Fishing.",2021-22:7-1:2,data_2021-22/81670DO007_202122.xlsx,Table_1,D17,17.1
edi,Operational systems,2021-22,2021–22,Industry,"Electricity, Gas, Water and Waste Services",All businesses,16,published,,%,C,2021-22,"Proportions are of all businesses in each output category. Businesses could select more than one ICT. Coverage includes Agriculture, Forestry and Fishing.",2021-22:7-1:2,data_2021-22/81670DO007_202122.xlsx,Table_1,D18,16
edi,Operational systems,2021-22,2021–22,Industry,Construction,All businesses,11.2,published,,%,C,2021-22,"Proportions are of all businesses in each output category. Businesses could select more than one ICT. Coverage includes Agriculture, Forestry and Fishing.",2021-22:7-1:2,data_2021-22/81670DO007_202122.xlsx,Table_1,D19,11.2
edi,Operational systems,2021-22,2021–22,Industry,Wholesale Trade,All businesses,26.8,published,,%,C,2021-22,"Proportions are of all businesses in each output category. Businesses could select more than one ICT. Coverage includes Agriculture, Forestry and Fishing.",2021-22:7-1:2,data_2021-22/81670DO007_202122.xlsx,Table_1,D20,26.8
edi,Operational systems,2021-22,2021–22,Industry,Retail Trade,All businesses,15.7,published,,%,C,2021-22,"Proportions are of all businesses in each output category. Businesses could select more than one ICT. Coverage includes Agriculture, Forestry and Fishing.",2021-22:7-1:2,data_2021-22/81670DO007_202122.xlsx,Table_1,D21,15.7
edi,Operational systems,2021-22,2021–22,Industry,Accommodation and Food Services,All businesses,5.6,published,,%,C,2021-22,"Proportions are of all businesses in each output category. Businesses could select more than one ICT. Coverage includes Agriculture, Forestry and Fishing.",2021-22:7-1:2,data_2021-22/81670DO007_202122.xlsx,Table_1,D22,5.6
edi,Operational systems,2021-22,2021–22,Industry,"Transport, Postal and Warehousing",All businesses,11.5,published,,%,C,2021-22,"Proportions are of all businesses in each output category. Businesses could select more than one ICT. Coverage includes Agriculture, Forestry and Fishing.",2021-22:7-1:2,data_2021-22/81670DO007_202122.xlsx,Table_1,D23,11.5
edi,Operational systems,2021-22,2021–22,Industry,Information Media and Telecommunications,All businesses,11.1,published,,%,C,2021-22,"Proportions are of all businesses in each output category. Businesses could select more than one ICT. Coverage includes Agriculture, Forestry and Fishing.",2021-22:7-1:2,data_2021-22/81670DO007_202122.xlsx,Table_1,D24,11.1
edi,Operational systems,2021-22,2021–22,Industry,Financial and Insurance Services,All businesses,5.4,published,,%,C,2021-22,"Proportions are of all businesses in each output category. Businesses could select more than one ICT. Coverage includes Agriculture, Forestry and Fishing.",2021-22:7-1:2,data_2021-22/81670DO007_202122.xlsx,Table_1,D25,5.4
edi,Operational systems,2021-22,2021–22,Industry,"Rental, Hiring and Real Estate Services",All businesses,5.3,published,,%,C,2021-22,"Proportions are of all businesses in each output category. Businesses could select more than one ICT. Coverage includes Agriculture, Forestry and Fishing.",2021-22:7-1:2,data_2021-22/81670DO007_202122.xlsx,Table_1,D26,5.3
edi,Operational systems,2021-22,2021–22,Industry,"Professional, Scientific and Technical Services",All businesses,8.4,published,,%,C,2021-22,"Proportions are of all businesses in each output category. Businesses could select more than one ICT. Coverage includes Agriculture, Forestry and Fishing.",2021-22:7-1:2,data_2021-22/81670DO007_202122.xlsx,Table_1,D27,8.4
edi,Operational systems,2021-22,2021–22,Industry,Administrative and Support Services,All businesses,6.7,published,,%,C,2021-22,"Proportions are of all businesses in each output category. Businesses could select more than one ICT. Coverage includes Agriculture, Forestry and Fishing.",2021-22:7-1:2,data_2021-22/81670DO007_202122.xlsx,Table_1,D28,6.7
edi,Operational systems,2021-22,2021–22,Industry,Health Care and Social Assistance,All businesses,10.2,published,,%,C,2021-22,"Proportions are of all businesses in each output category. Businesses could select more than one ICT. Coverage includes Agriculture, Forestry and Fishing.",2021-22:7-1:2,data_2021-22/81670DO007_202122.xlsx,Table_1,D29,10.2
edi,Operational systems,2021-22,2021–22,Industry,Arts and Recreation Services,All businesses,9.2,published,,%,C,2021-22,"Proportions are of all businesses in each output category. Businesses could select more than one ICT. Coverage includes Agriculture, Forestry and Fishing.",2021-22:7-1:2,data_2021-22/81670DO007_202122.xlsx,Table_1,D30,9.2
edi,Operational systems,2021-22,2021–22,Industry,Other Services,All businesses,6.9,published,,%,C,2021-22,"Proportions are of all businesses in each output category. Businesses could select more than one ICT. Coverage includes Agriculture, Forestry and Fishing.",2021-22:7-1:2,data_2021-22/81670DO007_202122.xlsx,Table_1,D31,6.9
cloud,Advanced technologies,2021-22,2021–22,Overall,Total,All businesses,59.1,published,,%,C,2021-22,"Proportions are of all businesses in each output category. Businesses could select more than one ICT. Coverage includes Agriculture, Forestry and Fishing.",2021-22:7-1:6,data_2021-22/81670DO007_202122.xlsx,Table_1,H8,59.1
cloud,Advanced technologies,2021-22,2021–22,Employment size,0–4 persons,All businesses,53.1,published,,%,C,2021-22,"Proportions are of all businesses in each output category. Businesses could select more than one ICT. Coverage includes Agriculture, Forestry and Fishing.",2021-22:7-1:6,data_2021-22/81670DO007_202122.xlsx,Table_1,H10,53.1
cloud,Advanced technologies,2021-22,2021–22,Employment size,5–19 persons,All businesses,68.3,published,,%,C,2021-22,"Proportions are of all businesses in each output category. Businesses could select more than one ICT. Coverage includes Agriculture, Forestry and Fishing.",2021-22:7-1:6,data_2021-22/81670DO007_202122.xlsx,Table_1,H11,68.3
cloud,Advanced technologies,2021-22,2021–22,Employment size,20–199 persons,All businesses,80.7,published,,%,C,2021-22,"Proportions are of all businesses in each output category. Businesses could select more than one ICT. Coverage includes Agriculture, Forestry and Fishing.",2021-22:7-1:6,data_2021-22/81670DO007_202122.xlsx,Table_1,H12,80.7
cloud,Advanced technologies,2021-22,2021–22,Employment size,200 or more persons,All businesses,90,published,,%,C,2021-22,"Proportions are of all businesses in each output category. Businesses could select more than one ICT. Coverage includes Agriculture, Forestry and Fishing.",2021-22:7-1:6,data_2021-22/81670DO007_202122.xlsx,Table_1,H13,90
cloud,Advanced technologies,2021-22,2021–22,Industry,"Agriculture, Forestry and Fishing",All businesses,51.3,published,,%,C,2021-22,"Proportions are of all businesses in each output category. Businesses could select more than one ICT. Coverage includes Agriculture, Forestry and Fishing.",2021-22:7-1:6,data_2021-22/81670DO007_202122.xlsx,Table_1,H15,51.3
cloud,Advanced technologies,2021-22,2021–22,Industry,Mining,All businesses,71.9,published,,%,C,2021-22,"Proportions are of all businesses in each output category. Businesses could select more than one ICT. Coverage includes Agriculture, Forestry and Fishing.",2021-22:7-1:6,data_2021-22/81670DO007_202122.xlsx,Table_1,H16,71.9
cloud,Advanced technologies,2021-22,2021–22,Industry,Manufacturing,All businesses,64.3,published,,%,C,2021-22,"Proportions are of all businesses in each output category. Businesses could select more than one ICT. Coverage includes Agriculture, Forestry and Fishing.",2021-22:7-1:6,data_2021-22/81670DO007_202122.xlsx,Table_1,H17,64.3
cloud,Advanced technologies,2021-22,2021–22,Industry,"Electricity, Gas, Water and Waste Services",All businesses,72.7,published,,%,C,2021-22,"Proportions are of all businesses in each output category. Businesses could select more than one ICT. Coverage includes Agriculture, Forestry and Fishing.",2021-22:7-1:6,data_2021-22/81670DO007_202122.xlsx,Table_1,H18,72.7
cloud,Advanced technologies,2021-22,2021–22,Industry,Construction,All businesses,54.2,published,,%,C,2021-22,"Proportions are of all businesses in each output category. Businesses could select more than one ICT. Coverage includes Agriculture, Forestry and Fishing.",2021-22:7-1:6,data_2021-22/81670DO007_202122.xlsx,Table_1,H19,54.2
cloud,Advanced technologies,2021-22,2021–22,Industry,Wholesale Trade,All businesses,62.6,published,,%,C,2021-22,"Proportions are of all businesses in each output category. Businesses could select more than one ICT. Coverage includes Agriculture, Forestry and Fishing.",2021-22:7-1:6,data_2021-22/81670DO007_202122.xlsx,Table_1,H20,62.6
cloud,Advanced technologies,2021-22,2021–22,Industry,Retail Trade,All businesses,58.6,published,,%,C,2021-22,"Proportions are of all businesses in each output category. Businesses could select more than one ICT. Coverage includes Agriculture, Forestry and Fishing.",2021-22:7-1:6,data_2021-22/81670DO007_202122.xlsx,Table_1,H21,58.6
cloud,Advanced technologies,2021-22,2021–22,Industry,Accommodation and Food Services,All businesses,44.6,published,,%,C,2021-22,"Proportions are of all businesses in each output category. Businesses could select more than one ICT. Coverage includes Agriculture, Forestry and Fishing.",2021-22:7-1:6,data_2021-22/81670DO007_202122.xlsx,Table_1,H22,44.6
cloud,Advanced technologies,2021-22,2021–22,Industry,"Transport, Postal and Warehousing",All businesses,39.7,published,,%,C,2021-22,"Proportions are of all businesses in each output category. Businesses could select more than one ICT. Coverage includes Agriculture, Forestry and Fishing.",2021-22:7-1:6,data_2021-22/81670DO007_202122.xlsx,Table_1,H23,39.7
cloud,Advanced technologies,2021-22,2021–22,Industry,Information Media and Telecommunications,All businesses,76.4,published,,%,C,2021-22,"Proportions are of all businesses in each output category. Businesses could select more than one ICT. Coverage includes Agriculture, Forestry and Fishing.",2021-22:7-1:6,data_2021-22/81670DO007_202122.xlsx,Table_1,H24,76.4
cloud,Advanced technologies,2021-22,2021–22,Industry,Financial and Insurance Services,All businesses,72.1,published,,%,C,2021-22,"Proportions are of all businesses in each output category. Businesses could select more than one ICT. Coverage includes Agriculture, Forestry and Fishing.",2021-22:7-1:6,data_2021-22/81670DO007_202122.xlsx,Table_1,H25,72.1
cloud,Advanced technologies,2021-22,2021–22,Industry,"Rental, Hiring and Real Estate Services",All businesses,67.3,published,,%,C,2021-22,"Proportions are of all businesses in each output category. Businesses could select more than one ICT. Coverage includes Agriculture, Forestry and Fishing.",2021-22:7-1:6,data_2021-22/81670DO007_202122.xlsx,Table_1,H26,67.3
cloud,Advanced technologies,2021-22,2021–22,Industry,"Professional, Scientific and Technical Services",All businesses,77.1,published,,%,C,2021-22,"Proportions are of all businesses in each output category. Businesses could select more than one ICT. Coverage includes Agriculture, Forestry and Fishing.",2021-22:7-1:6,data_2021-22/81670DO007_202122.xlsx,Table_1,H27,77.1
cloud,Advanced technologies,2021-22,2021–22,Industry,Administrative and Support Services,All businesses,67.1,published,,%,C,2021-22,"Proportions are of all businesses in each output category. Businesses could select more than one ICT. Coverage includes Agriculture, Forestry and Fishing.",2021-22:7-1:6,data_2021-22/81670DO007_202122.xlsx,Table_1,H28,67.1
cloud,Advanced technologies,2021-22,2021–22,Industry,Health Care and Social Assistance,All businesses,53.2,published,,%,C,2021-22,"Proportions are of all businesses in each output category. Businesses could select more than one ICT. Coverage includes Agriculture, Forestry and Fishing.",2021-22:7-1:6,data_2021-22/81670DO007_202122.xlsx,Table_1,H29,53.2
cloud,Advanced technologies,2021-22,2021–22,Industry,Arts and Recreation Services,All businesses,66.3,published,,%,C,2021-22,"Proportions are of all businesses in each output category. Businesses could select more than one ICT. Coverage includes Agriculture, Forestry and Fishing.",2021-22:7-1:6,data_2021-22/81670DO007_202122.xlsx,Table_1,H30,66.3
cloud,Advanced technologies,2021-22,2021–22,Industry,Other Services,All businesses,45.6,published,,%,C,2021-22,"Proportions are of all businesses in each output category. Businesses could select more than one ICT. Coverage includes Agriculture, Forestry and Fishing.",2021-22:7-1:6,data_2021-22/81670DO007_202122.xlsx,Table_1,H31,45.6
analytics,Data capability,2021-22,2021–22,Overall,Total,All businesses,4.9,published,,%,C,2021-22,"Proportions are of all businesses in each output category. Businesses could select more than one ICT. Coverage includes Agriculture, Forestry and Fishing.",2021-22:7-1:9,data_2021-22/81670DO007_202122.xlsx,Table_1,K8,4.9
analytics,Data capability,2021-22,2021–22,Employment size,0–4 persons,All businesses,3.7,published,,%,C,2021-22,"Proportions are of all businesses in each output category. Businesses could select more than one ICT. Coverage includes Agriculture, Forestry and Fishing.",2021-22:7-1:9,data_2021-22/81670DO007_202122.xlsx,Table_1,K10,3.7
analytics,Data capability,2021-22,2021–22,Employment size,5–19 persons,All businesses,5.4,published,,%,C,2021-22,"Proportions are of all businesses in each output category. Businesses could select more than one ICT. Coverage includes Agriculture, Forestry and Fishing.",2021-22:7-1:9,data_2021-22/81670DO007_202122.xlsx,Table_1,K11,5.4
analytics,Data capability,2021-22,2021–22,Employment size,20–199 persons,All businesses,11.6,published,,%,C,2021-22,"Proportions are of all businesses in each output category. Businesses could select more than one ICT. Coverage includes Agriculture, Forestry and Fishing.",2021-22:7-1:9,data_2021-22/81670DO007_202122.xlsx,Table_1,K12,11.6
analytics,Data capability,2021-22,2021–22,Employment size,200 or more persons,All businesses,39.2,published,,%,C,2021-22,"Proportions are of all businesses in each output category. Businesses could select more than one ICT. Coverage includes Agriculture, Forestry and Fishing.",2021-22:7-1:9,data_2021-22/81670DO007_202122.xlsx,Table_1,K13,39.2
analytics,Data capability,2021-22,2021–22,Industry,"Agriculture, Forestry and Fishing",All businesses,5,published,,%,C,2021-22,"Proportions are of all businesses in each output category. Businesses could select more than one ICT. Coverage includes Agriculture, Forestry and Fishing.",2021-22:7-1:9,data_2021-22/81670DO007_202122.xlsx,Table_1,K15,5
analytics,Data capability,2021-22,2021–22,Industry,Mining,All businesses,14.8,published,,%,C,2021-22,"Proportions are of all businesses in each output category. Businesses could select more than one ICT. Coverage includes Agriculture, Forestry and Fishing.",2021-22:7-1:9,data_2021-22/81670DO007_202122.xlsx,Table_1,K16,14.8
analytics,Data capability,2021-22,2021–22,Industry,Manufacturing,All businesses,3.8,published,,%,C,2021-22,"Proportions are of all businesses in each output category. Businesses could select more than one ICT. Coverage includes Agriculture, Forestry and Fishing.",2021-22:7-1:9,data_2021-22/81670DO007_202122.xlsx,Table_1,K17,3.8
analytics,Data capability,2021-22,2021–22,Industry,"Electricity, Gas, Water and Waste Services",All businesses,8.8,published,,%,C,2021-22,"Proportions are of all businesses in each output category. Businesses could select more than one ICT. Coverage includes Agriculture, Forestry and Fishing.",2021-22:7-1:9,data_2021-22/81670DO007_202122.xlsx,Table_1,K18,8.8
analytics,Data capability,2021-22,2021–22,Industry,Construction,All businesses,1,published,,%,C,2021-22,"Proportions are of all businesses in each output category. Businesses could select more than one ICT. Coverage includes Agriculture, Forestry and Fishing.",2021-22:7-1:9,data_2021-22/81670DO007_202122.xlsx,Table_1,K19,1
analytics,Data capability,2021-22,2021–22,Industry,Wholesale Trade,All businesses,6.3,published,,%,C,2021-22,"Proportions are of all businesses in each output category. Businesses could select more than one ICT. Coverage includes Agriculture, Forestry and Fishing.",2021-22:7-1:9,data_2021-22/81670DO007_202122.xlsx,Table_1,K20,6.3
analytics,Data capability,2021-22,2021–22,Industry,Retail Trade,All businesses,6.2,published,,%,C,2021-22,"Proportions are of all businesses in each output category. Businesses could select more than one ICT. Coverage includes Agriculture, Forestry and Fishing.",2021-22:7-1:9,data_2021-22/81670DO007_202122.xlsx,Table_1,K21,6.2
analytics,Data capability,2021-22,2021–22,Industry,Accommodation and Food Services,All businesses,3.5,published,,%,C,2021-22,"Proportions are of all businesses in each output category. Businesses could select more than one ICT. Coverage includes Agriculture, Forestry and Fishing.",2021-22:7-1:9,data_2021-22/81670DO007_202122.xlsx,Table_1,K22,3.5
analytics,Data capability,2021-22,2021–22,Industry,"Transport, Postal and Warehousing",All businesses,3.4,published,,%,C,2021-22,"Proportions are of all businesses in each output category. Businesses could select more than one ICT. Coverage includes Agriculture, Forestry and Fishing.",2021-22:7-1:9,data_2021-22/81670DO007_202122.xlsx,Table_1,K23,3.4
analytics,Data capability,2021-22,2021–22,Industry,Information Media and Telecommunications,All businesses,17,published,,%,C,2021-22,"Proportions are of all businesses in each output category. Businesses could select more than one ICT. Coverage includes Agriculture, Forestry and Fishing.",2021-22:7-1:9,data_2021-22/81670DO007_202122.xlsx,Table_1,K24,17
analytics,Data capability,2021-22,2021–22,Industry,Financial and Insurance Services,All businesses,6.7,published,,%,C,2021-22,"Proportions are of all businesses in each output category. Businesses could select more than one ICT. Coverage includes Agriculture, Forestry and Fishing.",2021-22:7-1:9,data_2021-22/81670DO007_202122.xlsx,Table_1,K25,6.7
analytics,Data capability,2021-22,2021–22,Industry,"Rental, Hiring and Real Estate Services",All businesses,6.7,published,,%,C,2021-22,"Proportions are of all businesses in each output category. Businesses could select more than one ICT. Coverage includes Agriculture, Forestry and Fishing.",2021-22:7-1:9,data_2021-22/81670DO007_202122.xlsx,Table_1,K26,6.7
analytics,Data capability,2021-22,2021–22,Industry,"Professional, Scientific and Technical Services",All businesses,9.4,published,,%,C,2021-22,"Proportions are of all businesses in each output category. Businesses could select more than one ICT. Coverage includes Agriculture, Forestry and Fishing.",2021-22:7-1:9,data_2021-22/81670DO007_202122.xlsx,Table_1,K27,9.4
analytics,Data capability,2021-22,2021–22,Industry,Administrative and Support Services,All businesses,4.2,published,,%,C,2021-22,"Proportions are of all businesses in each output category. Businesses could select more than one ICT. Coverage includes Agriculture, Forestry and Fishing.",2021-22:7-1:9,data_2021-22/81670DO007_202122.xlsx,Table_1,K28,4.2
analytics,Data capability,2021-22,2021–22,Industry,Health Care and Social Assistance,All businesses,3.3,published,,%,C,2021-22,"Proportions are of all businesses in each output category. Businesses could select more than one ICT. Coverage includes Agriculture, Forestry and Fishing.",2021-22:7-1:9,data_2021-22/81670DO007_202122.xlsx,Table_1,K29,3.3
analytics,Data capability,2021-22,2021–22,Industry,Arts and Recreation Services,All businesses,4.5,published,,%,C,2021-22,"Proportions are of all businesses in each output category. Businesses could select more than one ICT. Coverage includes Agriculture, Forestry and Fishing.",2021-22:7-1:9,data_2021-22/81670DO007_202122.xlsx,Table_1,K30,4.5
analytics,Data capability,2021-22,2021–22,Industry,Other Services,All businesses,3.7,published,,%,C,2021-22,"Proportions are of all businesses in each output category. Businesses could select more than one ICT. Coverage includes Agriculture, Forestry and Fishing.",2021-22:7-1:9,data_2021-22/81670DO007_202122.xlsx,Table_1,K31,3.7
iot,Advanced technologies,2021-22,2021–22,Overall,Total,All businesses,6.4,published,,%,C,2021-22,"Proportions are of all businesses in each output category. Businesses could select more than one ICT. Coverage includes Agriculture, Forestry and Fishing.",2021-22:7-1:10,data_2021-22/81670DO007_202122.xlsx,Table_1,L8,6.4
iot,Advanced technologies,2021-22,2021–22,Employment size,0–4 persons,All businesses,4.5,published,,%,C,2021-22,"Proportions are of all businesses in each output category. Businesses could select more than one ICT. Coverage includes Agriculture, Forestry and Fishing.",2021-22:7-1:10,data_2021-22/81670DO007_202122.xlsx,Table_1,L10,4.5
iot,Advanced technologies,2021-22,2021–22,Employment size,5–19 persons,All businesses,8.9,published,,%,C,2021-22,"Proportions are of all businesses in each output category. Businesses could select more than one ICT. Coverage includes Agriculture, Forestry and Fishing.",2021-22:7-1:10,data_2021-22/81670DO007_202122.xlsx,Table_1,L11,8.9
iot,Advanced technologies,2021-22,2021–22,Employment size,20–199 persons,All businesses,14.1,published,,%,C,2021-22,"Proportions are of all businesses in each output category. Businesses could select more than one ICT. Coverage includes Agriculture, Forestry and Fishing.",2021-22:7-1:10,data_2021-22/81670DO007_202122.xlsx,Table_1,L12,14.1
iot,Advanced technologies,2021-22,2021–22,Employment size,200 or more persons,All businesses,23.3,published,,%,C,2021-22,"Proportions are of all businesses in each output category. Businesses could select more than one ICT. Coverage includes Agriculture, Forestry and Fishing.",2021-22:7-1:10,data_2021-22/81670DO007_202122.xlsx,Table_1,L13,23.3
iot,Advanced technologies,2021-22,2021–22,Industry,"Agriculture, Forestry and Fishing",All businesses,11.8,published,,%,C,2021-22,"Proportions are of all businesses in each output category. Businesses could select more than one ICT. Coverage includes Agriculture, Forestry and Fishing.",2021-22:7-1:10,data_2021-22/81670DO007_202122.xlsx,Table_1,L15,11.8
iot,Advanced technologies,2021-22,2021–22,Industry,Mining,All businesses,11.2,published,,%,C,2021-22,"Proportions are of all businesses in each output category. Businesses could select more than one ICT. Coverage includes Agriculture, Forestry and Fishing.",2021-22:7-1:10,data_2021-22/81670DO007_202122.xlsx,Table_1,L16,11.2
iot,Advanced technologies,2021-22,2021–22,Industry,Manufacturing,All businesses,9.2,published,,%,C,2021-22,"Proportions are of all businesses in each output category. Businesses could select more than one ICT. Coverage includes Agriculture, Forestry and Fishing.",2021-22:7-1:10,data_2021-22/81670DO007_202122.xlsx,Table_1,L17,9.2
iot,Advanced technologies,2021-22,2021–22,Industry,"Electricity, Gas, Water and Waste Services",All businesses,12,published,,%,C,2021-22,"Proportions are of all businesses in each output category. Businesses could select more than one ICT. Coverage includes Agriculture, Forestry and Fishing.",2021-22:7-1:10,data_2021-22/81670DO007_202122.xlsx,Table_1,L18,12
iot,Advanced technologies,2021-22,2021–22,Industry,Construction,All businesses,6.3,published,,%,C,2021-22,"Proportions are of all businesses in each output category. Businesses could select more than one ICT. Coverage includes Agriculture, Forestry and Fishing.",2021-22:7-1:10,data_2021-22/81670DO007_202122.xlsx,Table_1,L19,6.3
iot,Advanced technologies,2021-22,2021–22,Industry,Wholesale Trade,All businesses,9.5,published,,%,C,2021-22,"Proportions are of all businesses in each output category. Businesses could select more than one ICT. Coverage includes Agriculture, Forestry and Fishing.",2021-22:7-1:10,data_2021-22/81670DO007_202122.xlsx,Table_1,L20,9.5
iot,Advanced technologies,2021-22,2021–22,Industry,Retail Trade,All businesses,6.4,published,,%,C,2021-22,"Proportions are of all businesses in each output category. Businesses could select more than one ICT. Coverage includes Agriculture, Forestry and Fishing.",2021-22:7-1:10,data_2021-22/81670DO007_202122.xlsx,Table_1,L21,6.4
iot,Advanced technologies,2021-22,2021–22,Industry,Accommodation and Food Services,All businesses,5.2,published,,%,C,2021-22,"Proportions are of all businesses in each output category. Businesses could select more than one ICT. Coverage includes Agriculture, Forestry and Fishing.",2021-22:7-1:10,data_2021-22/81670DO007_202122.xlsx,Table_1,L22,5.2
iot,Advanced technologies,2021-22,2021–22,Industry,"Transport, Postal and Warehousing",All businesses,3.9,published,,%,C,2021-22,"Proportions are of all businesses in each output category. Businesses could select more than one ICT. Coverage includes Agriculture, Forestry and Fishing.",2021-22:7-1:10,data_2021-22/81670DO007_202122.xlsx,Table_1,L23,3.9
iot,Advanced technologies,2021-22,2021–22,Industry,Information Media and Telecommunications,All businesses,10.7,published,,%,C,2021-22,"Proportions are of all businesses in each output category. Businesses could select more than one ICT. Coverage includes Agriculture, Forestry and Fishing.",2021-22:7-1:10,data_2021-22/81670DO007_202122.xlsx,Table_1,L24,10.7
iot,Advanced technologies,2021-22,2021–22,Industry,Financial and Insurance Services,All businesses,2.9,published,,%,C,2021-22,"Proportions are of all businesses in each output category. Businesses could select more than one ICT. Coverage includes Agriculture, Forestry and Fishing.",2021-22:7-1:10,data_2021-22/81670DO007_202122.xlsx,Table_1,L25,2.9
iot,Advanced technologies,2021-22,2021–22,Industry,"Rental, Hiring and Real Estate Services",All businesses,5.3,published,,%,C,2021-22,"Proportions are of all businesses in each output category. Businesses could select more than one ICT. Coverage includes Agriculture, Forestry and Fishing.",2021-22:7-1:10,data_2021-22/81670DO007_202122.xlsx,Table_1,L26,5.3
iot,Advanced technologies,2021-22,2021–22,Industry,"Professional, Scientific and Technical Services",All businesses,7.3,published,,%,C,2021-22,"Proportions are of all businesses in each output category. Businesses could select more than one ICT. Coverage includes Agriculture, Forestry and Fishing.",2021-22:7-1:10,data_2021-22/81670DO007_202122.xlsx,Table_1,L27,7.3
iot,Advanced technologies,2021-22,2021–22,Industry,Administrative and Support Services,All businesses,4.1,published,,%,C,2021-22,"Proportions are of all businesses in each output category. Businesses could select more than one ICT. Coverage includes Agriculture, Forestry and Fishing.",2021-22:7-1:10,data_2021-22/81670DO007_202122.xlsx,Table_1,L28,4.1
iot,Advanced technologies,2021-22,2021–22,Industry,Health Care and Social Assistance,All businesses,4.8,published,,%,C,2021-22,"Proportions are of all businesses in each output category. Businesses could select more than one ICT. Coverage includes Agriculture, Forestry and Fishing.",2021-22:7-1:10,data_2021-22/81670DO007_202122.xlsx,Table_1,L29,4.8
iot,Advanced technologies,2021-22,2021–22,Industry,Arts and Recreation Services,All businesses,6.4,published,,%,C,2021-22,"Proportions are of all businesses in each output category. Businesses could select more than one ICT. Coverage includes Agriculture, Forestry and Fishing.",2021-22:7-1:10,data_2021-22/81670DO007_202122.xlsx,Table_1,L30,6.4
iot,Advanced technologies,2021-22,2021–22,Industry,Other Services,All businesses,3.8,published,,%,C,2021-22,"Proportions are of all businesses in each output category. Businesses could select more than one ICT. Coverage includes Agriculture, Forestry and Fishing.",2021-22:7-1:10,data_2021-22/81670DO007_202122.xlsx,Table_1,L31,3.8
ai,Advanced technologies,2021-22,2021–22,Overall,Total,All businesses,1.4,published,,%,C,2021-22,"Proportions are of all businesses in each output category. Businesses could select more than one ICT. Coverage includes Agriculture, Forestry and Fishing.",2021-22:7-1:11,data_2021-22/81670DO007_202122.xlsx,Table_1,M8,1.4
ai,Advanced technologies,2021-22,2021–22,Employment size,0–4 persons,All businesses,1.1,published,,%,C,2021-22,"Proportions are of all businesses in each output category. Businesses could select more than one ICT. Coverage includes Agriculture, Forestry and Fishing.",2021-22:7-1:11,data_2021-22/81670DO007_202122.xlsx,Table_1,M10,1.1
ai,Advanced technologies,2021-22,2021–22,Employment size,5–19 persons,All businesses,1.4,published,,%,C,2021-22,"Proportions are of all businesses in each output category. Businesses could select more than one ICT. Coverage includes Agriculture, Forestry and Fishing.",2021-22:7-1:11,data_2021-22/81670DO007_202122.xlsx,Table_1,M11,1.4
ai,Advanced technologies,2021-22,2021–22,Employment size,20–199 persons,All businesses,3.3,published,,%,C,2021-22,"Proportions are of all businesses in each output category. Businesses could select more than one ICT. Coverage includes Agriculture, Forestry and Fishing.",2021-22:7-1:11,data_2021-22/81670DO007_202122.xlsx,Table_1,M12,3.3
ai,Advanced technologies,2021-22,2021–22,Employment size,200 or more persons,All businesses,9.5,published,,%,C,2021-22,"Proportions are of all businesses in each output category. Businesses could select more than one ICT. Coverage includes Agriculture, Forestry and Fishing.",2021-22:7-1:11,data_2021-22/81670DO007_202122.xlsx,Table_1,M13,9.5
ai,Advanced technologies,2021-22,2021–22,Industry,"Agriculture, Forestry and Fishing",All businesses,0,rounded-zero,nil or rounded to zero (including null cells),%,C,2021-22,"Proportions are of all businesses in each output category. Businesses could select more than one ICT. Coverage includes Agriculture, Forestry and Fishing.",2021-22:7-1:11,data_2021-22/81670DO007_202122.xlsx,Table_1,M15,0
ai,Advanced technologies,2021-22,2021–22,Industry,Mining,All businesses,1.6,published,,%,C,2021-22,"Proportions are of all businesses in each output category. Businesses could select more than one ICT. Coverage includes Agriculture, Forestry and Fishing.",2021-22:7-1:11,data_2021-22/81670DO007_202122.xlsx,Table_1,M16,1.6
ai,Advanced technologies,2021-22,2021–22,Industry,Manufacturing,All businesses,1.5,published,,%,C,2021-22,"Proportions are of all businesses in each output category. Businesses could select more than one ICT. Coverage includes Agriculture, Forestry and Fishing.",2021-22:7-1:11,data_2021-22/81670DO007_202122.xlsx,Table_1,M17,1.5
ai,Advanced technologies,2021-22,2021–22,Industry,"Electricity, Gas, Water and Waste Services",All businesses,1.9,published,,%,C,2021-22,"Proportions are of all businesses in each output category. Businesses could select more than one ICT. Coverage includes Agriculture, Forestry and Fishing.",2021-22:7-1:11,data_2021-22/81670DO007_202122.xlsx,Table_1,M18,1.9
ai,Advanced technologies,2021-22,2021–22,Industry,Construction,All businesses,0.4,published,,%,C,2021-22,"Proportions are of all businesses in each output category. Businesses could select more than one ICT. Coverage includes Agriculture, Forestry and Fishing.",2021-22:7-1:11,data_2021-22/81670DO007_202122.xlsx,Table_1,M19,0.4
ai,Advanced technologies,2021-22,2021–22,Industry,Wholesale Trade,All businesses,2.3,published,,%,C,2021-22,"Proportions are of all businesses in each output category. Businesses could select more than one ICT. Coverage includes Agriculture, Forestry and Fishing.",2021-22:7-1:11,data_2021-22/81670DO007_202122.xlsx,Table_1,M20,2.3
ai,Advanced technologies,2021-22,2021–22,Industry,Retail Trade,All businesses,1.1,published,,%,C,2021-22,"Proportions are of all businesses in each output category. Businesses could select more than one ICT. Coverage includes Agriculture, Forestry and Fishing.",2021-22:7-1:11,data_2021-22/81670DO007_202122.xlsx,Table_1,M21,1.1
ai,Advanced technologies,2021-22,2021–22,Industry,Accommodation and Food Services,All businesses,1,published,,%,C,2021-22,"Proportions are of all businesses in each output category. Businesses could select more than one ICT. Coverage includes Agriculture, Forestry and Fishing.",2021-22:7-1:11,data_2021-22/81670DO007_202122.xlsx,Table_1,M22,1
ai,Advanced technologies,2021-22,2021–22,Industry,"Transport, Postal and Warehousing",All businesses,0.1,published,,%,C,2021-22,"Proportions are of all businesses in each output category. Businesses could select more than one ICT. Coverage includes Agriculture, Forestry and Fishing.",2021-22:7-1:11,data_2021-22/81670DO007_202122.xlsx,Table_1,M23,0.1
ai,Advanced technologies,2021-22,2021–22,Industry,Information Media and Telecommunications,All businesses,7.7,published,,%,C,2021-22,"Proportions are of all businesses in each output category. Businesses could select more than one ICT. Coverage includes Agriculture, Forestry and Fishing.",2021-22:7-1:11,data_2021-22/81670DO007_202122.xlsx,Table_1,M24,7.7
ai,Advanced technologies,2021-22,2021–22,Industry,Financial and Insurance Services,All businesses,0.7,published,,%,C,2021-22,"Proportions are of all businesses in each output category. Businesses could select more than one ICT. Coverage includes Agriculture, Forestry and Fishing.",2021-22:7-1:11,data_2021-22/81670DO007_202122.xlsx,Table_1,M25,0.7
ai,Advanced technologies,2021-22,2021–22,Industry,"Rental, Hiring and Real Estate Services",All businesses,2.5,published,,%,C,2021-22,"Proportions are of all businesses in each output category. Businesses could select more than one ICT. Coverage includes Agriculture, Forestry and Fishing.",2021-22:7-1:11,data_2021-22/81670DO007_202122.xlsx,Table_1,M26,2.5
ai,Advanced technologies,2021-22,2021–22,Industry,"Professional, Scientific and Technical Services",All businesses,3.6,published,,%,C,2021-22,"Proportions are of all businesses in each output category. Businesses could select more than one ICT. Coverage includes Agriculture, Forestry and Fishing.",2021-22:7-1:11,data_2021-22/81670DO007_202122.xlsx,Table_1,M27,3.6
ai,Advanced technologies,2021-22,2021–22,Industry,Administrative and Support Services,All businesses,0.8,published,,%,C,2021-22,"Proportions are of all businesses in each output category. Businesses could select more than one ICT. Coverage includes Agriculture, Forestry and Fishing.",2021-22:7-1:11,data_2021-22/81670DO007_202122.xlsx,Table_1,M28,0.8
ai,Advanced technologies,2021-22,2021–22,Industry,Health Care and Social Assistance,All businesses,0.2,published,,%,C,2021-22,"Proportions are of all businesses in each output category. Businesses could select more than one ICT. Coverage includes Agriculture, Forestry and Fishing.",2021-22:7-1:11,data_2021-22/81670DO007_202122.xlsx,Table_1,M29,0.2
ai,Advanced technologies,2021-22,2021–22,Industry,Arts and Recreation Services,All businesses,1.2,published,,%,C,2021-22,"Proportions are of all businesses in each output category. Businesses could select more than one ICT. Coverage includes Agriculture, Forestry and Fishing.",2021-22:7-1:11,data_2021-22/81670DO007_202122.xlsx,Table_1,M30,1.2
ai,Advanced technologies,2021-22,2021–22,Industry,Other Services,All businesses,0.7,published,,%,C,2021-22,"Proportions are of all businesses in each output category. Businesses could select more than one ICT. Coverage includes Agriculture, Forestry and Fishing.",2021-22:7-1:11,data_2021-22/81670DO007_202122.xlsx,Table_1,M31,0.7
printing,Advanced technologies,2021-22,2021–22,Overall,Total,All businesses,1.5,published,,%,C,2021-22,"Proportions are of all businesses in each output category. Businesses could select more than one ICT. Coverage includes Agriculture, Forestry and Fishing.",2021-22:7-1:12,data_2021-22/81670DO007_202122.xlsx,Table_1,N8,1.5
printing,Advanced technologies,2021-22,2021–22,Employment size,0–4 persons,All businesses,1.2,published,,%,C,2021-22,"Proportions are of all businesses in each output category. Businesses could select more than one ICT. Coverage includes Agriculture, Forestry and Fishing.",2021-22:7-1:12,data_2021-22/81670DO007_202122.xlsx,Table_1,N10,1.2
printing,Advanced technologies,2021-22,2021–22,Employment size,5–19 persons,All businesses,2.1,published,,%,C,2021-22,"Proportions are of all businesses in each output category. Businesses could select more than one ICT. Coverage includes Agriculture, Forestry and Fishing.",2021-22:7-1:12,data_2021-22/81670DO007_202122.xlsx,Table_1,N11,2.1
printing,Advanced technologies,2021-22,2021–22,Employment size,20–199 persons,All businesses,2.1,published,,%,C,2021-22,"Proportions are of all businesses in each output category. Businesses could select more than one ICT. Coverage includes Agriculture, Forestry and Fishing.",2021-22:7-1:12,data_2021-22/81670DO007_202122.xlsx,Table_1,N12,2.1
printing,Advanced technologies,2021-22,2021–22,Employment size,200 or more persons,All businesses,7.4,published,,%,C,2021-22,"Proportions are of all businesses in each output category. Businesses could select more than one ICT. Coverage includes Agriculture, Forestry and Fishing.",2021-22:7-1:12,data_2021-22/81670DO007_202122.xlsx,Table_1,N13,7.4
printing,Advanced technologies,2021-22,2021–22,Industry,"Agriculture, Forestry and Fishing",All businesses,,suppressed,"not available for publication but included in totals where applicable, unless otherwise indicated",%,C,2021-22,"Proportions are of all businesses in each output category. Businesses could select more than one ICT. Coverage includes Agriculture, Forestry and Fishing.",2021-22:7-1:12,data_2021-22/81670DO007_202122.xlsx,Table_1,N15,
printing,Advanced technologies,2021-22,2021–22,Industry,Mining,All businesses,3,published,,%,C,2021-22,"Proportions are of all businesses in each output category. Businesses could select more than one ICT. Coverage includes Agriculture, Forestry and Fishing.",2021-22:7-1:12,data_2021-22/81670DO007_202122.xlsx,Table_1,N16,3
printing,Advanced technologies,2021-22,2021–22,Industry,Manufacturing,All businesses,5.5,published,,%,C,2021-22,"Proportions are of all businesses in each output category. Businesses could select more than one ICT. Coverage includes Agriculture, Forestry and Fishing.",2021-22:7-1:12,data_2021-22/81670DO007_202122.xlsx,Table_1,N17,5.5
printing,Advanced technologies,2021-22,2021–22,Industry,"Electricity, Gas, Water and Waste Services",All businesses,0.2,published,,%,C,2021-22,"Proportions are of all businesses in each output category. Businesses could select more than one ICT. Coverage includes Agriculture, Forestry and Fishing.",2021-22:7-1:12,data_2021-22/81670DO007_202122.xlsx,Table_1,N18,0.2
printing,Advanced technologies,2021-22,2021–22,Industry,Construction,All businesses,0,rounded-zero,nil or rounded to zero (including null cells),%,C,2021-22,"Proportions are of all businesses in each output category. Businesses could select more than one ICT. Coverage includes Agriculture, Forestry and Fishing.",2021-22:7-1:12,data_2021-22/81670DO007_202122.xlsx,Table_1,N19,0
printing,Advanced technologies,2021-22,2021–22,Industry,Wholesale Trade,All businesses,3.6,published,,%,C,2021-22,"Proportions are of all businesses in each output category. Businesses could select more than one ICT. Coverage includes Agriculture, Forestry and Fishing.",2021-22:7-1:12,data_2021-22/81670DO007_202122.xlsx,Table_1,N20,3.6
printing,Advanced technologies,2021-22,2021–22,Industry,Retail Trade,All businesses,3.3,published,,%,C,2021-22,"Proportions are of all businesses in each output category. Businesses could select more than one ICT. Coverage includes Agriculture, Forestry and Fishing.",2021-22:7-1:12,data_2021-22/81670DO007_202122.xlsx,Table_1,N21,3.3
printing,Advanced technologies,2021-22,2021–22,Industry,Accommodation and Food Services,All businesses,,suppressed,"not available for publication but included in totals where applicable, unless otherwise indicated",%,C,2021-22,"Proportions are of all businesses in each output category. Businesses could select more than one ICT. Coverage includes Agriculture, Forestry and Fishing.",2021-22:7-1:12,data_2021-22/81670DO007_202122.xlsx,Table_1,N22,
printing,Advanced technologies,2021-22,2021–22,Industry,"Transport, Postal and Warehousing",All businesses,0,rounded-zero,nil or rounded to zero (including null cells),%,C,2021-22,"Proportions are of all businesses in each output category. Businesses could select more than one ICT. Coverage includes Agriculture, Forestry and Fishing.",2021-22:7-1:12,data_2021-22/81670DO007_202122.xlsx,Table_1,N23,0
printing,Advanced technologies,2021-22,2021–22,Industry,Information Media and Telecommunications,All businesses,1.6,published,,%,C,2021-22,"Proportions are of all businesses in each output category. Businesses could select more than one ICT. Coverage includes Agriculture, Forestry and Fishing.",2021-22:7-1:12,data_2021-22/81670DO007_202122.xlsx,Table_1,N24,1.6
printing,Advanced technologies,2021-22,2021–22,Industry,Financial and Insurance Services,All businesses,,suppressed,"not available for publication but included in totals where applicable, unless otherwise indicated",%,C,2021-22,"Proportions are of all businesses in each output category. Businesses could select more than one ICT. Coverage includes Agriculture, Forestry and Fishing.",2021-22:7-1:12,data_2021-22/81670DO007_202122.xlsx,Table_1,N25,
printing,Advanced technologies,2021-22,2021–22,Industry,"Rental, Hiring and Real Estate Services",All businesses,1.1,published,,%,C,2021-22,"Proportions are of all businesses in each output category. Businesses could select more than one ICT. Coverage includes Agriculture, Forestry and Fishing.",2021-22:7-1:12,data_2021-22/81670DO007_202122.xlsx,Table_1,N26,1.1
printing,Advanced technologies,2021-22,2021–22,Industry,"Professional, Scientific and Technical Services",All businesses,3.1,published,,%,C,2021-22,"Proportions are of all businesses in each output category. Businesses could select more than one ICT. Coverage includes Agriculture, Forestry and Fishing.",2021-22:7-1:12,data_2021-22/81670DO007_202122.xlsx,Table_1,N27,3.1
printing,Advanced technologies,2021-22,2021–22,Industry,Administrative and Support Services,All businesses,1.5,published,,%,C,2021-22,"Proportions are of all businesses in each output category. Businesses could select more than one ICT. Coverage includes Agriculture, Forestry and Fishing.",2021-22:7-1:12,data_2021-22/81670DO007_202122.xlsx,Table_1,N28,1.5
printing,Advanced technologies,2021-22,2021–22,Industry,Health Care and Social Assistance,All businesses,1.3,published,,%,C,2021-22,"Proportions are of all businesses in each output category. Businesses could select more than one ICT. Coverage includes Agriculture, Forestry and Fishing.",2021-22:7-1:12,data_2021-22/81670DO007_202122.xlsx,Table_1,N29,1.3
printing,Advanced technologies,2021-22,2021–22,Industry,Arts and Recreation Services,All businesses,1.5,published,,%,C,2021-22,"Proportions are of all businesses in each output category. Businesses could select more than one ICT. Coverage includes Agriculture, Forestry and Fishing.",2021-22:7-1:12,data_2021-22/81670DO007_202122.xlsx,Table_1,N30,1.5
printing,Advanced technologies,2021-22,2021–22,Industry,Other Services,All businesses,,suppressed,"not available for publication but included in totals where applicable, unless otherwise indicated",%,C,2021-22,"Proportions are of all businesses in each output category. Businesses could select more than one ICT. Coverage includes Agriculture, Forestry and Fishing.",2021-22:7-1:12,data_2021-22/81670DO007_202122.xlsx,Table_1,N31,
strategy,Digital management,2021-22,2021–22,Overall,Total,All businesses,12.1,published,,%,C,2021-22,"Proportions are of all businesses in each output category. Businesses could select more than one option. Coverage includes Agriculture, Forestry and Fishing.",2021-22:2-3:2,data_2021-22/81670DO002_202122.xlsx,Table_3,D8,12.1
strategy,Digital management,2021-22,2021–22,Employment size,0–4 persons,All businesses,8.2,published,,%,C,2021-22,"Proportions are of all businesses in each output category. Businesses could select more than one option. Coverage includes Agriculture, Forestry and Fishing.",2021-22:2-3:2,data_2021-22/81670DO002_202122.xlsx,Table_3,D10,8.2
strategy,Digital management,2021-22,2021–22,Employment size,5–19 persons,All businesses,17.4,published,,%,C,2021-22,"Proportions are of all businesses in each output category. Businesses could select more than one option. Coverage includes Agriculture, Forestry and Fishing.",2021-22:2-3:2,data_2021-22/81670DO002_202122.xlsx,Table_3,D11,17.4
strategy,Digital management,2021-22,2021–22,Employment size,20–199 persons,All businesses,27.7,published,,%,C,2021-22,"Proportions are of all businesses in each output category. Businesses could select more than one option. Coverage includes Agriculture, Forestry and Fishing.",2021-22:2-3:2,data_2021-22/81670DO002_202122.xlsx,Table_3,D12,27.7
strategy,Digital management,2021-22,2021–22,Employment size,200 or more persons,All businesses,48.9,published,,%,C,2021-22,"Proportions are of all businesses in each output category. Businesses could select more than one option. Coverage includes Agriculture, Forestry and Fishing.",2021-22:2-3:2,data_2021-22/81670DO002_202122.xlsx,Table_3,D13,48.9
strategy,Digital management,2021-22,2021–22,Industry,"Agriculture, Forestry and Fishing",All businesses,3,published,,%,C,2021-22,"Proportions are of all businesses in each output category. Businesses could select more than one option. Coverage includes Agriculture, Forestry and Fishing.",2021-22:2-3:2,data_2021-22/81670DO002_202122.xlsx,Table_3,D15,3
strategy,Digital management,2021-22,2021–22,Industry,Mining,All businesses,12.5,published,,%,C,2021-22,"Proportions are of all businesses in each output category. Businesses could select more than one option. Coverage includes Agriculture, Forestry and Fishing.",2021-22:2-3:2,data_2021-22/81670DO002_202122.xlsx,Table_3,D16,12.5
strategy,Digital management,2021-22,2021–22,Industry,Manufacturing,All businesses,15.5,published,,%,C,2021-22,"Proportions are of all businesses in each output category. Businesses could select more than one option. Coverage includes Agriculture, Forestry and Fishing.",2021-22:2-3:2,data_2021-22/81670DO002_202122.xlsx,Table_3,D17,15.5
strategy,Digital management,2021-22,2021–22,Industry,"Electricity, Gas, Water and Waste Services",All businesses,8.2,published,,%,C,2021-22,"Proportions are of all businesses in each output category. Businesses could select more than one option. Coverage includes Agriculture, Forestry and Fishing.",2021-22:2-3:2,data_2021-22/81670DO002_202122.xlsx,Table_3,D18,8.2
strategy,Digital management,2021-22,2021–22,Industry,Construction,All businesses,2.8,published,,%,C,2021-22,"Proportions are of all businesses in each output category. Businesses could select more than one option. Coverage includes Agriculture, Forestry and Fishing.",2021-22:2-3:2,data_2021-22/81670DO002_202122.xlsx,Table_3,D19,2.8
strategy,Digital management,2021-22,2021–22,Industry,Wholesale Trade,All businesses,19.5,published,,%,C,2021-22,"Proportions are of all businesses in each output category. Businesses could select more than one option. Coverage includes Agriculture, Forestry and Fishing.",2021-22:2-3:2,data_2021-22/81670DO002_202122.xlsx,Table_3,D20,19.5
strategy,Digital management,2021-22,2021–22,Industry,Retail Trade,All businesses,21.4,published,,%,C,2021-22,"Proportions are of all businesses in each output category. Businesses could select more than one option. Coverage includes Agriculture, Forestry and Fishing.",2021-22:2-3:2,data_2021-22/81670DO002_202122.xlsx,Table_3,D21,21.4
strategy,Digital management,2021-22,2021–22,Industry,Accommodation and Food Services,All businesses,10.5,published,,%,C,2021-22,"Proportions are of all businesses in each output category. Businesses could select more than one option. Coverage includes Agriculture, Forestry and Fishing.",2021-22:2-3:2,data_2021-22/81670DO002_202122.xlsx,Table_3,D22,10.5
strategy,Digital management,2021-22,2021–22,Industry,"Transport, Postal and Warehousing",All businesses,4.5,published,,%,C,2021-22,"Proportions are of all businesses in each output category. Businesses could select more than one option. Coverage includes Agriculture, Forestry and Fishing.",2021-22:2-3:2,data_2021-22/81670DO002_202122.xlsx,Table_3,D23,4.5
strategy,Digital management,2021-22,2021–22,Industry,Information Media and Telecommunications,All businesses,31.4,published,,%,C,2021-22,"Proportions are of all businesses in each output category. Businesses could select more than one option. Coverage includes Agriculture, Forestry and Fishing.",2021-22:2-3:2,data_2021-22/81670DO002_202122.xlsx,Table_3,D24,31.4
strategy,Digital management,2021-22,2021–22,Industry,Financial and Insurance Services,All businesses,19.8,published,,%,C,2021-22,"Proportions are of all businesses in each output category. Businesses could select more than one option. Coverage includes Agriculture, Forestry and Fishing.",2021-22:2-3:2,data_2021-22/81670DO002_202122.xlsx,Table_3,D25,19.8
strategy,Digital management,2021-22,2021–22,Industry,"Rental, Hiring and Real Estate Services",All businesses,14.9,published,,%,C,2021-22,"Proportions are of all businesses in each output category. Businesses could select more than one option. Coverage includes Agriculture, Forestry and Fishing.",2021-22:2-3:2,data_2021-22/81670DO002_202122.xlsx,Table_3,D26,14.9
strategy,Digital management,2021-22,2021–22,Industry,"Professional, Scientific and Technical Services",All businesses,17.8,published,,%,C,2021-22,"Proportions are of all businesses in each output category. Businesses could select more than one option. Coverage includes Agriculture, Forestry and Fishing.",2021-22:2-3:2,data_2021-22/81670DO002_202122.xlsx,Table_3,D27,17.8
strategy,Digital management,2021-22,2021–22,Industry,Administrative and Support Services,All businesses,16,published,,%,C,2021-22,"Proportions are of all businesses in each output category. Businesses could select more than one option. Coverage includes Agriculture, Forestry and Fishing.",2021-22:2-3:2,data_2021-22/81670DO002_202122.xlsx,Table_3,D28,16
strategy,Digital management,2021-22,2021–22,Industry,Health Care and Social Assistance,All businesses,11.2,published,,%,C,2021-22,"Proportions are of all businesses in each output category. Businesses could select more than one option. Coverage includes Agriculture, Forestry and Fishing.",2021-22:2-3:2,data_2021-22/81670DO002_202122.xlsx,Table_3,D29,11.2
strategy,Digital management,2021-22,2021–22,Industry,Arts and Recreation Services,All businesses,18.6,published,,%,C,2021-22,"Proportions are of all businesses in each output category. Businesses could select more than one option. Coverage includes Agriculture, Forestry and Fishing.",2021-22:2-3:2,data_2021-22/81670DO002_202122.xlsx,Table_3,D30,18.6
strategy,Digital management,2021-22,2021–22,Industry,Other Services,All businesses,8.7,published,,%,C,2021-22,"Proportions are of all businesses in each output category. Businesses could select more than one option. Coverage includes Agriculture, Forestry and Fishing.",2021-22:2-3:2,data_2021-22/81670DO002_202122.xlsx,Table_3,D31,8.7
collected,Data capability,2021-22,2021–22,Overall,Total,All businesses,23.6,published,,%,C,2021-22,"Proportions are of all businesses in each output category. Businesses could select more than one option. Coverage includes Agriculture, Forestry and Fishing.",2021-22:2-3:8,data_2021-22/81670DO002_202122.xlsx,Table_3,J8,23.6
collected,Data capability,2021-22,2021–22,Employment size,0–4 persons,All businesses,16.8,published,,%,C,2021-22,"Proportions are of all businesses in each output category. Businesses could select more than one option. Coverage includes Agriculture, Forestry and Fishing.",2021-22:2-3:8,data_2021-22/81670DO002_202122.xlsx,Table_3,J10,16.8
collected,Data capability,2021-22,2021–22,Employment size,5–19 persons,All businesses,31.7,published,,%,C,2021-22,"Proportions are of all businesses in each output category. Businesses could select more than one option. Coverage includes Agriculture, Forestry and Fishing.",2021-22:2-3:8,data_2021-22/81670DO002_202122.xlsx,Table_3,J11,31.7
collected,Data capability,2021-22,2021–22,Employment size,20–199 persons,All businesses,55.1,published,,%,C,2021-22,"Proportions are of all businesses in each output category. Businesses could select more than one option. Coverage includes Agriculture, Forestry and Fishing.",2021-22:2-3:8,data_2021-22/81670DO002_202122.xlsx,Table_3,J12,55.1
collected,Data capability,2021-22,2021–22,Employment size,200 or more persons,All businesses,82.5,published,,%,C,2021-22,"Proportions are of all businesses in each output category. Businesses could select more than one option. Coverage includes Agriculture, Forestry and Fishing.",2021-22:2-3:8,data_2021-22/81670DO002_202122.xlsx,Table_3,J13,82.5
collected,Data capability,2021-22,2021–22,Industry,"Agriculture, Forestry and Fishing",All businesses,29.9,published,,%,C,2021-22,"Proportions are of all businesses in each output category. Businesses could select more than one option. Coverage includes Agriculture, Forestry and Fishing.",2021-22:2-3:8,data_2021-22/81670DO002_202122.xlsx,Table_3,J15,29.9
collected,Data capability,2021-22,2021–22,Industry,Mining,All businesses,38.1,published,,%,C,2021-22,"Proportions are of all businesses in each output category. Businesses could select more than one option. Coverage includes Agriculture, Forestry and Fishing.",2021-22:2-3:8,data_2021-22/81670DO002_202122.xlsx,Table_3,J16,38.1
collected,Data capability,2021-22,2021–22,Industry,Manufacturing,All businesses,35.8,published,,%,C,2021-22,"Proportions are of all businesses in each output category. Businesses could select more than one option. Coverage includes Agriculture, Forestry and Fishing.",2021-22:2-3:8,data_2021-22/81670DO002_202122.xlsx,Table_3,J17,35.8
collected,Data capability,2021-22,2021–22,Industry,"Electricity, Gas, Water and Waste Services",All businesses,34,published,,%,C,2021-22,"Proportions are of all businesses in each output category. Businesses could select more than one option. Coverage includes Agriculture, Forestry and Fishing.",2021-22:2-3:8,data_2021-22/81670DO002_202122.xlsx,Table_3,J18,34
collected,Data capability,2021-22,2021–22,Industry,Construction,All businesses,15.7,published,,%,C,2021-22,"Proportions are of all businesses in each output category. Businesses could select more than one option. Coverage includes Agriculture, Forestry and Fishing.",2021-22:2-3:8,data_2021-22/81670DO002_202122.xlsx,Table_3,J19,15.7
collected,Data capability,2021-22,2021–22,Industry,Wholesale Trade,All businesses,36.4,published,,%,C,2021-22,"Proportions are of all businesses in each output category. Businesses could select more than one option. Coverage includes Agriculture, Forestry and Fishing.",2021-22:2-3:8,data_2021-22/81670DO002_202122.xlsx,Table_3,J20,36.4
collected,Data capability,2021-22,2021–22,Industry,Retail Trade,All businesses,27.3,published,,%,C,2021-22,"Proportions are of all businesses in each output category. Businesses could select more than one option. Coverage includes Agriculture, Forestry and Fishing.",2021-22:2-3:8,data_2021-22/81670DO002_202122.xlsx,Table_3,J21,27.3
collected,Data capability,2021-22,2021–22,Industry,Accommodation and Food Services,All businesses,22.4,published,,%,C,2021-22,"Proportions are of all businesses in each output category. Businesses could select more than one option. Coverage includes Agriculture, Forestry and Fishing.",2021-22:2-3:8,data_2021-22/81670DO002_202122.xlsx,Table_3,J22,22.4
collected,Data capability,2021-22,2021–22,Industry,"Transport, Postal and Warehousing",All businesses,14.6,published,,%,C,2021-22,"Proportions are of all businesses in each output category. Businesses could select more than one option. Coverage includes Agriculture, Forestry and Fishing.",2021-22:2-3:8,data_2021-22/81670DO002_202122.xlsx,Table_3,J23,14.6
collected,Data capability,2021-22,2021–22,Industry,Information Media and Telecommunications,All businesses,33.3,published,,%,C,2021-22,"Proportions are of all businesses in each output category. Businesses could select more than one option. Coverage includes Agriculture, Forestry and Fishing.",2021-22:2-3:8,data_2021-22/81670DO002_202122.xlsx,Table_3,J24,33.3
collected,Data capability,2021-22,2021–22,Industry,Financial and Insurance Services,All businesses,26.6,published,,%,C,2021-22,"Proportions are of all businesses in each output category. Businesses could select more than one option. Coverage includes Agriculture, Forestry and Fishing.",2021-22:2-3:8,data_2021-22/81670DO002_202122.xlsx,Table_3,J25,26.6
collected,Data capability,2021-22,2021–22,Industry,"Rental, Hiring and Real Estate Services",All businesses,26.6,published,,%,C,2021-22,"Proportions are of all businesses in each output category. Businesses could select more than one option. Coverage includes Agriculture, Forestry and Fishing.",2021-22:2-3:8,data_2021-22/81670DO002_202122.xlsx,Table_3,J26,26.6
collected,Data capability,2021-22,2021–22,Industry,"Professional, Scientific and Technical Services",All businesses,25.8,published,,%,C,2021-22,"Proportions are of all businesses in each output category. Businesses could select more than one option. Coverage includes Agriculture, Forestry and Fishing.",2021-22:2-3:8,data_2021-22/81670DO002_202122.xlsx,Table_3,J27,25.8
collected,Data capability,2021-22,2021–22,Industry,Administrative and Support Services,All businesses,21.1,published,,%,C,2021-22,"Proportions are of all businesses in each output category. Businesses could select more than one option. Coverage includes Agriculture, Forestry and Fishing.",2021-22:2-3:8,data_2021-22/81670DO002_202122.xlsx,Table_3,J28,21.1
collected,Data capability,2021-22,2021–22,Industry,Health Care and Social Assistance,All businesses,25.7,published,,%,C,2021-22,"Proportions are of all businesses in each output category. Businesses could select more than one option. Coverage includes Agriculture, Forestry and Fishing.",2021-22:2-3:8,data_2021-22/81670DO002_202122.xlsx,Table_3,J29,25.7
collected,Data capability,2021-22,2021–22,Industry,Arts and Recreation Services,All businesses,32.8,published,,%,C,2021-22,"Proportions are of all businesses in each output category. Businesses could select more than one option. Coverage includes Agriculture, Forestry and Fishing.",2021-22:2-3:8,data_2021-22/81670DO002_202122.xlsx,Table_3,J30,32.8
collected,Data capability,2021-22,2021–22,Industry,Other Services,All businesses,12.9,published,,%,C,2021-22,"Proportions are of all businesses in each output category. Businesses could select more than one option. Coverage includes Agriculture, Forestry and Fishing.",2021-22:2-3:8,data_2021-22/81670DO002_202122.xlsx,Table_3,J31,12.9
predictive,Data capability,2021-22,2021–22,Overall,Total,All businesses,18.3,published,,%,C,2021-22,"Proportions are of all businesses in each output category. Businesses could select more than one option. Coverage includes Agriculture, Forestry and Fishing.",2021-22:2-3:9,data_2021-22/81670DO002_202122.xlsx,Table_3,K8,18.3
predictive,Data capability,2021-22,2021–22,Employment size,0–4 persons,All businesses,13.1,published,,%,C,2021-22,"Proportions are of all businesses in each output category. Businesses could select more than one option. Coverage includes Agriculture, Forestry and Fishing.",2021-22:2-3:9,data_2021-22/81670DO002_202122.xlsx,Table_3,K10,13.1
predictive,Data capability,2021-22,2021–22,Employment size,5–19 persons,All businesses,23.6,published,,%,C,2021-22,"Proportions are of all businesses in each output category. Businesses could select more than one option. Coverage includes Agriculture, Forestry and Fishing.",2021-22:2-3:9,data_2021-22/81670DO002_202122.xlsx,Table_3,K11,23.6
predictive,Data capability,2021-22,2021–22,Employment size,20–199 persons,All businesses,45,published,,%,C,2021-22,"Proportions are of all businesses in each output category. Businesses could select more than one option. Coverage includes Agriculture, Forestry and Fishing.",2021-22:2-3:9,data_2021-22/81670DO002_202122.xlsx,Table_3,K12,45
predictive,Data capability,2021-22,2021–22,Employment size,200 or more persons,All businesses,74.8,published,,%,C,2021-22,"Proportions are of all businesses in each output category. Businesses could select more than one option. Coverage includes Agriculture, Forestry and Fishing.",2021-22:2-3:9,data_2021-22/81670DO002_202122.xlsx,Table_3,K13,74.8
predictive,Data capability,2021-22,2021–22,Industry,"Agriculture, Forestry and Fishing",All businesses,24.7,published,,%,C,2021-22,"Proportions are of all businesses in each output category. Businesses could select more than one option. Coverage includes Agriculture, Forestry and Fishing.",2021-22:2-3:9,data_2021-22/81670DO002_202122.xlsx,Table_3,K15,24.7
predictive,Data capability,2021-22,2021–22,Industry,Mining,All businesses,28.8,published,,%,C,2021-22,"Proportions are of all businesses in each output category. Businesses could select more than one option. Coverage includes Agriculture, Forestry and Fishing.",2021-22:2-3:9,data_2021-22/81670DO002_202122.xlsx,Table_3,K16,28.8
predictive,Data capability,2021-22,2021–22,Industry,Manufacturing,All businesses,26.4,published,,%,C,2021-22,"Proportions are of all businesses in each output category. Businesses could select more than one option. Coverage includes Agriculture, Forestry and Fishing.",2021-22:2-3:9,data_2021-22/81670DO002_202122.xlsx,Table_3,K17,26.4
predictive,Data capability,2021-22,2021–22,Industry,"Electricity, Gas, Water and Waste Services",All businesses,21.2,published,,%,C,2021-22,"Proportions are of all businesses in each output category. Businesses could select more than one option. Coverage includes Agriculture, Forestry and Fishing.",2021-22:2-3:9,data_2021-22/81670DO002_202122.xlsx,Table_3,K18,21.2
predictive,Data capability,2021-22,2021–22,Industry,Construction,All businesses,13.7,published,,%,C,2021-22,"Proportions are of all businesses in each output category. Businesses could select more than one option. Coverage includes Agriculture, Forestry and Fishing.",2021-22:2-3:9,data_2021-22/81670DO002_202122.xlsx,Table_3,K19,13.7
predictive,Data capability,2021-22,2021–22,Industry,Wholesale Trade,All businesses,36.2,published,,%,C,2021-22,"Proportions are of all businesses in each output category. Businesses could select more than one option. Coverage includes Agriculture, Forestry and Fishing.",2021-22:2-3:9,data_2021-22/81670DO002_202122.xlsx,Table_3,K20,36.2
predictive,Data capability,2021-22,2021–22,Industry,Retail Trade,All businesses,26.2,published,,%,C,2021-22,"Proportions are of all businesses in each output category. Businesses could select more than one option. Coverage includes Agriculture, Forestry and Fishing.",2021-22:2-3:9,data_2021-22/81670DO002_202122.xlsx,Table_3,K21,26.2
predictive,Data capability,2021-22,2021–22,Industry,Accommodation and Food Services,All businesses,17.5,published,,%,C,2021-22,"Proportions are of all businesses in each output category. Businesses could select more than one option. Coverage includes Agriculture, Forestry and Fishing.",2021-22:2-3:9,data_2021-22/81670DO002_202122.xlsx,Table_3,K22,17.5
predictive,Data capability,2021-22,2021–22,Industry,"Transport, Postal and Warehousing",All businesses,9.7,published,,%,C,2021-22,"Proportions are of all businesses in each output category. Businesses could select more than one option. Coverage includes Agriculture, Forestry and Fishing.",2021-22:2-3:9,data_2021-22/81670DO002_202122.xlsx,Table_3,K23,9.7
predictive,Data capability,2021-22,2021–22,Industry,Information Media and Telecommunications,All businesses,21.1,published,,%,C,2021-22,"Proportions are of all businesses in each output category. Businesses could select more than one option. Coverage includes Agriculture, Forestry and Fishing.",2021-22:2-3:9,data_2021-22/81670DO002_202122.xlsx,Table_3,K24,21.1
predictive,Data capability,2021-22,2021–22,Industry,Financial and Insurance Services,All businesses,21.2,published,,%,C,2021-22,"Proportions are of all businesses in each output category. Businesses could select more than one option. Coverage includes Agriculture, Forestry and Fishing.",2021-22:2-3:9,data_2021-22/81670DO002_202122.xlsx,Table_3,K25,21.2
predictive,Data capability,2021-22,2021–22,Industry,"Rental, Hiring and Real Estate Services",All businesses,18.5,published,,%,C,2021-22,"Proportions are of all businesses in each output category. Businesses could select more than one option. Coverage includes Agriculture, Forestry and Fishing.",2021-22:2-3:9,data_2021-22/81670DO002_202122.xlsx,Table_3,K26,18.5
predictive,Data capability,2021-22,2021–22,Industry,"Professional, Scientific and Technical Services",All businesses,19.1,published,,%,C,2021-22,"Proportions are of all businesses in each output category. Businesses could select more than one option. Coverage includes Agriculture, Forestry and Fishing.",2021-22:2-3:9,data_2021-22/81670DO002_202122.xlsx,Table_3,K27,19.1
predictive,Data capability,2021-22,2021–22,Industry,Administrative and Support Services,All businesses,17.9,published,,%,C,2021-22,"Proportions are of all businesses in each output category. Businesses could select more than one option. Coverage includes Agriculture, Forestry and Fishing.",2021-22:2-3:9,data_2021-22/81670DO002_202122.xlsx,Table_3,K28,17.9
predictive,Data capability,2021-22,2021–22,Industry,Health Care and Social Assistance,All businesses,14.5,published,,%,C,2021-22,"Proportions are of all businesses in each output category. Businesses could select more than one option. Coverage includes Agriculture, Forestry and Fishing.",2021-22:2-3:9,data_2021-22/81670DO002_202122.xlsx,Table_3,K29,14.5
predictive,Data capability,2021-22,2021–22,Industry,Arts and Recreation Services,All businesses,19.9,published,,%,C,2021-22,"Proportions are of all businesses in each output category. Businesses could select more than one option. Coverage includes Agriculture, Forestry and Fishing.",2021-22:2-3:9,data_2021-22/81670DO002_202122.xlsx,Table_3,K30,19.9
predictive,Data capability,2021-22,2021–22,Industry,Other Services,All businesses,5.7,published,,%,C,2021-22,"Proportions are of all businesses in each output category. Businesses could select more than one option. Coverage includes Agriculture, Forestry and Fishing.",2021-22:2-3:9,data_2021-22/81670DO002_202122.xlsx,Table_3,K31,5.7
customer,Digital value,2021-22,2021–22,Overall,Total,All businesses,30.8,published,,%,C,2021-22,"Proportions are of all businesses in each output category. Businesses could select more than one outcome. Coverage includes Agriculture, Forestry and Fishing.",2021-22:7-2:0,data_2021-22/81670DO007_202122.xlsx,Table_2,B7,30.8
customer,Digital value,2021-22,2021–22,Employment size,0–4 persons,All businesses,25.1,published,,%,C,2021-22,"Proportions are of all businesses in each output category. Businesses could select more than one outcome. Coverage includes Agriculture, Forestry and Fishing.",2021-22:7-2:0,data_2021-22/81670DO007_202122.xlsx,Table_2,B9,25.1
customer,Digital value,2021-22,2021–22,Employment size,5–19 persons,All businesses,38.1,published,,%,C,2021-22,"Proportions are of all businesses in each output category. Businesses could select more than one outcome. Coverage includes Agriculture, Forestry and Fishing.",2021-22:7-2:0,data_2021-22/81670DO007_202122.xlsx,Table_2,B10,38.1
customer,Digital value,2021-22,2021–22,Employment size,20–199 persons,All businesses,55.4,published,,%,C,2021-22,"Proportions are of all businesses in each output category. Businesses could select more than one outcome. Coverage includes Agriculture, Forestry and Fishing.",2021-22:7-2:0,data_2021-22/81670DO007_202122.xlsx,Table_2,B11,55.4
customer,Digital value,2021-22,2021–22,Employment size,200 or more persons,All businesses,70.9,published,,%,C,2021-22,"Proportions are of all businesses in each output category. Businesses could select more than one outcome. Coverage includes Agriculture, Forestry and Fishing.",2021-22:7-2:0,data_2021-22/81670DO007_202122.xlsx,Table_2,B12,70.9
customer,Digital value,2021-22,2021–22,Industry,"Agriculture, Forestry and Fishing",All businesses,11.7,published,,%,C,2021-22,"Proportions are of all businesses in each output category. Businesses could select more than one outcome. Coverage includes Agriculture, Forestry and Fishing.",2021-22:7-2:0,data_2021-22/81670DO007_202122.xlsx,Table_2,B14,11.7
customer,Digital value,2021-22,2021–22,Industry,Mining,All businesses,20.2,published,,%,C,2021-22,"Proportions are of all businesses in each output category. Businesses could select more than one outcome. Coverage includes Agriculture, Forestry and Fishing.",2021-22:7-2:0,data_2021-22/81670DO007_202122.xlsx,Table_2,B15,20.2
customer,Digital value,2021-22,2021–22,Industry,Manufacturing,All businesses,37.1,published,,%,C,2021-22,"Proportions are of all businesses in each output category. Businesses could select more than one outcome. Coverage includes Agriculture, Forestry and Fishing.",2021-22:7-2:0,data_2021-22/81670DO007_202122.xlsx,Table_2,B16,37.1
customer,Digital value,2021-22,2021–22,Industry,"Electricity, Gas, Water and Waste Services",All businesses,30.5,published,,%,C,2021-22,"Proportions are of all businesses in each output category. Businesses could select more than one outcome. Coverage includes Agriculture, Forestry and Fishing.",2021-22:7-2:0,data_2021-22/81670DO007_202122.xlsx,Table_2,B17,30.5
customer,Digital value,2021-22,2021–22,Industry,Construction,All businesses,17.1,published,,%,C,2021-22,"Proportions are of all businesses in each output category. Businesses could select more than one outcome. Coverage includes Agriculture, Forestry and Fishing.",2021-22:7-2:0,data_2021-22/81670DO007_202122.xlsx,Table_2,B18,17.1
customer,Digital value,2021-22,2021–22,Industry,Wholesale Trade,All businesses,45.1,published,,%,C,2021-22,"Proportions are of all businesses in each output category. Businesses could select more than one outcome. Coverage includes Agriculture, Forestry and Fishing.",2021-22:7-2:0,data_2021-22/81670DO007_202122.xlsx,Table_2,B19,45.1
customer,Digital value,2021-22,2021–22,Industry,Retail Trade,All businesses,40.1,published,,%,C,2021-22,"Proportions are of all businesses in each output category. Businesses could select more than one outcome. Coverage includes Agriculture, Forestry and Fishing.",2021-22:7-2:0,data_2021-22/81670DO007_202122.xlsx,Table_2,B20,40.1
customer,Digital value,2021-22,2021–22,Industry,Accommodation and Food Services,All businesses,29,published,,%,C,2021-22,"Proportions are of all businesses in each output category. Businesses could select more than one outcome. Coverage includes Agriculture, Forestry and Fishing.",2021-22:7-2:0,data_2021-22/81670DO007_202122.xlsx,Table_2,B21,29
customer,Digital value,2021-22,2021–22,Industry,"Transport, Postal and Warehousing",All businesses,19.6,published,,%,C,2021-22,"Proportions are of all businesses in each output category. Businesses could select more than one outcome. Coverage includes Agriculture, Forestry and Fishing.",2021-22:7-2:0,data_2021-22/81670DO007_202122.xlsx,Table_2,B22,19.6
customer,Digital value,2021-22,2021–22,Industry,Information Media and Telecommunications,All businesses,43.6,published,,%,C,2021-22,"Proportions are of all businesses in each output category. Businesses could select more than one outcome. Coverage includes Agriculture, Forestry and Fishing.",2021-22:7-2:0,data_2021-22/81670DO007_202122.xlsx,Table_2,B23,43.6
customer,Digital value,2021-22,2021–22,Industry,Financial and Insurance Services,All businesses,43.6,published,,%,C,2021-22,"Proportions are of all businesses in each output category. Businesses could select more than one outcome. Coverage includes Agriculture, Forestry and Fishing.",2021-22:7-2:0,data_2021-22/81670DO007_202122.xlsx,Table_2,B24,43.6
customer,Digital value,2021-22,2021–22,Industry,"Rental, Hiring and Real Estate Services",All businesses,38.7,published,,%,C,2021-22,"Proportions are of all businesses in each output category. Businesses could select more than one outcome. Coverage includes Agriculture, Forestry and Fishing.",2021-22:7-2:0,data_2021-22/81670DO007_202122.xlsx,Table_2,B25,38.7
customer,Digital value,2021-22,2021–22,Industry,"Professional, Scientific and Technical Services",All businesses,38.3,published,,%,C,2021-22,"Proportions are of all businesses in each output category. Businesses could select more than one outcome. Coverage includes Agriculture, Forestry and Fishing.",2021-22:7-2:0,data_2021-22/81670DO007_202122.xlsx,Table_2,B26,38.3
customer,Digital value,2021-22,2021–22,Industry,Administrative and Support Services,All businesses,31.6,published,,%,C,2021-22,"Proportions are of all businesses in each output category. Businesses could select more than one outcome. Coverage includes Agriculture, Forestry and Fishing.",2021-22:7-2:0,data_2021-22/81670DO007_202122.xlsx,Table_2,B27,31.6
customer,Digital value,2021-22,2021–22,Industry,Health Care and Social Assistance,All businesses,34.8,published,,%,C,2021-22,"Proportions are of all businesses in each output category. Businesses could select more than one outcome. Coverage includes Agriculture, Forestry and Fishing.",2021-22:7-2:0,data_2021-22/81670DO007_202122.xlsx,Table_2,B28,34.8
customer,Digital value,2021-22,2021–22,Industry,Arts and Recreation Services,All businesses,38.5,published,,%,C,2021-22,"Proportions are of all businesses in each output category. Businesses could select more than one outcome. Coverage includes Agriculture, Forestry and Fishing.",2021-22:7-2:0,data_2021-22/81670DO007_202122.xlsx,Table_2,B29,38.5
customer,Digital value,2021-22,2021–22,Industry,Other Services,All businesses,29.8,published,,%,C,2021-22,"Proportions are of all businesses in each output category. Businesses could select more than one outcome. Coverage includes Agriculture, Forestry and Fishing.",2021-22:7-2:0,data_2021-22/81670DO007_202122.xlsx,Table_2,B30,29.8
workflow,Digital value,2021-22,2021–22,Overall,Total,All businesses,19.1,published,,%,C,2021-22,"Proportions are of all businesses in each output category. Businesses could select more than one outcome. Coverage includes Agriculture, Forestry and Fishing.",2021-22:7-2:5,data_2021-22/81670DO007_202122.xlsx,Table_2,G7,19.1
workflow,Digital value,2021-22,2021–22,Employment size,0–4 persons,All businesses,14.3,published,,%,C,2021-22,"Proportions are of all businesses in each output category. Businesses could select more than one outcome. Coverage includes Agriculture, Forestry and Fishing.",2021-22:7-2:5,data_2021-22/81670DO007_202122.xlsx,Table_2,G9,14.3
workflow,Digital value,2021-22,2021–22,Employment size,5–19 persons,All businesses,24.8,published,,%,C,2021-22,"Proportions are of all businesses in each output category. Businesses could select more than one outcome. Coverage includes Agriculture, Forestry and Fishing.",2021-22:7-2:5,data_2021-22/81670DO007_202122.xlsx,Table_2,G10,24.8
workflow,Digital value,2021-22,2021–22,Employment size,20–199 persons,All businesses,42,published,,%,C,2021-22,"Proportions are of all businesses in each output category. Businesses could select more than one outcome. Coverage includes Agriculture, Forestry and Fishing.",2021-22:7-2:5,data_2021-22/81670DO007_202122.xlsx,Table_2,G11,42
workflow,Digital value,2021-22,2021–22,Employment size,200 or more persons,All businesses,58.3,published,,%,C,2021-22,"Proportions are of all businesses in each output category. Businesses could select more than one outcome. Coverage includes Agriculture, Forestry and Fishing.",2021-22:7-2:5,data_2021-22/81670DO007_202122.xlsx,Table_2,G12,58.3
workflow,Digital value,2021-22,2021–22,Industry,"Agriculture, Forestry and Fishing",All businesses,12.2,published,,%,C,2021-22,"Proportions are of all businesses in each output category. Businesses could select more than one outcome. Coverage includes Agriculture, Forestry and Fishing.",2021-22:7-2:5,data_2021-22/81670DO007_202122.xlsx,Table_2,G14,12.2
workflow,Digital value,2021-22,2021–22,Industry,Mining,All businesses,26.1,published,,%,C,2021-22,"Proportions are of all businesses in each output category. Businesses could select more than one outcome. Coverage includes Agriculture, Forestry and Fishing.",2021-22:7-2:5,data_2021-22/81670DO007_202122.xlsx,Table_2,G15,26.1
workflow,Digital value,2021-22,2021–22,Industry,Manufacturing,All businesses,22.5,published,,%,C,2021-22,"Proportions are of all businesses in each output category. Businesses could select more than one outcome. Coverage includes Agriculture, Forestry and Fishing.",2021-22:7-2:5,data_2021-22/81670DO007_202122.xlsx,Table_2,G16,22.5
workflow,Digital value,2021-22,2021–22,Industry,"Electricity, Gas, Water and Waste Services",All businesses,18.8,published,,%,C,2021-22,"Proportions are of all businesses in each output category. Businesses could select more than one outcome. Coverage includes Agriculture, Forestry and Fishing.",2021-22:7-2:5,data_2021-22/81670DO007_202122.xlsx,Table_2,G17,18.8
workflow,Digital value,2021-22,2021–22,Industry,Construction,All businesses,13.5,published,,%,C,2021-22,"Proportions are of all businesses in each output category. Businesses could select more than one outcome. Coverage includes Agriculture, Forestry and Fishing.",2021-22:7-2:5,data_2021-22/81670DO007_202122.xlsx,Table_2,G18,13.5
workflow,Digital value,2021-22,2021–22,Industry,Wholesale Trade,All businesses,36,published,,%,C,2021-22,"Proportions are of all businesses in each output category. Businesses could select more than one outcome. Coverage includes Agriculture, Forestry and Fishing.",2021-22:7-2:5,data_2021-22/81670DO007_202122.xlsx,Table_2,G19,36
workflow,Digital value,2021-22,2021–22,Industry,Retail Trade,All businesses,25.7,published,,%,C,2021-22,"Proportions are of all businesses in each output category. Businesses could select more than one outcome. Coverage includes Agriculture, Forestry and Fishing.",2021-22:7-2:5,data_2021-22/81670DO007_202122.xlsx,Table_2,G20,25.7
workflow,Digital value,2021-22,2021–22,Industry,Accommodation and Food Services,All businesses,12.6,published,,%,C,2021-22,"Proportions are of all businesses in each output category. Businesses could select more than one outcome. Coverage includes Agriculture, Forestry and Fishing.",2021-22:7-2:5,data_2021-22/81670DO007_202122.xlsx,Table_2,G21,12.6
workflow,Digital value,2021-22,2021–22,Industry,"Transport, Postal and Warehousing",All businesses,10.6,published,,%,C,2021-22,"Proportions are of all businesses in each output category. Businesses could select more than one outcome. Coverage includes Agriculture, Forestry and Fishing.",2021-22:7-2:5,data_2021-22/81670DO007_202122.xlsx,Table_2,G22,10.6
workflow,Digital value,2021-22,2021–22,Industry,Information Media and Telecommunications,All businesses,28.4,published,,%,C,2021-22,"Proportions are of all businesses in each output category. Businesses could select more than one outcome. Coverage includes Agriculture, Forestry and Fishing.",2021-22:7-2:5,data_2021-22/81670DO007_202122.xlsx,Table_2,G23,28.4
workflow,Digital value,2021-22,2021–22,Industry,Financial and Insurance Services,All businesses,26.3,published,,%,C,2021-22,"Proportions are of all businesses in each output category. Businesses could select more than one outcome. Coverage includes Agriculture, Forestry and Fishing.",2021-22:7-2:5,data_2021-22/81670DO007_202122.xlsx,Table_2,G24,26.3
workflow,Digital value,2021-22,2021–22,Industry,"Rental, Hiring and Real Estate Services",All businesses,20.4,published,,%,C,2021-22,"Proportions are of all businesses in each output category. Businesses could select more than one outcome. Coverage includes Agriculture, Forestry and Fishing.",2021-22:7-2:5,data_2021-22/81670DO007_202122.xlsx,Table_2,G25,20.4
workflow,Digital value,2021-22,2021–22,Industry,"Professional, Scientific and Technical Services",All businesses,21.5,published,,%,C,2021-22,"Proportions are of all businesses in each output category. Businesses could select more than one outcome. Coverage includes Agriculture, Forestry and Fishing.",2021-22:7-2:5,data_2021-22/81670DO007_202122.xlsx,Table_2,G26,21.5
workflow,Digital value,2021-22,2021–22,Industry,Administrative and Support Services,All businesses,19.1,published,,%,C,2021-22,"Proportions are of all businesses in each output category. Businesses could select more than one outcome. Coverage includes Agriculture, Forestry and Fishing.",2021-22:7-2:5,data_2021-22/81670DO007_202122.xlsx,Table_2,G27,19.1
workflow,Digital value,2021-22,2021–22,Industry,Health Care and Social Assistance,All businesses,23.2,published,,%,C,2021-22,"Proportions are of all businesses in each output category. Businesses could select more than one outcome. Coverage includes Agriculture, Forestry and Fishing.",2021-22:7-2:5,data_2021-22/81670DO007_202122.xlsx,Table_2,G28,23.2
workflow,Digital value,2021-22,2021–22,Industry,Arts and Recreation Services,All businesses,19.2,published,,%,C,2021-22,"Proportions are of all businesses in each output category. Businesses could select more than one outcome. Coverage includes Agriculture, Forestry and Fishing.",2021-22:7-2:5,data_2021-22/81670DO007_202122.xlsx,Table_2,G29,19.2
workflow,Digital value,2021-22,2021–22,Industry,Other Services,All businesses,16,published,,%,C,2021-22,"Proportions are of all businesses in each output category. Businesses could select more than one outcome. Coverage includes Agriculture, Forestry and Fishing.",2021-22:7-2:5,data_2021-22/81670DO007_202122.xlsx,Table_2,G30,16
markets,Digital value,2021-22,2021–22,Overall,Total,All businesses,8.5,published,,%,C,2021-22,"Proportions are of all businesses in each output category. Businesses could select more than one outcome. Coverage includes Agriculture, Forestry and Fishing.",2021-22:7-2:10,data_2021-22/81670DO007_202122.xlsx,Table_2,L7,8.5
markets,Digital value,2021-22,2021–22,Employment size,0–4 persons,All businesses,7.1,published,,%,C,2021-22,"Proportions are of all businesses in each output category. Businesses could select more than one outcome. Coverage includes Agriculture, Forestry and Fishing.",2021-22:7-2:10,data_2021-22/81670DO007_202122.xlsx,Table_2,L9,7.1
markets,Digital value,2021-22,2021–22,Employment size,5–19 persons,All businesses,9.4,published,,%,C,2021-22,"Proportions are of all businesses in each output category. Businesses could select more than one outcome. Coverage includes Agriculture, Forestry and Fishing.",2021-22:7-2:10,data_2021-22/81670DO007_202122.xlsx,Table_2,L10,9.4
markets,Digital value,2021-22,2021–22,Employment size,20–199 persons,All businesses,17.4,published,,%,C,2021-22,"Proportions are of all businesses in each output category. Businesses could select more than one outcome. Coverage includes Agriculture, Forestry and Fishing.",2021-22:7-2:10,data_2021-22/81670DO007_202122.xlsx,Table_2,L11,17.4
markets,Digital value,2021-22,2021–22,Employment size,200 or more persons,All businesses,21.6,published,,%,C,2021-22,"Proportions are of all businesses in each output category. Businesses could select more than one outcome. Coverage includes Agriculture, Forestry and Fishing.",2021-22:7-2:10,data_2021-22/81670DO007_202122.xlsx,Table_2,L12,21.6
markets,Digital value,2021-22,2021–22,Industry,"Agriculture, Forestry and Fishing",All businesses,3.6,published,,%,C,2021-22,"Proportions are of all businesses in each output category. Businesses could select more than one outcome. Coverage includes Agriculture, Forestry and Fishing.",2021-22:7-2:10,data_2021-22/81670DO007_202122.xlsx,Table_2,L14,3.6
markets,Digital value,2021-22,2021–22,Industry,Mining,All businesses,3,published,,%,C,2021-22,"Proportions are of all businesses in each output category. Businesses could select more than one outcome. Coverage includes Agriculture, Forestry and Fishing.",2021-22:7-2:10,data_2021-22/81670DO007_202122.xlsx,Table_2,L15,3
markets,Digital value,2021-22,2021–22,Industry,Manufacturing,All businesses,14,published,,%,C,2021-22,"Proportions are of all businesses in each output category. Businesses could select more than one outcome. Coverage includes Agriculture, Forestry and Fishing.",2021-22:7-2:10,data_2021-22/81670DO007_202122.xlsx,Table_2,L16,14
markets,Digital value,2021-22,2021–22,Industry,"Electricity, Gas, Water and Waste Services",All businesses,6.3,published,,%,C,2021-22,"Proportions are of all businesses in each output category. Businesses could select more than one outcome. Coverage includes Agriculture, Forestry and Fishing.",2021-22:7-2:10,data_2021-22/81670DO007_202122.xlsx,Table_2,L17,6.3
markets,Digital value,2021-22,2021–22,Industry,Construction,All businesses,5.2,published,,%,C,2021-22,"Proportions are of all businesses in each output category. Businesses could select more than one outcome. Coverage includes Agriculture, Forestry and Fishing.",2021-22:7-2:10,data_2021-22/81670DO007_202122.xlsx,Table_2,L18,5.2
markets,Digital value,2021-22,2021–22,Industry,Wholesale Trade,All businesses,15.2,published,,%,C,2021-22,"Proportions are of all businesses in each output category. Businesses could select more than one outcome. Coverage includes Agriculture, Forestry and Fishing.",2021-22:7-2:10,data_2021-22/81670DO007_202122.xlsx,Table_2,L19,15.2
markets,Digital value,2021-22,2021–22,Industry,Retail Trade,All businesses,12.8,published,,%,C,2021-22,"Proportions are of all businesses in each output category. Businesses could select more than one outcome. Coverage includes Agriculture, Forestry and Fishing.",2021-22:7-2:10,data_2021-22/81670DO007_202122.xlsx,Table_2,L20,12.8
markets,Digital value,2021-22,2021–22,Industry,Accommodation and Food Services,All businesses,5.1,published,,%,C,2021-22,"Proportions are of all businesses in each output category. Businesses could select more than one outcome. Coverage includes Agriculture, Forestry and Fishing.",2021-22:7-2:10,data_2021-22/81670DO007_202122.xlsx,Table_2,L21,5.1
markets,Digital value,2021-22,2021–22,Industry,"Transport, Postal and Warehousing",All businesses,4.8,published,,%,C,2021-22,"Proportions are of all businesses in each output category. Businesses could select more than one outcome. Coverage includes Agriculture, Forestry and Fishing.",2021-22:7-2:10,data_2021-22/81670DO007_202122.xlsx,Table_2,L22,4.8
markets,Digital value,2021-22,2021–22,Industry,Information Media and Telecommunications,All businesses,19.3,published,,%,C,2021-22,"Proportions are of all businesses in each output category. Businesses could select more than one outcome. Coverage includes Agriculture, Forestry and Fishing.",2021-22:7-2:10,data_2021-22/81670DO007_202122.xlsx,Table_2,L23,19.3
markets,Digital value,2021-22,2021–22,Industry,Financial and Insurance Services,All businesses,7.6,published,,%,C,2021-22,"Proportions are of all businesses in each output category. Businesses could select more than one outcome. Coverage includes Agriculture, Forestry and Fishing.",2021-22:7-2:10,data_2021-22/81670DO007_202122.xlsx,Table_2,L24,7.6
markets,Digital value,2021-22,2021–22,Industry,"Rental, Hiring and Real Estate Services",All businesses,13.7,published,,%,C,2021-22,"Proportions are of all businesses in each output category. Businesses could select more than one outcome. Coverage includes Agriculture, Forestry and Fishing.",2021-22:7-2:10,data_2021-22/81670DO007_202122.xlsx,Table_2,L25,13.7
markets,Digital value,2021-22,2021–22,Industry,"Professional, Scientific and Technical Services",All businesses,12.1,published,,%,C,2021-22,"Proportions are of all businesses in each output category. Businesses could select more than one outcome. Coverage includes Agriculture, Forestry and Fishing.",2021-22:7-2:10,data_2021-22/81670DO007_202122.xlsx,Table_2,L26,12.1
markets,Digital value,2021-22,2021–22,Industry,Administrative and Support Services,All businesses,8.2,published,,%,C,2021-22,"Proportions are of all businesses in each output category. Businesses could select more than one outcome. Coverage includes Agriculture, Forestry and Fishing.",2021-22:7-2:10,data_2021-22/81670DO007_202122.xlsx,Table_2,L27,8.2
markets,Digital value,2021-22,2021–22,Industry,Health Care and Social Assistance,All businesses,5.3,published,,%,C,2021-22,"Proportions are of all businesses in each output category. Businesses could select more than one outcome. Coverage includes Agriculture, Forestry and Fishing.",2021-22:7-2:10,data_2021-22/81670DO007_202122.xlsx,Table_2,L28,5.3
markets,Digital value,2021-22,2021–22,Industry,Arts and Recreation Services,All businesses,13.1,published,,%,C,2021-22,"Proportions are of all businesses in each output category. Businesses could select more than one outcome. Coverage includes Agriculture, Forestry and Fishing.",2021-22:7-2:10,data_2021-22/81670DO007_202122.xlsx,Table_2,L29,13.1
markets,Digital value,2021-22,2021–22,Industry,Other Services,All businesses,3.9,published,,%,C,2021-22,"Proportions are of all businesses in each output category. Businesses could select more than one outcome. Coverage includes Agriculture, Forestry and Fishing.",2021-22:7-2:10,data_2021-22/81670DO007_202122.xlsx,Table_2,L30,3.9
skills,Constraints,2021-22,2021–22,Overall,Australia / Total,All businesses,15.9,published,,%,C,2021-22,"Proportions are of all businesses in each output category. Businesses could select more than one limiting factor. Coverage includes Agriculture, Forestry and Fishing.",2021-22:7-3:0,data_2021-22/81670DO007_202122.xlsx,Table_3,B7,15.9
skills,Constraints,2021-22,2021–22,Employment size,Australia / 0–4 persons,All businesses,12.8,published,,%,C,2021-22,"Proportions are of all businesses in each output category. Businesses could select more than one limiting factor. Coverage includes Agriculture, Forestry and Fishing.",2021-22:7-3:0,data_2021-22/81670DO007_202122.xlsx,Table_3,B9,12.8
skills,Constraints,2021-22,2021–22,Employment size,Australia / 5–19 persons,All businesses,20.1,published,,%,C,2021-22,"Proportions are of all businesses in each output category. Businesses could select more than one limiting factor. Coverage includes Agriculture, Forestry and Fishing.",2021-22:7-3:0,data_2021-22/81670DO007_202122.xlsx,Table_3,B10,20.1
skills,Constraints,2021-22,2021–22,Employment size,Australia / 20–199 persons,All businesses,28.3,published,,%,C,2021-22,"Proportions are of all businesses in each output category. Businesses could select more than one limiting factor. Coverage includes Agriculture, Forestry and Fishing.",2021-22:7-3:0,data_2021-22/81670DO007_202122.xlsx,Table_3,B11,28.3
skills,Constraints,2021-22,2021–22,Employment size,Australia / 200 or more persons,All businesses,30.9,published,,%,C,2021-22,"Proportions are of all businesses in each output category. Businesses could select more than one limiting factor. Coverage includes Agriculture, Forestry and Fishing.",2021-22:7-3:0,data_2021-22/81670DO007_202122.xlsx,Table_3,B12,30.9
skills,Constraints,2021-22,2021–22,Industry,"Australia / Agriculture, Forestry and Fishing",All businesses,18.9,published,,%,C,2021-22,"Proportions are of all businesses in each output category. Businesses could select more than one limiting factor. Coverage includes Agriculture, Forestry and Fishing.",2021-22:7-3:0,data_2021-22/81670DO007_202122.xlsx,Table_3,B14,18.9
skills,Constraints,2021-22,2021–22,Industry,Australia / Mining,All businesses,16.9,published,,%,C,2021-22,"Proportions are of all businesses in each output category. Businesses could select more than one limiting factor. Coverage includes Agriculture, Forestry and Fishing.",2021-22:7-3:0,data_2021-22/81670DO007_202122.xlsx,Table_3,B15,16.9
skills,Constraints,2021-22,2021–22,Industry,Australia / Manufacturing,All businesses,16.3,published,,%,C,2021-22,"Proportions are of all businesses in each output category. Businesses could select more than one limiting factor. Coverage includes Agriculture, Forestry and Fishing.",2021-22:7-3:0,data_2021-22/81670DO007_202122.xlsx,Table_3,B16,16.3
skills,Constraints,2021-22,2021–22,Industry,"Australia / Electricity, Gas, Water and Waste Services",All businesses,19,published,,%,C,2021-22,"Proportions are of all businesses in each output category. Businesses could select more than one limiting factor. Coverage includes Agriculture, Forestry and Fishing.",2021-22:7-3:0,data_2021-22/81670DO007_202122.xlsx,Table_3,B17,19
skills,Constraints,2021-22,2021–22,Industry,Australia / Construction,All businesses,14.4,published,,%,C,2021-22,"Proportions are of all businesses in each output category. Businesses could select more than one limiting factor. Coverage includes Agriculture, Forestry and Fishing.",2021-22:7-3:0,data_2021-22/81670DO007_202122.xlsx,Table_3,B18,14.4
skills,Constraints,2021-22,2021–22,Industry,Australia / Wholesale Trade,All businesses,23.5,published,,%,C,2021-22,"Proportions are of all businesses in each output category. Businesses could select more than one limiting factor. Coverage includes Agriculture, Forestry and Fishing.",2021-22:7-3:0,data_2021-22/81670DO007_202122.xlsx,Table_3,B19,23.5
skills,Constraints,2021-22,2021–22,Industry,Australia / Retail Trade,All businesses,15.2,published,,%,C,2021-22,"Proportions are of all businesses in each output category. Businesses could select more than one limiting factor. Coverage includes Agriculture, Forestry and Fishing.",2021-22:7-3:0,data_2021-22/81670DO007_202122.xlsx,Table_3,B20,15.2
skills,Constraints,2021-22,2021–22,Industry,Australia / Accommodation and Food Services,All businesses,21.8,published,,%,C,2021-22,"Proportions are of all businesses in each output category. Businesses could select more than one limiting factor. Coverage includes Agriculture, Forestry and Fishing.",2021-22:7-3:0,data_2021-22/81670DO007_202122.xlsx,Table_3,B21,21.8
skills,Constraints,2021-22,2021–22,Industry,"Australia / Transport, Postal and Warehousing",All businesses,12.9,published,,%,C,2021-22,"Proportions are of all businesses in each output category. Businesses could select more than one limiting factor. Coverage includes Agriculture, Forestry and Fishing.",2021-22:7-3:0,data_2021-22/81670DO007_202122.xlsx,Table_3,B22,12.9
skills,Constraints,2021-22,2021–22,Industry,Australia / Information Media and Telecommunications,All businesses,13.5,published,,%,C,2021-22,"Proportions are of all businesses in each output category. Businesses could select more than one limiting factor. Coverage includes Agriculture, Forestry and Fishing.",2021-22:7-3:0,data_2021-22/81670DO007_202122.xlsx,Table_3,B23,13.5
skills,Constraints,2021-22,2021–22,Industry,Australia / Financial and Insurance Services,All businesses,14.9,published,,%,C,2021-22,"Proportions are of all businesses in each output category. Businesses could select more than one limiting factor. Coverage includes Agriculture, Forestry and Fishing.",2021-22:7-3:0,data_2021-22/81670DO007_202122.xlsx,Table_3,B24,14.9
skills,Constraints,2021-22,2021–22,Industry,"Australia / Rental, Hiring and Real Estate Services",All businesses,16,published,,%,C,2021-22,"Proportions are of all businesses in each output category. Businesses could select more than one limiting factor. Coverage includes Agriculture, Forestry and Fishing.",2021-22:7-3:0,data_2021-22/81670DO007_202122.xlsx,Table_3,B25,16
skills,Constraints,2021-22,2021–22,Industry,"Australia / Professional, Scientific and Technical Services",All businesses,12.9,published,,%,C,2021-22,"Proportions are of all businesses in each output category. Businesses could select more than one limiting factor. Coverage includes Agriculture, Forestry and Fishing.",2021-22:7-3:0,data_2021-22/81670DO007_202122.xlsx,Table_3,B26,12.9
skills,Constraints,2021-22,2021–22,Industry,Australia / Administrative and Support Services,All businesses,15.7,published,,%,C,2021-22,"Proportions are of all businesses in each output category. Businesses could select more than one limiting factor. Coverage includes Agriculture, Forestry and Fishing.",2021-22:7-3:0,data_2021-22/81670DO007_202122.xlsx,Table_3,B27,15.7
skills,Constraints,2021-22,2021–22,Industry,Australia / Health Care and Social Assistance,All businesses,15.4,published,,%,C,2021-22,"Proportions are of all businesses in each output category. Businesses could select more than one limiting factor. Coverage includes Agriculture, Forestry and Fishing.",2021-22:7-3:0,data_2021-22/81670DO007_202122.xlsx,Table_3,B28,15.4
skills,Constraints,2021-22,2021–22,Industry,Australia / Arts and Recreation Services,All businesses,22.5,published,,%,C,2021-22,"Proportions are of all businesses in each output category. Businesses could select more than one limiting factor. Coverage includes Agriculture, Forestry and Fishing.",2021-22:7-3:0,data_2021-22/81670DO007_202122.xlsx,Table_3,B29,22.5
skills,Constraints,2021-22,2021–22,Industry,Australia / Other Services,All businesses,14.9,published,,%,C,2021-22,"Proportions are of all businesses in each output category. Businesses could select more than one limiting factor. Coverage includes Agriculture, Forestry and Fishing.",2021-22:7-3:0,data_2021-22/81670DO007_202122.xlsx,Table_3,B30,14.9
funds,Constraints,2021-22,2021–22,Overall,Australia / Total,All businesses,10.1,published,,%,C,2021-22,"Proportions are of all businesses in each output category. Businesses could select more than one limiting factor. Coverage includes Agriculture, Forestry and Fishing.",2021-22:7-3:1,data_2021-22/81670DO007_202122.xlsx,Table_3,C7,10.1
funds,Constraints,2021-22,2021–22,Employment size,Australia / 0–4 persons,All businesses,9.2,published,,%,C,2021-22,"Proportions are of all businesses in each output category. Businesses could select more than one limiting factor. Coverage includes Agriculture, Forestry and Fishing.",2021-22:7-3:1,data_2021-22/81670DO007_202122.xlsx,Table_3,C9,9.2
funds,Constraints,2021-22,2021–22,Employment size,Australia / 5–19 persons,All businesses,10.7,published,,%,C,2021-22,"Proportions are of all businesses in each output category. Businesses could select more than one limiting factor. Coverage includes Agriculture, Forestry and Fishing.",2021-22:7-3:1,data_2021-22/81670DO007_202122.xlsx,Table_3,C10,10.7
funds,Constraints,2021-22,2021–22,Employment size,Australia / 20–199 persons,All businesses,16.2,published,,%,C,2021-22,"Proportions are of all businesses in each output category. Businesses could select more than one limiting factor. Coverage includes Agriculture, Forestry and Fishing.",2021-22:7-3:1,data_2021-22/81670DO007_202122.xlsx,Table_3,C11,16.2
funds,Constraints,2021-22,2021–22,Employment size,Australia / 200 or more persons,All businesses,13.6,published,,%,C,2021-22,"Proportions are of all businesses in each output category. Businesses could select more than one limiting factor. Coverage includes Agriculture, Forestry and Fishing.",2021-22:7-3:1,data_2021-22/81670DO007_202122.xlsx,Table_3,C12,13.6
funds,Constraints,2021-22,2021–22,Industry,"Australia / Agriculture, Forestry and Fishing",All businesses,7.2,published,,%,C,2021-22,"Proportions are of all businesses in each output category. Businesses could select more than one limiting factor. Coverage includes Agriculture, Forestry and Fishing.",2021-22:7-3:1,data_2021-22/81670DO007_202122.xlsx,Table_3,C14,7.2
funds,Constraints,2021-22,2021–22,Industry,Australia / Mining,All businesses,7.8,published,,%,C,2021-22,"Proportions are of all businesses in each output category. Businesses could select more than one limiting factor. Coverage includes Agriculture, Forestry and Fishing.",2021-22:7-3:1,data_2021-22/81670DO007_202122.xlsx,Table_3,C15,7.8
funds,Constraints,2021-22,2021–22,Industry,Australia / Manufacturing,All businesses,7,published,,%,C,2021-22,"Proportions are of all businesses in each output category. Businesses could select more than one limiting factor. Coverage includes Agriculture, Forestry and Fishing.",2021-22:7-3:1,data_2021-22/81670DO007_202122.xlsx,Table_3,C16,7
funds,Constraints,2021-22,2021–22,Industry,"Australia / Electricity, Gas, Water and Waste Services",All businesses,7.5,published,,%,C,2021-22,"Proportions are of all businesses in each output category. Businesses could select more than one limiting factor. Coverage includes Agriculture, Forestry and Fishing.",2021-22:7-3:1,data_2021-22/81670DO007_202122.xlsx,Table_3,C17,7.5
funds,Constraints,2021-22,2021–22,Industry,Australia / Construction,All businesses,5.9,published,,%,C,2021-22,"Proportions are of all businesses in each output category. Businesses could select more than one limiting factor. Coverage includes Agriculture, Forestry and Fishing.",2021-22:7-3:1,data_2021-22/81670DO007_202122.xlsx,Table_3,C18,5.9
funds,Constraints,2021-22,2021–22,Industry,Australia / Wholesale Trade,All businesses,14.5,published,,%,C,2021-22,"Proportions are of all businesses in each output category. Businesses could select more than one limiting factor. Coverage includes Agriculture, Forestry and Fishing.",2021-22:7-3:1,data_2021-22/81670DO007_202122.xlsx,Table_3,C19,14.5
funds,Constraints,2021-22,2021–22,Industry,Australia / Retail Trade,All businesses,13.3,published,,%,C,2021-22,"Proportions are of all businesses in each output category. Businesses could select more than one limiting factor. Coverage includes Agriculture, Forestry and Fishing.",2021-22:7-3:1,data_2021-22/81670DO007_202122.xlsx,Table_3,C20,13.3
funds,Constraints,2021-22,2021–22,Industry,Australia / Accommodation and Food Services,All businesses,18.1,published,,%,C,2021-22,"Proportions are of all businesses in each output category. Businesses could select more than one limiting factor. Coverage includes Agriculture, Forestry and Fishing.",2021-22:7-3:1,data_2021-22/81670DO007_202122.xlsx,Table_3,C21,18.1
funds,Constraints,2021-22,2021–22,Industry,"Australia / Transport, Postal and Warehousing",All businesses,7.9,published,,%,C,2021-22,"Proportions are of all businesses in each output category. Businesses could select more than one limiting factor. Coverage includes Agriculture, Forestry and Fishing.",2021-22:7-3:1,data_2021-22/81670DO007_202122.xlsx,Table_3,C22,7.9
funds,Constraints,2021-22,2021–22,Industry,Australia / Information Media and Telecommunications,All businesses,13.4,published,,%,C,2021-22,"Proportions are of all businesses in each output category. Businesses could select more than one limiting factor. Coverage includes Agriculture, Forestry and Fishing.",2021-22:7-3:1,data_2021-22/81670DO007_202122.xlsx,Table_3,C23,13.4
funds,Constraints,2021-22,2021–22,Industry,Australia / Financial and Insurance Services,All businesses,9.9,published,,%,C,2021-22,"Proportions are of all businesses in each output category. Businesses could select more than one limiting factor. Coverage includes Agriculture, Forestry and Fishing.",2021-22:7-3:1,data_2021-22/81670DO007_202122.xlsx,Table_3,C24,9.9
funds,Constraints,2021-22,2021–22,Industry,"Australia / Rental, Hiring and Real Estate Services",All businesses,9.5,published,,%,C,2021-22,"Proportions are of all businesses in each output category. Businesses could select more than one limiting factor. Coverage includes Agriculture, Forestry and Fishing.",2021-22:7-3:1,data_2021-22/81670DO007_202122.xlsx,Table_3,C25,9.5
funds,Constraints,2021-22,2021–22,Industry,"Australia / Professional, Scientific and Technical Services",All businesses,10.9,published,,%,C,2021-22,"Proportions are of all businesses in each output category. Businesses could select more than one limiting factor. Coverage includes Agriculture, Forestry and Fishing.",2021-22:7-3:1,data_2021-22/81670DO007_202122.xlsx,Table_3,C26,10.9
funds,Constraints,2021-22,2021–22,Industry,Australia / Administrative and Support Services,All businesses,8.2,published,,%,C,2021-22,"Proportions are of all businesses in each output category. Businesses could select more than one limiting factor. Coverage includes Agriculture, Forestry and Fishing.",2021-22:7-3:1,data_2021-22/81670DO007_202122.xlsx,Table_3,C27,8.2
funds,Constraints,2021-22,2021–22,Industry,Australia / Health Care and Social Assistance,All businesses,14.2,published,,%,C,2021-22,"Proportions are of all businesses in each output category. Businesses could select more than one limiting factor. Coverage includes Agriculture, Forestry and Fishing.",2021-22:7-3:1,data_2021-22/81670DO007_202122.xlsx,Table_3,C28,14.2
funds,Constraints,2021-22,2021–22,Industry,Australia / Arts and Recreation Services,All businesses,10.5,published,,%,C,2021-22,"Proportions are of all businesses in each output category. Businesses could select more than one limiting factor. Coverage includes Agriculture, Forestry and Fishing.",2021-22:7-3:1,data_2021-22/81670DO007_202122.xlsx,Table_3,C29,10.5
funds,Constraints,2021-22,2021–22,Industry,Australia / Other Services,All businesses,6.1,published,,%,C,2021-22,"Proportions are of all businesses in each output category. Businesses could select more than one limiting factor. Coverage includes Agriculture, Forestry and Fishing.",2021-22:7-3:1,data_2021-22/81670DO007_202122.xlsx,Table_3,C30,6.1
benefits,Constraints,2021-22,2021–22,Overall,Australia / Total,All businesses,13.4,published,,%,C,2021-22,"Proportions are of all businesses in each output category. Businesses could select more than one limiting factor. Coverage includes Agriculture, Forestry and Fishing.",2021-22:7-3:2,data_2021-22/81670DO007_202122.xlsx,Table_3,D7,13.4
benefits,Constraints,2021-22,2021–22,Employment size,Australia / 0–4 persons,All businesses,12,published,,%,C,2021-22,"Proportions are of all businesses in each output category. Businesses could select more than one limiting factor. Coverage includes Agriculture, Forestry and Fishing.",2021-22:7-3:2,data_2021-22/81670DO007_202122.xlsx,Table_3,D9,12
benefits,Constraints,2021-22,2021–22,Employment size,Australia / 5–19 persons,All businesses,14.2,published,,%,C,2021-22,"Proportions are of all businesses in each output category. Businesses could select more than one limiting factor. Coverage includes Agriculture, Forestry and Fishing.",2021-22:7-3:2,data_2021-22/81670DO007_202122.xlsx,Table_3,D10,14.2
benefits,Constraints,2021-22,2021–22,Employment size,Australia / 20–199 persons,All businesses,24.2,published,,%,C,2021-22,"Proportions are of all businesses in each output category. Businesses could select more than one limiting factor. Coverage includes Agriculture, Forestry and Fishing.",2021-22:7-3:2,data_2021-22/81670DO007_202122.xlsx,Table_3,D11,24.2
benefits,Constraints,2021-22,2021–22,Employment size,Australia / 200 or more persons,All businesses,22.6,published,,%,C,2021-22,"Proportions are of all businesses in each output category. Businesses could select more than one limiting factor. Coverage includes Agriculture, Forestry and Fishing.",2021-22:7-3:2,data_2021-22/81670DO007_202122.xlsx,Table_3,D12,22.6
benefits,Constraints,2021-22,2021–22,Industry,"Australia / Agriculture, Forestry and Fishing",All businesses,10.9,published,,%,C,2021-22,"Proportions are of all businesses in each output category. Businesses could select more than one limiting factor. Coverage includes Agriculture, Forestry and Fishing.",2021-22:7-3:2,data_2021-22/81670DO007_202122.xlsx,Table_3,D14,10.9
benefits,Constraints,2021-22,2021–22,Industry,Australia / Mining,All businesses,11,published,,%,C,2021-22,"Proportions are of all businesses in each output category. Businesses could select more than one limiting factor. Coverage includes Agriculture, Forestry and Fishing.",2021-22:7-3:2,data_2021-22/81670DO007_202122.xlsx,Table_3,D15,11
benefits,Constraints,2021-22,2021–22,Industry,Australia / Manufacturing,All businesses,17.3,published,,%,C,2021-22,"Proportions are of all businesses in each output category. Businesses could select more than one limiting factor. Coverage includes Agriculture, Forestry and Fishing.",2021-22:7-3:2,data_2021-22/81670DO007_202122.xlsx,Table_3,D16,17.3
benefits,Constraints,2021-22,2021–22,Industry,"Australia / Electricity, Gas, Water and Waste Services",All businesses,12.6,published,,%,C,2021-22,"Proportions are of all businesses in each output category. Businesses could select more than one limiting factor. Coverage includes Agriculture, Forestry and Fishing.",2021-22:7-3:2,data_2021-22/81670DO007_202122.xlsx,Table_3,D17,12.6
benefits,Constraints,2021-22,2021–22,Industry,Australia / Construction,All businesses,12,published,,%,C,2021-22,"Proportions are of all businesses in each output category. Businesses could select more than one limiting factor. Coverage includes Agriculture, Forestry and Fishing.",2021-22:7-3:2,data_2021-22/81670DO007_202122.xlsx,Table_3,D18,12
benefits,Constraints,2021-22,2021–22,Industry,Australia / Wholesale Trade,All businesses,16.6,published,,%,C,2021-22,"Proportions are of all businesses in each output category. Businesses could select more than one limiting factor. Coverage includes Agriculture, Forestry and Fishing.",2021-22:7-3:2,data_2021-22/81670DO007_202122.xlsx,Table_3,D19,16.6
benefits,Constraints,2021-22,2021–22,Industry,Australia / Retail Trade,All businesses,15.3,published,,%,C,2021-22,"Proportions are of all businesses in each output category. Businesses could select more than one limiting factor. Coverage includes Agriculture, Forestry and Fishing.",2021-22:7-3:2,data_2021-22/81670DO007_202122.xlsx,Table_3,D20,15.3
benefits,Constraints,2021-22,2021–22,Industry,Australia / Accommodation and Food Services,All businesses,22.4,published,,%,C,2021-22,"Proportions are of all businesses in each output category. Businesses could select more than one limiting factor. Coverage includes Agriculture, Forestry and Fishing.",2021-22:7-3:2,data_2021-22/81670DO007_202122.xlsx,Table_3,D21,22.4
benefits,Constraints,2021-22,2021–22,Industry,"Australia / Transport, Postal and Warehousing",All businesses,9.9,published,,%,C,2021-22,"Proportions are of all businesses in each output category. Businesses could select more than one limiting factor. Coverage includes Agriculture, Forestry and Fishing.",2021-22:7-3:2,data_2021-22/81670DO007_202122.xlsx,Table_3,D22,9.9
benefits,Constraints,2021-22,2021–22,Industry,Australia / Information Media and Telecommunications,All businesses,8.5,published,,%,C,2021-22,"Proportions are of all businesses in each output category. Businesses could select more than one limiting factor. Coverage includes Agriculture, Forestry and Fishing.",2021-22:7-3:2,data_2021-22/81670DO007_202122.xlsx,Table_3,D23,8.5
benefits,Constraints,2021-22,2021–22,Industry,Australia / Financial and Insurance Services,All businesses,14.7,published,,%,C,2021-22,"Proportions are of all businesses in each output category. Businesses could select more than one limiting factor. Coverage includes Agriculture, Forestry and Fishing.",2021-22:7-3:2,data_2021-22/81670DO007_202122.xlsx,Table_3,D24,14.7
benefits,Constraints,2021-22,2021–22,Industry,"Australia / Rental, Hiring and Real Estate Services",All businesses,10.2,published,,%,C,2021-22,"Proportions are of all businesses in each output category. Businesses could select more than one limiting factor. Coverage includes Agriculture, Forestry and Fishing.",2021-22:7-3:2,data_2021-22/81670DO007_202122.xlsx,Table_3,D25,10.2
benefits,Constraints,2021-22,2021–22,Industry,"Australia / Professional, Scientific and Technical Services",All businesses,11.6,published,,%,C,2021-22,"Proportions are of all businesses in each output category. Businesses could select more than one limiting factor. Coverage includes Agriculture, Forestry and Fishing.",2021-22:7-3:2,data_2021-22/81670DO007_202122.xlsx,Table_3,D26,11.6
benefits,Constraints,2021-22,2021–22,Industry,Australia / Administrative and Support Services,All businesses,15,published,,%,C,2021-22,"Proportions are of all businesses in each output category. Businesses could select more than one limiting factor. Coverage includes Agriculture, Forestry and Fishing.",2021-22:7-3:2,data_2021-22/81670DO007_202122.xlsx,Table_3,D27,15
benefits,Constraints,2021-22,2021–22,Industry,Australia / Health Care and Social Assistance,All businesses,14.6,published,,%,C,2021-22,"Proportions are of all businesses in each output category. Businesses could select more than one limiting factor. Coverage includes Agriculture, Forestry and Fishing.",2021-22:7-3:2,data_2021-22/81670DO007_202122.xlsx,Table_3,D28,14.6
benefits,Constraints,2021-22,2021–22,Industry,Australia / Arts and Recreation Services,All businesses,14.7,published,,%,C,2021-22,"Proportions are of all businesses in each output category. Businesses could select more than one limiting factor. Coverage includes Agriculture, Forestry and Fishing.",2021-22:7-3:2,data_2021-22/81670DO007_202122.xlsx,Table_3,D29,14.7
benefits,Constraints,2021-22,2021–22,Industry,Australia / Other Services,All businesses,7.9,published,,%,C,2021-22,"Proportions are of all businesses in each output category. Businesses could select more than one limiting factor. Coverage includes Agriculture, Forestry and Fishing.",2021-22:7-3:2,data_2021-22/81670DO007_202122.xlsx,Table_3,D30,7.9
technology,Constraints,2021-22,2021–22,Overall,Australia / Total,All businesses,13,published,,%,C,2021-22,"Proportions are of all businesses in each output category. Businesses could select more than one limiting factor. Coverage includes Agriculture, Forestry and Fishing.",2021-22:7-3:3,data_2021-22/81670DO007_202122.xlsx,Table_3,E7,13
technology,Constraints,2021-22,2021–22,Employment size,Australia / 0–4 persons,All businesses,11.2,published,,%,C,2021-22,"Proportions are of all businesses in each output category. Businesses could select more than one limiting factor. Coverage includes Agriculture, Forestry and Fishing.",2021-22:7-3:3,data_2021-22/81670DO007_202122.xlsx,Table_3,E9,11.2
technology,Constraints,2021-22,2021–22,Employment size,Australia / 5–19 persons,All businesses,15.5,published,,%,C,2021-22,"Proportions are of all businesses in each output category. Businesses could select more than one limiting factor. Coverage includes Agriculture, Forestry and Fishing.",2021-22:7-3:3,data_2021-22/81670DO007_202122.xlsx,Table_3,E10,15.5
technology,Constraints,2021-22,2021–22,Employment size,Australia / 20–199 persons,All businesses,20.2,published,,%,C,2021-22,"Proportions are of all businesses in each output category. Businesses could select more than one limiting factor. Coverage includes Agriculture, Forestry and Fishing.",2021-22:7-3:3,data_2021-22/81670DO007_202122.xlsx,Table_3,E11,20.2
technology,Constraints,2021-22,2021–22,Employment size,Australia / 200 or more persons,All businesses,19.4,published,,%,C,2021-22,"Proportions are of all businesses in each output category. Businesses could select more than one limiting factor. Coverage includes Agriculture, Forestry and Fishing.",2021-22:7-3:3,data_2021-22/81670DO007_202122.xlsx,Table_3,E12,19.4
technology,Constraints,2021-22,2021–22,Industry,"Australia / Agriculture, Forestry and Fishing",All businesses,25.5,published,,%,C,2021-22,"Proportions are of all businesses in each output category. Businesses could select more than one limiting factor. Coverage includes Agriculture, Forestry and Fishing.",2021-22:7-3:3,data_2021-22/81670DO007_202122.xlsx,Table_3,E14,25.5
technology,Constraints,2021-22,2021–22,Industry,Australia / Mining,All businesses,16.6,published,,%,C,2021-22,"Proportions are of all businesses in each output category. Businesses could select more than one limiting factor. Coverage includes Agriculture, Forestry and Fishing.",2021-22:7-3:3,data_2021-22/81670DO007_202122.xlsx,Table_3,E15,16.6
technology,Constraints,2021-22,2021–22,Industry,Australia / Manufacturing,All businesses,12.5,published,,%,C,2021-22,"Proportions are of all businesses in each output category. Businesses could select more than one limiting factor. Coverage includes Agriculture, Forestry and Fishing.",2021-22:7-3:3,data_2021-22/81670DO007_202122.xlsx,Table_3,E16,12.5
technology,Constraints,2021-22,2021–22,Industry,"Australia / Electricity, Gas, Water and Waste Services",All businesses,13.8,published,,%,C,2021-22,"Proportions are of all businesses in each output category. Businesses could select more than one limiting factor. Coverage includes Agriculture, Forestry and Fishing.",2021-22:7-3:3,data_2021-22/81670DO007_202122.xlsx,Table_3,E17,13.8
technology,Constraints,2021-22,2021–22,Industry,Australia / Construction,All businesses,10.7,published,,%,C,2021-22,"Proportions are of all businesses in each output category. Businesses could select more than one limiting factor. Coverage includes Agriculture, Forestry and Fishing.",2021-22:7-3:3,data_2021-22/81670DO007_202122.xlsx,Table_3,E18,10.7
technology,Constraints,2021-22,2021–22,Industry,Australia / Wholesale Trade,All businesses,11.9,published,,%,C,2021-22,"Proportions are of all businesses in each output category. Businesses could select more than one limiting factor. Coverage includes Agriculture, Forestry and Fishing.",2021-22:7-3:3,data_2021-22/81670DO007_202122.xlsx,Table_3,E19,11.9
technology,Constraints,2021-22,2021–22,Industry,Australia / Retail Trade,All businesses,11.7,published,,%,C,2021-22,"Proportions are of all businesses in each output category. Businesses could select more than one limiting factor. Coverage includes Agriculture, Forestry and Fishing.",2021-22:7-3:3,data_2021-22/81670DO007_202122.xlsx,Table_3,E20,11.7
technology,Constraints,2021-22,2021–22,Industry,Australia / Accommodation and Food Services,All businesses,18.1,published,,%,C,2021-22,"Proportions are of all businesses in each output category. Businesses could select more than one limiting factor. Coverage includes Agriculture, Forestry and Fishing.",2021-22:7-3:3,data_2021-22/81670DO007_202122.xlsx,Table_3,E21,18.1
technology,Constraints,2021-22,2021–22,Industry,"Australia / Transport, Postal and Warehousing",All businesses,11.6,published,,%,C,2021-22,"Proportions are of all businesses in each output category. Businesses could select more than one limiting factor. Coverage includes Agriculture, Forestry and Fishing.",2021-22:7-3:3,data_2021-22/81670DO007_202122.xlsx,Table_3,E22,11.6
technology,Constraints,2021-22,2021–22,Industry,Australia / Information Media and Telecommunications,All businesses,11.5,published,,%,C,2021-22,"Proportions are of all businesses in each output category. Businesses could select more than one limiting factor. Coverage includes Agriculture, Forestry and Fishing.",2021-22:7-3:3,data_2021-22/81670DO007_202122.xlsx,Table_3,E23,11.5
technology,Constraints,2021-22,2021–22,Industry,Australia / Financial and Insurance Services,All businesses,13.4,published,,%,C,2021-22,"Proportions are of all businesses in each output category. Businesses could select more than one limiting factor. Coverage includes Agriculture, Forestry and Fishing.",2021-22:7-3:3,data_2021-22/81670DO007_202122.xlsx,Table_3,E24,13.4
technology,Constraints,2021-22,2021–22,Industry,"Australia / Rental, Hiring and Real Estate Services",All businesses,12.7,published,,%,C,2021-22,"Proportions are of all businesses in each output category. Businesses could select more than one limiting factor. Coverage includes Agriculture, Forestry and Fishing.",2021-22:7-3:3,data_2021-22/81670DO007_202122.xlsx,Table_3,E25,12.7
technology,Constraints,2021-22,2021–22,Industry,"Australia / Professional, Scientific and Technical Services",All businesses,12.8,published,,%,C,2021-22,"Proportions are of all businesses in each output category. Businesses could select more than one limiting factor. Coverage includes Agriculture, Forestry and Fishing.",2021-22:7-3:3,data_2021-22/81670DO007_202122.xlsx,Table_3,E26,12.8
technology,Constraints,2021-22,2021–22,Industry,Australia / Administrative and Support Services,All businesses,11.7,published,,%,C,2021-22,"Proportions are of all businesses in each output category. Businesses could select more than one limiting factor. Coverage includes Agriculture, Forestry and Fishing.",2021-22:7-3:3,data_2021-22/81670DO007_202122.xlsx,Table_3,E27,11.7
technology,Constraints,2021-22,2021–22,Industry,Australia / Health Care and Social Assistance,All businesses,12.7,published,,%,C,2021-22,"Proportions are of all businesses in each output category. Businesses could select more than one limiting factor. Coverage includes Agriculture, Forestry and Fishing.",2021-22:7-3:3,data_2021-22/81670DO007_202122.xlsx,Table_3,E28,12.7
technology,Constraints,2021-22,2021–22,Industry,Australia / Arts and Recreation Services,All businesses,14.9,published,,%,C,2021-22,"Proportions are of all businesses in each output category. Businesses could select more than one limiting factor. Coverage includes Agriculture, Forestry and Fishing.",2021-22:7-3:3,data_2021-22/81670DO007_202122.xlsx,Table_3,E29,14.9
technology,Constraints,2021-22,2021–22,Industry,Australia / Other Services,All businesses,9,published,,%,C,2021-22,"Proportions are of all businesses in each output category. Businesses could select more than one limiting factor. Coverage includes Agriculture, Forestry and Fishing.",2021-22:7-3:3,data_2021-22/81670DO007_202122.xlsx,Table_3,E30,9
knowledge,Constraints,2021-22,2021–22,Overall,Australia / Total,All businesses,13,published,,%,C,2021-22,"Proportions are of all businesses in each output category. Businesses could select more than one limiting factor. Coverage includes Agriculture, Forestry and Fishing.",2021-22:7-3:5,data_2021-22/81670DO007_202122.xlsx,Table_3,G7,13
knowledge,Constraints,2021-22,2021–22,Employment size,Australia / 0–4 persons,All businesses,12.3,published,,%,C,2021-22,"Proportions are of all businesses in each output category. Businesses could select more than one limiting factor. Coverage includes Agriculture, Forestry and Fishing.",2021-22:7-3:5,data_2021-22/81670DO007_202122.xlsx,Table_3,G9,12.3
knowledge,Constraints,2021-22,2021–22,Employment size,Australia / 5–19 persons,All businesses,13,published,,%,C,2021-22,"Proportions are of all businesses in each output category. Businesses could select more than one limiting factor. Coverage includes Agriculture, Forestry and Fishing.",2021-22:7-3:5,data_2021-22/81670DO007_202122.xlsx,Table_3,G10,13
knowledge,Constraints,2021-22,2021–22,Employment size,Australia / 20–199 persons,All businesses,20.9,published,,%,C,2021-22,"Proportions are of all businesses in each output category. Businesses could select more than one limiting factor. Coverage includes Agriculture, Forestry and Fishing.",2021-22:7-3:5,data_2021-22/81670DO007_202122.xlsx,Table_3,G11,20.9
knowledge,Constraints,2021-22,2021–22,Employment size,Australia / 200 or more persons,All businesses,9.8,published,,%,C,2021-22,"Proportions are of all businesses in each output category. Businesses could select more than one limiting factor. Coverage includes Agriculture, Forestry and Fishing.",2021-22:7-3:5,data_2021-22/81670DO007_202122.xlsx,Table_3,G12,9.8
knowledge,Constraints,2021-22,2021–22,Industry,"Australia / Agriculture, Forestry and Fishing",All businesses,21.2,published,,%,C,2021-22,"Proportions are of all businesses in each output category. Businesses could select more than one limiting factor. Coverage includes Agriculture, Forestry and Fishing.",2021-22:7-3:5,data_2021-22/81670DO007_202122.xlsx,Table_3,G14,21.2
knowledge,Constraints,2021-22,2021–22,Industry,Australia / Mining,All businesses,8.1,published,,%,C,2021-22,"Proportions are of all businesses in each output category. Businesses could select more than one limiting factor. Coverage includes Agriculture, Forestry and Fishing.",2021-22:7-3:5,data_2021-22/81670DO007_202122.xlsx,Table_3,G15,8.1
knowledge,Constraints,2021-22,2021–22,Industry,Australia / Manufacturing,All businesses,13.7,published,,%,C,2021-22,"Proportions are of all businesses in each output category. Businesses could select more than one limiting factor. Coverage includes Agriculture, Forestry and Fishing.",2021-22:7-3:5,data_2021-22/81670DO007_202122.xlsx,Table_3,G16,13.7
knowledge,Constraints,2021-22,2021–22,Industry,"Australia / Electricity, Gas, Water and Waste Services",All businesses,11.9,published,,%,C,2021-22,"Proportions are of all businesses in each output category. Businesses could select more than one limiting factor. Coverage includes Agriculture, Forestry and Fishing.",2021-22:7-3:5,data_2021-22/81670DO007_202122.xlsx,Table_3,G17,11.9
knowledge,Constraints,2021-22,2021–22,Industry,Australia / Construction,All businesses,15,published,,%,C,2021-22,"Proportions are of all businesses in each output category. Businesses could select more than one limiting factor. Coverage includes Agriculture, Forestry and Fishing.",2021-22:7-3:5,data_2021-22/81670DO007_202122.xlsx,Table_3,G18,15
knowledge,Constraints,2021-22,2021–22,Industry,Australia / Wholesale Trade,All businesses,17.3,published,,%,C,2021-22,"Proportions are of all businesses in each output category. Businesses could select more than one limiting factor. Coverage includes Agriculture, Forestry and Fishing.",2021-22:7-3:5,data_2021-22/81670DO007_202122.xlsx,Table_3,G19,17.3
knowledge,Constraints,2021-22,2021–22,Industry,Australia / Retail Trade,All businesses,15.1,published,,%,C,2021-22,"Proportions are of all businesses in each output category. Businesses could select more than one limiting factor. Coverage includes Agriculture, Forestry and Fishing.",2021-22:7-3:5,data_2021-22/81670DO007_202122.xlsx,Table_3,G20,15.1
knowledge,Constraints,2021-22,2021–22,Industry,Australia / Accommodation and Food Services,All businesses,15.8,published,,%,C,2021-22,"Proportions are of all businesses in each output category. Businesses could select more than one limiting factor. Coverage includes Agriculture, Forestry and Fishing.",2021-22:7-3:5,data_2021-22/81670DO007_202122.xlsx,Table_3,G21,15.8
knowledge,Constraints,2021-22,2021–22,Industry,"Australia / Transport, Postal and Warehousing",All businesses,6.4,published,,%,C,2021-22,"Proportions are of all businesses in each output category. Businesses could select more than one limiting factor. Coverage includes Agriculture, Forestry and Fishing.",2021-22:7-3:5,data_2021-22/81670DO007_202122.xlsx,Table_3,G22,6.4
knowledge,Constraints,2021-22,2021–22,Industry,Australia / Information Media and Telecommunications,All businesses,5.4,published,,%,C,2021-22,"Proportions are of all businesses in each output category. Businesses could select more than one limiting factor. Coverage includes Agriculture, Forestry and Fishing.",2021-22:7-3:5,data_2021-22/81670DO007_202122.xlsx,Table_3,G23,5.4
knowledge,Constraints,2021-22,2021–22,Industry,Australia / Financial and Insurance Services,All businesses,10.8,published,,%,C,2021-22,"Proportions are of all businesses in each output category. Businesses could select more than one limiting factor. Coverage includes Agriculture, Forestry and Fishing.",2021-22:7-3:5,data_2021-22/81670DO007_202122.xlsx,Table_3,G24,10.8
knowledge,Constraints,2021-22,2021–22,Industry,"Australia / Rental, Hiring and Real Estate Services",All businesses,12.9,published,,%,C,2021-22,"Proportions are of all businesses in each output category. Businesses could select more than one limiting factor. Coverage includes Agriculture, Forestry and Fishing.",2021-22:7-3:5,data_2021-22/81670DO007_202122.xlsx,Table_3,G25,12.9
knowledge,Constraints,2021-22,2021–22,Industry,"Australia / Professional, Scientific and Technical Services",All businesses,7.4,published,,%,C,2021-22,"Proportions are of all businesses in each output category. Businesses could select more than one limiting factor. Coverage includes Agriculture, Forestry and Fishing.",2021-22:7-3:5,data_2021-22/81670DO007_202122.xlsx,Table_3,G26,7.4
knowledge,Constraints,2021-22,2021–22,Industry,Australia / Administrative and Support Services,All businesses,10.6,published,,%,C,2021-22,"Proportions are of all businesses in each output category. Businesses could select more than one limiting factor. Coverage includes Agriculture, Forestry and Fishing.",2021-22:7-3:5,data_2021-22/81670DO007_202122.xlsx,Table_3,G27,10.6
knowledge,Constraints,2021-22,2021–22,Industry,Australia / Health Care and Social Assistance,All businesses,16.4,published,,%,C,2021-22,"Proportions are of all businesses in each output category. Businesses could select more than one limiting factor. Coverage includes Agriculture, Forestry and Fishing.",2021-22:7-3:5,data_2021-22/81670DO007_202122.xlsx,Table_3,G28,16.4
knowledge,Constraints,2021-22,2021–22,Industry,Australia / Arts and Recreation Services,All businesses,13.3,published,,%,C,2021-22,"Proportions are of all businesses in each output category. Businesses could select more than one limiting factor. Coverage includes Agriculture, Forestry and Fishing.",2021-22:7-3:5,data_2021-22/81670DO007_202122.xlsx,Table_3,G29,13.3
knowledge,Constraints,2021-22,2021–22,Industry,Australia / Other Services,All businesses,11.1,published,,%,C,2021-22,"Proportions are of all businesses in each output category. Businesses could select more than one limiting factor. Coverage includes Agriculture, Forestry and Fishing.",2021-22:7-3:5,data_2021-22/81670DO007_202122.xlsx,Table_3,G30,11.1
internet,Basic connectivity,2024-25,2024–25,Overall,Total,All businesses,99.6,published,,%,C,2024-25,"Proportions are of all businesses in each output category. Businesses could select more than one option. Coverage includes Agriculture, Forestry and Fishing.",2024-25:4-1:9,data_2024-25/BCSDC04_2024–25.xlsx,Table 1,K7,99.6
internet,Basic connectivity,2024-25,2024–25,Employment size,0–4 persons,All businesses,99.4,published,,%,C,2024-25,"Proportions are of all businesses in each output category. Businesses could select more than one option. Coverage includes Agriculture, Forestry and Fishing.",2024-25:4-1:9,data_2024-25/BCSDC04_2024–25.xlsx,Table 1,K9,99.4
internet,Basic connectivity,2024-25,2024–25,Employment size,5–19 persons,All businesses,99.9,published,,%,C,2024-25,"Proportions are of all businesses in each output category. Businesses could select more than one option. Coverage includes Agriculture, Forestry and Fishing.",2024-25:4-1:9,data_2024-25/BCSDC04_2024–25.xlsx,Table 1,K10,99.9
internet,Basic connectivity,2024-25,2024–25,Employment size,20–199 persons,All businesses,100,published,,%,C,2024-25,"Proportions are of all businesses in each output category. Businesses could select more than one option. Coverage includes Agriculture, Forestry and Fishing.",2024-25:4-1:9,data_2024-25/BCSDC04_2024–25.xlsx,Table 1,K11,100
internet,Basic connectivity,2024-25,2024–25,Employment size,200 or more persons,All businesses,100,published,,%,C,2024-25,"Proportions are of all businesses in each output category. Businesses could select more than one option. Coverage includes Agriculture, Forestry and Fishing.",2024-25:4-1:9,data_2024-25/BCSDC04_2024–25.xlsx,Table 1,K12,100
internet,Basic connectivity,2024-25,2024–25,Industry,"Agriculture, Forestry and Fishing",All businesses,99.9,published,,%,C,2024-25,"Proportions are of all businesses in each output category. Businesses could select more than one option. Coverage includes Agriculture, Forestry and Fishing.",2024-25:4-1:9,data_2024-25/BCSDC04_2024–25.xlsx,Table 1,K14,99.9
internet,Basic connectivity,2024-25,2024–25,Industry,Mining,All businesses,100,published,,%,C,2024-25,"Proportions are of all businesses in each output category. Businesses could select more than one option. Coverage includes Agriculture, Forestry and Fishing.",2024-25:4-1:9,data_2024-25/BCSDC04_2024–25.xlsx,Table 1,K15,100
internet,Basic connectivity,2024-25,2024–25,Industry,Manufacturing,All businesses,100,published,,%,C,2024-25,"Proportions are of all businesses in each output category. Businesses could select more than one option. Coverage includes Agriculture, Forestry and Fishing.",2024-25:4-1:9,data_2024-25/BCSDC04_2024–25.xlsx,Table 1,K16,100
internet,Basic connectivity,2024-25,2024–25,Industry,"Electricity, Gas, Water and Waste Services",All businesses,100,published,,%,C,2024-25,"Proportions are of all businesses in each output category. Businesses could select more than one option. Coverage includes Agriculture, Forestry and Fishing.",2024-25:4-1:9,data_2024-25/BCSDC04_2024–25.xlsx,Table 1,K17,100
internet,Basic connectivity,2024-25,2024–25,Industry,Construction,All businesses,99.9,published,,%,C,2024-25,"Proportions are of all businesses in each output category. Businesses could select more than one option. Coverage includes Agriculture, Forestry and Fishing.",2024-25:4-1:9,data_2024-25/BCSDC04_2024–25.xlsx,Table 1,K18,99.9
internet,Basic connectivity,2024-25,2024–25,Industry,Wholesale Trade,All businesses,100,published,,%,C,2024-25,"Proportions are of all businesses in each output category. Businesses could select more than one option. Coverage includes Agriculture, Forestry and Fishing.",2024-25:4-1:9,data_2024-25/BCSDC04_2024–25.xlsx,Table 1,K19,100
internet,Basic connectivity,2024-25,2024–25,Industry,Retail Trade,All businesses,100,published,,%,C,2024-25,"Proportions are of all businesses in each output category. Businesses could select more than one option. Coverage includes Agriculture, Forestry and Fishing.",2024-25:4-1:9,data_2024-25/BCSDC04_2024–25.xlsx,Table 1,K20,100
internet,Basic connectivity,2024-25,2024–25,Industry,Accommodation and Food Services,All businesses,100,published,,%,C,2024-25,"Proportions are of all businesses in each output category. Businesses could select more than one option. Coverage includes Agriculture, Forestry and Fishing.",2024-25:4-1:9,data_2024-25/BCSDC04_2024–25.xlsx,Table 1,K21,100
internet,Basic connectivity,2024-25,2024–25,Industry,"Transport, Postal and Warehousing",All businesses,97.8,published,,%,C,2024-25,"Proportions are of all businesses in each output category. Businesses could select more than one option. Coverage includes Agriculture, Forestry and Fishing.",2024-25:4-1:9,data_2024-25/BCSDC04_2024–25.xlsx,Table 1,K22,97.8
internet,Basic connectivity,2024-25,2024–25,Industry,Information Media and Telecommunications,All businesses,99.9,published,,%,C,2024-25,"Proportions are of all businesses in each output category. Businesses could select more than one option. Coverage includes Agriculture, Forestry and Fishing.",2024-25:4-1:9,data_2024-25/BCSDC04_2024–25.xlsx,Table 1,K23,99.9
internet,Basic connectivity,2024-25,2024–25,Industry,Financial and Insurance Services,All businesses,100,published,,%,C,2024-25,"Proportions are of all businesses in each output category. Businesses could select more than one option. Coverage includes Agriculture, Forestry and Fishing.",2024-25:4-1:9,data_2024-25/BCSDC04_2024–25.xlsx,Table 1,K24,100
internet,Basic connectivity,2024-25,2024–25,Industry,"Rental, Hiring and Real Estate Services",All businesses,99.9,published,,%,C,2024-25,"Proportions are of all businesses in each output category. Businesses could select more than one option. Coverage includes Agriculture, Forestry and Fishing.",2024-25:4-1:9,data_2024-25/BCSDC04_2024–25.xlsx,Table 1,K25,99.9
internet,Basic connectivity,2024-25,2024–25,Industry,"Professional, Scientific and Technical Services",All businesses,99,published,,%,C,2024-25,"Proportions are of all businesses in each output category. Businesses could select more than one option. Coverage includes Agriculture, Forestry and Fishing.",2024-25:4-1:9,data_2024-25/BCSDC04_2024–25.xlsx,Table 1,K26,99
internet,Basic connectivity,2024-25,2024–25,Industry,Administrative and Support Services,All businesses,98.5,published,,%,C,2024-25,"Proportions are of all businesses in each output category. Businesses could select more than one option. Coverage includes Agriculture, Forestry and Fishing.",2024-25:4-1:9,data_2024-25/BCSDC04_2024–25.xlsx,Table 1,K27,98.5
internet,Basic connectivity,2024-25,2024–25,Industry,Health Care and Social Assistance,All businesses,100,published,,%,C,2024-25,"Proportions are of all businesses in each output category. Businesses could select more than one option. Coverage includes Agriculture, Forestry and Fishing.",2024-25:4-1:9,data_2024-25/BCSDC04_2024–25.xlsx,Table 1,K28,100
internet,Basic connectivity,2024-25,2024–25,Industry,Arts and Recreation Services,All businesses,99.6,published,,%,C,2024-25,"Proportions are of all businesses in each output category. Businesses could select more than one option. Coverage includes Agriculture, Forestry and Fishing.",2024-25:4-1:9,data_2024-25/BCSDC04_2024–25.xlsx,Table 1,K29,99.6
internet,Basic connectivity,2024-25,2024–25,Industry,Other Services,All businesses,100,published,,%,C,2024-25,"Proportions are of all businesses in each output category. Businesses could select more than one option. Coverage includes Agriculture, Forestry and Fishing.",2024-25:4-1:9,data_2024-25/BCSDC04_2024–25.xlsx,Table 1,K30,100
website_app,Basic connectivity,2024-25,2024–25,Overall,Total,All businesses,55.1,published,,%,C,2024-25,"Proportions are of all businesses in each output category. Businesses could select more than one option. Coverage includes Agriculture, Forestry and Fishing.",2024-25:4-3:0,data_2024-25/BCSDC04_2024–25.xlsx,Table 3,B6,55.1
website_app,Basic connectivity,2024-25,2024–25,Employment size,0–4 persons,All businesses,44.6,published,,%,C,2024-25,"Proportions are of all businesses in each output category. Businesses could select more than one option. Coverage includes Agriculture, Forestry and Fishing.",2024-25:4-3:0,data_2024-25/BCSDC04_2024–25.xlsx,Table 3,B8,44.6
website_app,Basic connectivity,2024-25,2024–25,Employment size,5–19 persons,All businesses,68.7,published,,%,C,2024-25,"Proportions are of all businesses in each output category. Businesses could select more than one option. Coverage includes Agriculture, Forestry and Fishing.",2024-25:4-3:0,data_2024-25/BCSDC04_2024–25.xlsx,Table 3,B9,68.7
website_app,Basic connectivity,2024-25,2024–25,Employment size,20–199 persons,All businesses,90.1,published,,%,C,2024-25,"Proportions are of all businesses in each output category. Businesses could select more than one option. Coverage includes Agriculture, Forestry and Fishing.",2024-25:4-3:0,data_2024-25/BCSDC04_2024–25.xlsx,Table 3,B10,90.1
website_app,Basic connectivity,2024-25,2024–25,Employment size,200 or more persons,All businesses,88.7,published,,%,C,2024-25,"Proportions are of all businesses in each output category. Businesses could select more than one option. Coverage includes Agriculture, Forestry and Fishing.",2024-25:4-3:0,data_2024-25/BCSDC04_2024–25.xlsx,Table 3,B11,88.7
website_app,Basic connectivity,2024-25,2024–25,Industry,"Agriculture, Forestry and Fishing",All businesses,14.7,published,,%,C,2024-25,"Proportions are of all businesses in each output category. Businesses could select more than one option. Coverage includes Agriculture, Forestry and Fishing.",2024-25:4-3:0,data_2024-25/BCSDC04_2024–25.xlsx,Table 3,B13,14.7
website_app,Basic connectivity,2024-25,2024–25,Industry,Mining,All businesses,64.4,published,,%,C,2024-25,"Proportions are of all businesses in each output category. Businesses could select more than one option. Coverage includes Agriculture, Forestry and Fishing.",2024-25:4-3:0,data_2024-25/BCSDC04_2024–25.xlsx,Table 3,B14,64.4
website_app,Basic connectivity,2024-25,2024–25,Industry,Manufacturing,All businesses,65.1,published,,%,C,2024-25,"Proportions are of all businesses in each output category. Businesses could select more than one option. Coverage includes Agriculture, Forestry and Fishing.",2024-25:4-3:0,data_2024-25/BCSDC04_2024–25.xlsx,Table 3,B15,65.1
website_app,Basic connectivity,2024-25,2024–25,Industry,"Electricity, Gas, Water and Waste Services",All businesses,63.7,published,,%,C,2024-25,"Proportions are of all businesses in each output category. Businesses could select more than one option. Coverage includes Agriculture, Forestry and Fishing.",2024-25:4-3:0,data_2024-25/BCSDC04_2024–25.xlsx,Table 3,B16,63.7
website_app,Basic connectivity,2024-25,2024–25,Industry,Construction,All businesses,39.8,published,,%,C,2024-25,"Proportions are of all businesses in each output category. Businesses could select more than one option. Coverage includes Agriculture, Forestry and Fishing.",2024-25:4-3:0,data_2024-25/BCSDC04_2024–25.xlsx,Table 3,B17,39.8
website_app,Basic connectivity,2024-25,2024–25,Industry,Wholesale Trade,All businesses,66.1,published,,%,C,2024-25,"Proportions are of all businesses in each output category. Businesses could select more than one option. Coverage includes Agriculture, Forestry and Fishing.",2024-25:4-3:0,data_2024-25/BCSDC04_2024–25.xlsx,Table 3,B18,66.1
website_app,Basic connectivity,2024-25,2024–25,Industry,Retail Trade,All businesses,62.3,published,,%,C,2024-25,"Proportions are of all businesses in each output category. Businesses could select more than one option. Coverage includes Agriculture, Forestry and Fishing.",2024-25:4-3:0,data_2024-25/BCSDC04_2024–25.xlsx,Table 3,B19,62.3
website_app,Basic connectivity,2024-25,2024–25,Industry,Accommodation and Food Services,All businesses,58.3,published,,%,C,2024-25,"Proportions are of all businesses in each output category. Businesses could select more than one option. Coverage includes Agriculture, Forestry and Fishing.",2024-25:4-3:0,data_2024-25/BCSDC04_2024–25.xlsx,Table 3,B20,58.3
website_app,Basic connectivity,2024-25,2024–25,Industry,"Transport, Postal and Warehousing",All businesses,30.2,published,,%,C,2024-25,"Proportions are of all businesses in each output category. Businesses could select more than one option. Coverage includes Agriculture, Forestry and Fishing.",2024-25:4-3:0,data_2024-25/BCSDC04_2024–25.xlsx,Table 3,B21,30.2
website_app,Basic connectivity,2024-25,2024–25,Industry,Information Media and Telecommunications,All businesses,76.5,published,,%,C,2024-25,"Proportions are of all businesses in each output category. Businesses could select more than one option. Coverage includes Agriculture, Forestry and Fishing.",2024-25:4-3:0,data_2024-25/BCSDC04_2024–25.xlsx,Table 3,B22,76.5
website_app,Basic connectivity,2024-25,2024–25,Industry,Financial and Insurance Services,All businesses,63.6,published,,%,C,2024-25,"Proportions are of all businesses in each output category. Businesses could select more than one option. Coverage includes Agriculture, Forestry and Fishing.",2024-25:4-3:0,data_2024-25/BCSDC04_2024–25.xlsx,Table 3,B23,63.6
website_app,Basic connectivity,2024-25,2024–25,Industry,"Rental, Hiring and Real Estate Services",All businesses,58.1,published,,%,C,2024-25,"Proportions are of all businesses in each output category. Businesses could select more than one option. Coverage includes Agriculture, Forestry and Fishing.",2024-25:4-3:0,data_2024-25/BCSDC04_2024–25.xlsx,Table 3,B24,58.1
website_app,Basic connectivity,2024-25,2024–25,Industry,"Professional, Scientific and Technical Services",All businesses,68.1,published,,%,C,2024-25,"Proportions are of all businesses in each output category. Businesses could select more than one option. Coverage includes Agriculture, Forestry and Fishing.",2024-25:4-3:0,data_2024-25/BCSDC04_2024–25.xlsx,Table 3,B25,68.1
website_app,Basic connectivity,2024-25,2024–25,Industry,Administrative and Support Services,All businesses,52.3,published,,%,C,2024-25,"Proportions are of all businesses in each output category. Businesses could select more than one option. Coverage includes Agriculture, Forestry and Fishing.",2024-25:4-3:0,data_2024-25/BCSDC04_2024–25.xlsx,Table 3,B26,52.3
website_app,Basic connectivity,2024-25,2024–25,Industry,Health Care and Social Assistance,All businesses,68.4,published,,%,C,2024-25,"Proportions are of all businesses in each output category. Businesses could select more than one option. Coverage includes Agriculture, Forestry and Fishing.",2024-25:4-3:0,data_2024-25/BCSDC04_2024–25.xlsx,Table 3,B27,68.4
website_app,Basic connectivity,2024-25,2024–25,Industry,Arts and Recreation Services,All businesses,73.9,published,,%,C,2024-25,"Proportions are of all businesses in each output category. Businesses could select more than one option. Coverage includes Agriculture, Forestry and Fishing.",2024-25:4-3:0,data_2024-25/BCSDC04_2024–25.xlsx,Table 3,B28,73.9
website_app,Basic connectivity,2024-25,2024–25,Industry,Other Services,All businesses,51.8,published,,%,C,2024-25,"Proportions are of all businesses in each output category. Businesses could select more than one option. Coverage includes Agriculture, Forestry and Fishing.",2024-25:4-3:0,data_2024-25/BCSDC04_2024–25.xlsx,Table 3,B29,51.8
social,Basic connectivity,2024-25,2024–25,Overall,Total,All businesses,50.9,published,,%,A,recent-2021-2024,"Proportions are of all businesses in each output category. Businesses could select more than one option. Coverage includes Agriculture, Forestry and Fishing.",2024-25:4-3:1,data_2024-25/BCSDC04_2024–25.xlsx,Table 3,C6,50.9
social,Basic connectivity,2024-25,2024–25,Employment size,0–4 persons,All businesses,42,published,,%,A,recent-2021-2024,"Proportions are of all businesses in each output category. Businesses could select more than one option. Coverage includes Agriculture, Forestry and Fishing.",2024-25:4-3:1,data_2024-25/BCSDC04_2024–25.xlsx,Table 3,C8,42
social,Basic connectivity,2024-25,2024–25,Employment size,5–19 persons,All businesses,62.9,published,,%,A,recent-2021-2024,"Proportions are of all businesses in each output category. Businesses could select more than one option. Coverage includes Agriculture, Forestry and Fishing.",2024-25:4-3:1,data_2024-25/BCSDC04_2024–25.xlsx,Table 3,C9,62.9
social,Basic connectivity,2024-25,2024–25,Employment size,20–199 persons,All businesses,77.9,published,,%,A,recent-2021-2024,"Proportions are of all businesses in each output category. Businesses could select more than one option. Coverage includes Agriculture, Forestry and Fishing.",2024-25:4-3:1,data_2024-25/BCSDC04_2024–25.xlsx,Table 3,C10,77.9
social,Basic connectivity,2024-25,2024–25,Employment size,200 or more persons,All businesses,86.3,published,,%,A,recent-2021-2024,"Proportions are of all businesses in each output category. Businesses could select more than one option. Coverage includes Agriculture, Forestry and Fishing.",2024-25:4-3:1,data_2024-25/BCSDC04_2024–25.xlsx,Table 3,C11,86.3
social,Basic connectivity,2024-25,2024–25,Industry,"Agriculture, Forestry and Fishing",All businesses,23.1,published,,%,A,recent-2021-2024,"Proportions are of all businesses in each output category. Businesses could select more than one option. Coverage includes Agriculture, Forestry and Fishing.",2024-25:4-3:1,data_2024-25/BCSDC04_2024–25.xlsx,Table 3,C13,23.1
social,Basic connectivity,2024-25,2024–25,Industry,Mining,All businesses,41.3,published,,%,A,recent-2021-2024,"Proportions are of all businesses in each output category. Businesses could select more than one option. Coverage includes Agriculture, Forestry and Fishing.",2024-25:4-3:1,data_2024-25/BCSDC04_2024–25.xlsx,Table 3,C14,41.3
social,Basic connectivity,2024-25,2024–25,Industry,Manufacturing,All businesses,58,published,,%,A,recent-2021-2024,"Proportions are of all businesses in each output category. Businesses could select more than one option. Coverage includes Agriculture, Forestry and Fishing.",2024-25:4-3:1,data_2024-25/BCSDC04_2024–25.xlsx,Table 3,C15,58
social,Basic connectivity,2024-25,2024–25,Industry,"Electricity, Gas, Water and Waste Services",All businesses,51.1,published,,%,A,recent-2021-2024,"Proportions are of all businesses in each output category. Businesses could select more than one option. Coverage includes Agriculture, Forestry and Fishing.",2024-25:4-3:1,data_2024-25/BCSDC04_2024–25.xlsx,Table 3,C16,51.1
social,Basic connectivity,2024-25,2024–25,Industry,Construction,All businesses,40.9,published,,%,A,recent-2021-2024,"Proportions are of all businesses in each output category. Businesses could select more than one option. Coverage includes Agriculture, Forestry and Fishing.",2024-25:4-3:1,data_2024-25/BCSDC04_2024–25.xlsx,Table 3,C17,40.9
social,Basic connectivity,2024-25,2024–25,Industry,Wholesale Trade,All businesses,56.7,published,,%,A,recent-2021-2024,"Proportions are of all businesses in each output category. Businesses could select more than one option. Coverage includes Agriculture, Forestry and Fishing.",2024-25:4-3:1,data_2024-25/BCSDC04_2024–25.xlsx,Table 3,C18,56.7
social,Basic connectivity,2024-25,2024–25,Industry,Retail Trade,All businesses,66,published,,%,A,recent-2021-2024,"Proportions are of all businesses in each output category. Businesses could select more than one option. Coverage includes Agriculture, Forestry and Fishing.",2024-25:4-3:1,data_2024-25/BCSDC04_2024–25.xlsx,Table 3,C19,66
social,Basic connectivity,2024-25,2024–25,Industry,Accommodation and Food Services,All businesses,68,published,,%,A,recent-2021-2024,"Proportions are of all businesses in each output category. Businesses could select more than one option. Coverage includes Agriculture, Forestry and Fishing.",2024-25:4-3:1,data_2024-25/BCSDC04_2024–25.xlsx,Table 3,C20,68
social,Basic connectivity,2024-25,2024–25,Industry,"Transport, Postal and Warehousing",All businesses,32.3,published,,%,A,recent-2021-2024,"Proportions are of all businesses in each output category. Businesses could select more than one option. Coverage includes Agriculture, Forestry and Fishing.",2024-25:4-3:1,data_2024-25/BCSDC04_2024–25.xlsx,Table 3,C21,32.3
social,Basic connectivity,2024-25,2024–25,Industry,Information Media and Telecommunications,All businesses,67.4,published,,%,A,recent-2021-2024,"Proportions are of all businesses in each output category. Businesses could select more than one option. Coverage includes Agriculture, Forestry and Fishing.",2024-25:4-3:1,data_2024-25/BCSDC04_2024–25.xlsx,Table 3,C22,67.4
social,Basic connectivity,2024-25,2024–25,Industry,Financial and Insurance Services,All businesses,54.2,published,,%,A,recent-2021-2024,"Proportions are of all businesses in each output category. Businesses could select more than one option. Coverage includes Agriculture, Forestry and Fishing.",2024-25:4-3:1,data_2024-25/BCSDC04_2024–25.xlsx,Table 3,C23,54.2
social,Basic connectivity,2024-25,2024–25,Industry,"Rental, Hiring and Real Estate Services",All businesses,47.9,published,,%,A,recent-2021-2024,"Proportions are of all businesses in each output category. Businesses could select more than one option. Coverage includes Agriculture, Forestry and Fishing.",2024-25:4-3:1,data_2024-25/BCSDC04_2024–25.xlsx,Table 3,C24,47.9
social,Basic connectivity,2024-25,2024–25,Industry,"Professional, Scientific and Technical Services",All businesses,48,published,,%,A,recent-2021-2024,"Proportions are of all businesses in each output category. Businesses could select more than one option. Coverage includes Agriculture, Forestry and Fishing.",2024-25:4-3:1,data_2024-25/BCSDC04_2024–25.xlsx,Table 3,C25,48
social,Basic connectivity,2024-25,2024–25,Industry,Administrative and Support Services,All businesses,48.2,published,,%,A,recent-2021-2024,"Proportions are of all businesses in each output category. Businesses could select more than one option. Coverage includes Agriculture, Forestry and Fishing.",2024-25:4-3:1,data_2024-25/BCSDC04_2024–25.xlsx,Table 3,C26,48.2
social,Basic connectivity,2024-25,2024–25,Industry,Health Care and Social Assistance,All businesses,47.8,published,,%,A,recent-2021-2024,"Proportions are of all businesses in each output category. Businesses could select more than one option. Coverage includes Agriculture, Forestry and Fishing.",2024-25:4-3:1,data_2024-25/BCSDC04_2024–25.xlsx,Table 3,C27,47.8
social,Basic connectivity,2024-25,2024–25,Industry,Arts and Recreation Services,All businesses,82.5,published,,%,A,recent-2021-2024,"Proportions are of all businesses in each output category. Businesses could select more than one option. Coverage includes Agriculture, Forestry and Fishing.",2024-25:4-3:1,data_2024-25/BCSDC04_2024–25.xlsx,Table 3,C28,82.5
social,Basic connectivity,2024-25,2024–25,Industry,Other Services,All businesses,63.5,published,,%,A,recent-2021-2024,"Proportions are of all businesses in each output category. Businesses could select more than one option. Coverage includes Agriculture, Forestry and Fishing.",2024-25:4-3:1,data_2024-25/BCSDC04_2024–25.xlsx,Table 3,C29,63.5
received,Digital transactions,2024-25,2024–25,Overall,Total,All businesses,32.2,published,,%,A,recent-2021-2024,"Proportions are of all businesses in each output category. Businesses could select more than one option. Coverage includes Agriculture, Forestry and Fishing.",2024-25:4-4:4,data_2024-25/BCSDC04_2024–25.xlsx,Table 4,F7,32.2
received,Digital transactions,2024-25,2024–25,Employment size,0–4 persons,All businesses,26.6,published,,%,A,recent-2021-2024,"Proportions are of all businesses in each output category. Businesses could select more than one option. Coverage includes Agriculture, Forestry and Fishing.",2024-25:4-4:4,data_2024-25/BCSDC04_2024–25.xlsx,Table 4,F9,26.6
received,Digital transactions,2024-25,2024–25,Employment size,5–19 persons,All businesses,41.2,published,,%,A,recent-2021-2024,"Proportions are of all businesses in each output category. Businesses could select more than one option. Coverage includes Agriculture, Forestry and Fishing.",2024-25:4-4:4,data_2024-25/BCSDC04_2024–25.xlsx,Table 4,F10,41.2
received,Digital transactions,2024-25,2024–25,Employment size,20–199 persons,All businesses,44.9,published,,%,A,recent-2021-2024,"Proportions are of all businesses in each output category. Businesses could select more than one option. Coverage includes Agriculture, Forestry and Fishing.",2024-25:4-4:4,data_2024-25/BCSDC04_2024–25.xlsx,Table 4,F11,44.9
received,Digital transactions,2024-25,2024–25,Employment size,200 or more persons,All businesses,47.2,published,,%,A,recent-2021-2024,"Proportions are of all businesses in each output category. Businesses could select more than one option. Coverage includes Agriculture, Forestry and Fishing.",2024-25:4-4:4,data_2024-25/BCSDC04_2024–25.xlsx,Table 4,F12,47.2
received,Digital transactions,2024-25,2024–25,Industry,"Agriculture, Forestry and Fishing",All businesses,17.7,published,,%,A,recent-2021-2024,"Proportions are of all businesses in each output category. Businesses could select more than one option. Coverage includes Agriculture, Forestry and Fishing.",2024-25:4-4:4,data_2024-25/BCSDC04_2024–25.xlsx,Table 4,F14,17.7
received,Digital transactions,2024-25,2024–25,Industry,Mining,All businesses,13.2,published,,%,A,recent-2021-2024,"Proportions are of all businesses in each output category. Businesses could select more than one option. Coverage includes Agriculture, Forestry and Fishing.",2024-25:4-4:4,data_2024-25/BCSDC04_2024–25.xlsx,Table 4,F15,13.2
received,Digital transactions,2024-25,2024–25,Industry,Manufacturing,All businesses,34.5,published,,%,A,recent-2021-2024,"Proportions are of all businesses in each output category. Businesses could select more than one option. Coverage includes Agriculture, Forestry and Fishing.",2024-25:4-4:4,data_2024-25/BCSDC04_2024–25.xlsx,Table 4,F16,34.5
received,Digital transactions,2024-25,2024–25,Industry,"Electricity, Gas, Water and Waste Services",All businesses,29.3,published,,%,A,recent-2021-2024,"Proportions are of all businesses in each output category. Businesses could select more than one option. Coverage includes Agriculture, Forestry and Fishing.",2024-25:4-4:4,data_2024-25/BCSDC04_2024–25.xlsx,Table 4,F17,29.3
received,Digital transactions,2024-25,2024–25,Industry,Construction,All businesses,15.9,published,,%,A,recent-2021-2024,"Proportions are of all businesses in each output category. Businesses could select more than one option. Coverage includes Agriculture, Forestry and Fishing.",2024-25:4-4:4,data_2024-25/BCSDC04_2024–25.xlsx,Table 4,F18,15.9
received,Digital transactions,2024-25,2024–25,Industry,Wholesale Trade,All businesses,49.4,published,,%,A,recent-2021-2024,"Proportions are of all businesses in each output category. Businesses could select more than one option. Coverage includes Agriculture, Forestry and Fishing.",2024-25:4-4:4,data_2024-25/BCSDC04_2024–25.xlsx,Table 4,F19,49.4
received,Digital transactions,2024-25,2024–25,Industry,Retail Trade,All businesses,53.1,published,,%,A,recent-2021-2024,"Proportions are of all businesses in each output category. Businesses could select more than one option. Coverage includes Agriculture, Forestry and Fishing.",2024-25:4-4:4,data_2024-25/BCSDC04_2024–25.xlsx,Table 4,F20,53.1
received,Digital transactions,2024-25,2024–25,Industry,Accommodation and Food Services,All businesses,70.7,published,,%,A,recent-2021-2024,"Proportions are of all businesses in each output category. Businesses could select more than one option. Coverage includes Agriculture, Forestry and Fishing.",2024-25:4-4:4,data_2024-25/BCSDC04_2024–25.xlsx,Table 4,F21,70.7
received,Digital transactions,2024-25,2024–25,Industry,"Transport, Postal and Warehousing",All businesses,22.4,published,,%,A,recent-2021-2024,"Proportions are of all businesses in each output category. Businesses could select more than one option. Coverage includes Agriculture, Forestry and Fishing.",2024-25:4-4:4,data_2024-25/BCSDC04_2024–25.xlsx,Table 4,F22,22.4
received,Digital transactions,2024-25,2024–25,Industry,Information Media and Telecommunications,All businesses,37.8,published,,%,A,recent-2021-2024,"Proportions are of all businesses in each output category. Businesses could select more than one option. Coverage includes Agriculture, Forestry and Fishing.",2024-25:4-4:4,data_2024-25/BCSDC04_2024–25.xlsx,Table 4,F23,37.8
received,Digital transactions,2024-25,2024–25,Industry,Financial and Insurance Services,All businesses,15.9,published,,%,A,recent-2021-2024,"Proportions are of all businesses in each output category. Businesses could select more than one option. Coverage includes Agriculture, Forestry and Fishing.",2024-25:4-4:4,data_2024-25/BCSDC04_2024–25.xlsx,Table 4,F24,15.9
received,Digital transactions,2024-25,2024–25,Industry,"Rental, Hiring and Real Estate Services",All businesses,28.7,published,,%,A,recent-2021-2024,"Proportions are of all businesses in each output category. Businesses could select more than one option. Coverage includes Agriculture, Forestry and Fishing.",2024-25:4-4:4,data_2024-25/BCSDC04_2024–25.xlsx,Table 4,F25,28.7
received,Digital transactions,2024-25,2024–25,Industry,"Professional, Scientific and Technical Services",All businesses,21.2,published,,%,A,recent-2021-2024,"Proportions are of all businesses in each output category. Businesses could select more than one option. Coverage includes Agriculture, Forestry and Fishing.",2024-25:4-4:4,data_2024-25/BCSDC04_2024–25.xlsx,Table 4,F26,21.2
received,Digital transactions,2024-25,2024–25,Industry,Administrative and Support Services,All businesses,29.8,published,,%,A,recent-2021-2024,"Proportions are of all businesses in each output category. Businesses could select more than one option. Coverage includes Agriculture, Forestry and Fishing.",2024-25:4-4:4,data_2024-25/BCSDC04_2024–25.xlsx,Table 4,F27,29.8
received,Digital transactions,2024-25,2024–25,Industry,Health Care and Social Assistance,All businesses,33.1,published,,%,A,recent-2021-2024,"Proportions are of all businesses in each output category. Businesses could select more than one option. Coverage includes Agriculture, Forestry and Fishing.",2024-25:4-4:4,data_2024-25/BCSDC04_2024–25.xlsx,Table 4,F28,33.1
received,Digital transactions,2024-25,2024–25,Industry,Arts and Recreation Services,All businesses,59.8,published,,%,A,recent-2021-2024,"Proportions are of all businesses in each output category. Businesses could select more than one option. Coverage includes Agriculture, Forestry and Fishing.",2024-25:4-4:4,data_2024-25/BCSDC04_2024–25.xlsx,Table 4,F29,59.8
received,Digital transactions,2024-25,2024–25,Industry,Other Services,All businesses,37.8,published,,%,A,recent-2021-2024,"Proportions are of all businesses in each output category. Businesses could select more than one option. Coverage includes Agriculture, Forestry and Fishing.",2024-25:4-4:4,data_2024-25/BCSDC04_2024–25.xlsx,Table 4,F30,37.8
placed,Digital transactions,2024-25,2024–25,Overall,Total,All businesses,63.4,published,,%,C,2024-25,"Proportions are of all businesses in each output category. Coverage includes Agriculture, Forestry and Fishing.",2024-25:4-6:0,data_2024-25/BCSDC04_2024–25.xlsx,Table 6,B6,63.4
placed,Digital transactions,2024-25,2024–25,Employment size,0–4 persons,All businesses,57,published,,%,C,2024-25,"Proportions are of all businesses in each output category. Coverage includes Agriculture, Forestry and Fishing.",2024-25:4-6:0,data_2024-25/BCSDC04_2024–25.xlsx,Table 6,B8,57
placed,Digital transactions,2024-25,2024–25,Employment size,5–19 persons,All businesses,73.4,published,,%,C,2024-25,"Proportions are of all businesses in each output category. Coverage includes Agriculture, Forestry and Fishing.",2024-25:4-6:0,data_2024-25/BCSDC04_2024–25.xlsx,Table 6,B9,73.4
placed,Digital transactions,2024-25,2024–25,Employment size,20–199 persons,All businesses,77.5,published,,%,C,2024-25,"Proportions are of all businesses in each output category. Coverage includes Agriculture, Forestry and Fishing.",2024-25:4-6:0,data_2024-25/BCSDC04_2024–25.xlsx,Table 6,B10,77.5
placed,Digital transactions,2024-25,2024–25,Employment size,200 or more persons,All businesses,85.4,published,,%,C,2024-25,"Proportions are of all businesses in each output category. Coverage includes Agriculture, Forestry and Fishing.",2024-25:4-6:0,data_2024-25/BCSDC04_2024–25.xlsx,Table 6,B11,85.4
placed,Digital transactions,2024-25,2024–25,Industry,"Agriculture, Forestry and Fishing",All businesses,67.4,published,,%,C,2024-25,"Proportions are of all businesses in each output category. Coverage includes Agriculture, Forestry and Fishing.",2024-25:4-6:0,data_2024-25/BCSDC04_2024–25.xlsx,Table 6,B13,67.4
placed,Digital transactions,2024-25,2024–25,Industry,Mining,All businesses,63.2,published,,%,C,2024-25,"Proportions are of all businesses in each output category. Coverage includes Agriculture, Forestry and Fishing.",2024-25:4-6:0,data_2024-25/BCSDC04_2024–25.xlsx,Table 6,B14,63.2
placed,Digital transactions,2024-25,2024–25,Industry,Manufacturing,All businesses,65.9,published,,%,C,2024-25,"Proportions are of all businesses in each output category. Coverage includes Agriculture, Forestry and Fishing.",2024-25:4-6:0,data_2024-25/BCSDC04_2024–25.xlsx,Table 6,B15,65.9
placed,Digital transactions,2024-25,2024–25,Industry,"Electricity, Gas, Water and Waste Services",All businesses,53,published,,%,C,2024-25,"Proportions are of all businesses in each output category. Coverage includes Agriculture, Forestry and Fishing.",2024-25:4-6:0,data_2024-25/BCSDC04_2024–25.xlsx,Table 6,B16,53
placed,Digital transactions,2024-25,2024–25,Industry,Construction,All businesses,57.6,published,,%,C,2024-25,"Proportions are of all businesses in each output category. Coverage includes Agriculture, Forestry and Fishing.",2024-25:4-6:0,data_2024-25/BCSDC04_2024–25.xlsx,Table 6,B17,57.6
placed,Digital transactions,2024-25,2024–25,Industry,Wholesale Trade,All businesses,70,published,,%,C,2024-25,"Proportions are of all businesses in each output category. Coverage includes Agriculture, Forestry and Fishing.",2024-25:4-6:0,data_2024-25/BCSDC04_2024–25.xlsx,Table 6,B18,70
placed,Digital transactions,2024-25,2024–25,Industry,Retail Trade,All businesses,71.3,published,,%,C,2024-25,"Proportions are of all businesses in each output category. Coverage includes Agriculture, Forestry and Fishing.",2024-25:4-6:0,data_2024-25/BCSDC04_2024–25.xlsx,Table 6,B19,71.3
placed,Digital transactions,2024-25,2024–25,Industry,Accommodation and Food Services,All businesses,67.8,published,,%,C,2024-25,"Proportions are of all businesses in each output category. Coverage includes Agriculture, Forestry and Fishing.",2024-25:4-6:0,data_2024-25/BCSDC04_2024–25.xlsx,Table 6,B20,67.8
placed,Digital transactions,2024-25,2024–25,Industry,"Transport, Postal and Warehousing",All businesses,47.6,published,,%,C,2024-25,"Proportions are of all businesses in each output category. Coverage includes Agriculture, Forestry and Fishing.",2024-25:4-6:0,data_2024-25/BCSDC04_2024–25.xlsx,Table 6,B21,47.6
placed,Digital transactions,2024-25,2024–25,Industry,Information Media and Telecommunications,All businesses,74.7,published,,%,C,2024-25,"Proportions are of all businesses in each output category. Coverage includes Agriculture, Forestry and Fishing.",2024-25:4-6:0,data_2024-25/BCSDC04_2024–25.xlsx,Table 6,B22,74.7
placed,Digital transactions,2024-25,2024–25,Industry,Financial and Insurance Services,All businesses,59,published,,%,C,2024-25,"Proportions are of all businesses in each output category. Coverage includes Agriculture, Forestry and Fishing.",2024-25:4-6:0,data_2024-25/BCSDC04_2024–25.xlsx,Table 6,B23,59
placed,Digital transactions,2024-25,2024–25,Industry,"Rental, Hiring and Real Estate Services",All businesses,58.2,published,,%,C,2024-25,"Proportions are of all businesses in each output category. Coverage includes Agriculture, Forestry and Fishing.",2024-25:4-6:0,data_2024-25/BCSDC04_2024–25.xlsx,Table 6,B24,58.2
placed,Digital transactions,2024-25,2024–25,Industry,"Professional, Scientific and Technical Services",All businesses,62.4,published,,%,C,2024-25,"Proportions are of all businesses in each output category. Coverage includes Agriculture, Forestry and Fishing.",2024-25:4-6:0,data_2024-25/BCSDC04_2024–25.xlsx,Table 6,B25,62.4
placed,Digital transactions,2024-25,2024–25,Industry,Administrative and Support Services,All businesses,59,published,,%,C,2024-25,"Proportions are of all businesses in each output category. Coverage includes Agriculture, Forestry and Fishing.",2024-25:4-6:0,data_2024-25/BCSDC04_2024–25.xlsx,Table 6,B26,59
placed,Digital transactions,2024-25,2024–25,Industry,Health Care and Social Assistance,All businesses,67.6,published,,%,C,2024-25,"Proportions are of all businesses in each output category. Coverage includes Agriculture, Forestry and Fishing.",2024-25:4-6:0,data_2024-25/BCSDC04_2024–25.xlsx,Table 6,B27,67.6
placed,Digital transactions,2024-25,2024–25,Industry,Arts and Recreation Services,All businesses,66.8,published,,%,C,2024-25,"Proportions are of all businesses in each output category. Coverage includes Agriculture, Forestry and Fishing.",2024-25:4-6:0,data_2024-25/BCSDC04_2024–25.xlsx,Table 6,B28,66.8
placed,Digital transactions,2024-25,2024–25,Industry,Other Services,All businesses,69.2,published,,%,C,2024-25,"Proportions are of all businesses in each output category. Coverage includes Agriculture, Forestry and Fishing.",2024-25:4-6:0,data_2024-25/BCSDC04_2024–25.xlsx,Table 6,B29,69.2
cloud,Advanced technologies,2024-25,2024–25,Overall,Total,All businesses,72.8,published,,%,C,2024-25,"Proportions are of all businesses in each output category. Businesses could select more than one option. Coverage includes Agriculture, Forestry and Fishing.",2024-25:6-2:0,data_2024-25/BCSDC06_2024–25.xlsx,Table 2,B7,72.8
cloud,Advanced technologies,2024-25,2024–25,Employment size,0–4 persons,All businesses,68.5,published,,%,C,2024-25,"Proportions are of all businesses in each output category. Businesses could select more than one option. Coverage includes Agriculture, Forestry and Fishing.",2024-25:6-2:0,data_2024-25/BCSDC06_2024–25.xlsx,Table 2,B9,68.5
cloud,Advanced technologies,2024-25,2024–25,Employment size,5–19 persons,All businesses,77.7,published,,%,C,2024-25,"Proportions are of all businesses in each output category. Businesses could select more than one option. Coverage includes Agriculture, Forestry and Fishing.",2024-25:6-2:0,data_2024-25/BCSDC06_2024–25.xlsx,Table 2,B10,77.7
cloud,Advanced technologies,2024-25,2024–25,Employment size,20–199 persons,All businesses,90.3,published,,%,C,2024-25,"Proportions are of all businesses in each output category. Businesses could select more than one option. Coverage includes Agriculture, Forestry and Fishing.",2024-25:6-2:0,data_2024-25/BCSDC06_2024–25.xlsx,Table 2,B11,90.3
cloud,Advanced technologies,2024-25,2024–25,Employment size,200 or more persons,All businesses,92.7,published,,%,C,2024-25,"Proportions are of all businesses in each output category. Businesses could select more than one option. Coverage includes Agriculture, Forestry and Fishing.",2024-25:6-2:0,data_2024-25/BCSDC06_2024–25.xlsx,Table 2,B12,92.7
cloud,Advanced technologies,2024-25,2024–25,Industry,"Agriculture, Forestry and Fishing",All businesses,69.7,published,,%,C,2024-25,"Proportions are of all businesses in each output category. Businesses could select more than one option. Coverage includes Agriculture, Forestry and Fishing.",2024-25:6-2:0,data_2024-25/BCSDC06_2024–25.xlsx,Table 2,B14,69.7
cloud,Advanced technologies,2024-25,2024–25,Industry,Mining,All businesses,83.8,published,,%,C,2024-25,"Proportions are of all businesses in each output category. Businesses could select more than one option. Coverage includes Agriculture, Forestry and Fishing.",2024-25:6-2:0,data_2024-25/BCSDC06_2024–25.xlsx,Table 2,B15,83.8
cloud,Advanced technologies,2024-25,2024–25,Industry,Manufacturing,All businesses,73.7,published,,%,C,2024-25,"Proportions are of all businesses in each output category. Businesses could select more than one option. Coverage includes Agriculture, Forestry and Fishing.",2024-25:6-2:0,data_2024-25/BCSDC06_2024–25.xlsx,Table 2,B16,73.7
cloud,Advanced technologies,2024-25,2024–25,Industry,"Electricity, Gas, Water and Waste Services",All businesses,67.9,published,,%,C,2024-25,"Proportions are of all businesses in each output category. Businesses could select more than one option. Coverage includes Agriculture, Forestry and Fishing.",2024-25:6-2:0,data_2024-25/BCSDC06_2024–25.xlsx,Table 2,B17,67.9
cloud,Advanced technologies,2024-25,2024–25,Industry,Construction,All businesses,73.8,published,,%,C,2024-25,"Proportions are of all businesses in each output category. Businesses could select more than one option. Coverage includes Agriculture, Forestry and Fishing.",2024-25:6-2:0,data_2024-25/BCSDC06_2024–25.xlsx,Table 2,B18,73.8
cloud,Advanced technologies,2024-25,2024–25,Industry,Wholesale Trade,All businesses,77.6,published,,%,C,2024-25,"Proportions are of all businesses in each output category. Businesses could select more than one option. Coverage includes Agriculture, Forestry and Fishing.",2024-25:6-2:0,data_2024-25/BCSDC06_2024–25.xlsx,Table 2,B19,77.6
cloud,Advanced technologies,2024-25,2024–25,Industry,Retail Trade,All businesses,67.3,published,,%,C,2024-25,"Proportions are of all businesses in each output category. Businesses could select more than one option. Coverage includes Agriculture, Forestry and Fishing.",2024-25:6-2:0,data_2024-25/BCSDC06_2024–25.xlsx,Table 2,B20,67.3
cloud,Advanced technologies,2024-25,2024–25,Industry,Accommodation and Food Services,All businesses,60.7,published,,%,C,2024-25,"Proportions are of all businesses in each output category. Businesses could select more than one option. Coverage includes Agriculture, Forestry and Fishing.",2024-25:6-2:0,data_2024-25/BCSDC06_2024–25.xlsx,Table 2,B21,60.7
cloud,Advanced technologies,2024-25,2024–25,Industry,"Transport, Postal and Warehousing",All businesses,57,published,,%,C,2024-25,"Proportions are of all businesses in each output category. Businesses could select more than one option. Coverage includes Agriculture, Forestry and Fishing.",2024-25:6-2:0,data_2024-25/BCSDC06_2024–25.xlsx,Table 2,B22,57
cloud,Advanced technologies,2024-25,2024–25,Industry,Information Media and Telecommunications,All businesses,83.8,published,,%,C,2024-25,"Proportions are of all businesses in each output category. Businesses could select more than one option. Coverage includes Agriculture, Forestry and Fishing.",2024-25:6-2:0,data_2024-25/BCSDC06_2024–25.xlsx,Table 2,B23,83.8
cloud,Advanced technologies,2024-25,2024–25,Industry,Financial and Insurance Services,All businesses,79.8,published,,%,C,2024-25,"Proportions are of all businesses in each output category. Businesses could select more than one option. Coverage includes Agriculture, Forestry and Fishing.",2024-25:6-2:0,data_2024-25/BCSDC06_2024–25.xlsx,Table 2,B24,79.8
cloud,Advanced technologies,2024-25,2024–25,Industry,"Rental, Hiring and Real Estate Services",All businesses,70.6,published,,%,C,2024-25,"Proportions are of all businesses in each output category. Businesses could select more than one option. Coverage includes Agriculture, Forestry and Fishing.",2024-25:6-2:0,data_2024-25/BCSDC06_2024–25.xlsx,Table 2,B25,70.6
cloud,Advanced technologies,2024-25,2024–25,Industry,"Professional, Scientific and Technical Services",All businesses,82.8,published,,%,C,2024-25,"Proportions are of all businesses in each output category. Businesses could select more than one option. Coverage includes Agriculture, Forestry and Fishing.",2024-25:6-2:0,data_2024-25/BCSDC06_2024–25.xlsx,Table 2,B26,82.8
cloud,Advanced technologies,2024-25,2024–25,Industry,Administrative and Support Services,All businesses,74.2,published,,%,C,2024-25,"Proportions are of all businesses in each output category. Businesses could select more than one option. Coverage includes Agriculture, Forestry and Fishing.",2024-25:6-2:0,data_2024-25/BCSDC06_2024–25.xlsx,Table 2,B27,74.2
cloud,Advanced technologies,2024-25,2024–25,Industry,Health Care and Social Assistance,All businesses,77.9,published,,%,C,2024-25,"Proportions are of all businesses in each output category. Businesses could select more than one option. Coverage includes Agriculture, Forestry and Fishing.",2024-25:6-2:0,data_2024-25/BCSDC06_2024–25.xlsx,Table 2,B28,77.9
cloud,Advanced technologies,2024-25,2024–25,Industry,Arts and Recreation Services,All businesses,76.4,published,,%,C,2024-25,"Proportions are of all businesses in each output category. Businesses could select more than one option. Coverage includes Agriculture, Forestry and Fishing.",2024-25:6-2:0,data_2024-25/BCSDC06_2024–25.xlsx,Table 2,B29,76.4
cloud,Advanced technologies,2024-25,2024–25,Industry,Other Services,All businesses,64.8,published,,%,C,2024-25,"Proportions are of all businesses in each output category. Businesses could select more than one option. Coverage includes Agriculture, Forestry and Fishing.",2024-25:6-2:0,data_2024-25/BCSDC06_2024–25.xlsx,Table 2,B30,64.8
crm,Operational systems,2024-25,2024–25,Overall,Total,All businesses,17.7,published,,%,C,2024-25,"Proportions are of all businesses in each output category. Businesses could select more than one option. Coverage includes Agriculture, Forestry and Fishing.",2024-25:6-2:4,data_2024-25/BCSDC06_2024–25.xlsx,Table 2,F7,17.7
crm,Operational systems,2024-25,2024–25,Employment size,0–4 persons,All businesses,11.6,published,,%,C,2024-25,"Proportions are of all businesses in each output category. Businesses could select more than one option. Coverage includes Agriculture, Forestry and Fishing.",2024-25:6-2:4,data_2024-25/BCSDC06_2024–25.xlsx,Table 2,F9,11.6
crm,Operational systems,2024-25,2024–25,Employment size,5–19 persons,All businesses,23.8,published,,%,C,2024-25,"Proportions are of all businesses in each output category. Businesses could select more than one option. Coverage includes Agriculture, Forestry and Fishing.",2024-25:6-2:4,data_2024-25/BCSDC06_2024–25.xlsx,Table 2,F10,23.8
crm,Operational systems,2024-25,2024–25,Employment size,20–199 persons,All businesses,42.6,published,,%,C,2024-25,"Proportions are of all businesses in each output category. Businesses could select more than one option. Coverage includes Agriculture, Forestry and Fishing.",2024-25:6-2:4,data_2024-25/BCSDC06_2024–25.xlsx,Table 2,F11,42.6
crm,Operational systems,2024-25,2024–25,Employment size,200 or more persons,All businesses,62.8,published,,%,C,2024-25,"Proportions are of all businesses in each output category. Businesses could select more than one option. Coverage includes Agriculture, Forestry and Fishing.",2024-25:6-2:4,data_2024-25/BCSDC06_2024–25.xlsx,Table 2,F12,62.8
crm,Operational systems,2024-25,2024–25,Industry,"Agriculture, Forestry and Fishing",All businesses,3.1,published,,%,C,2024-25,"Proportions are of all businesses in each output category. Businesses could select more than one option. Coverage includes Agriculture, Forestry and Fishing.",2024-25:6-2:4,data_2024-25/BCSDC06_2024–25.xlsx,Table 2,F14,3.1
crm,Operational systems,2024-25,2024–25,Industry,Mining,All businesses,9.4,published,,%,C,2024-25,"Proportions are of all businesses in each output category. Businesses could select more than one option. Coverage includes Agriculture, Forestry and Fishing.",2024-25:6-2:4,data_2024-25/BCSDC06_2024–25.xlsx,Table 2,F15,9.4
crm,Operational systems,2024-25,2024–25,Industry,Manufacturing,All businesses,16.9,published,,%,C,2024-25,"Proportions are of all businesses in each output category. Businesses could select more than one option. Coverage includes Agriculture, Forestry and Fishing.",2024-25:6-2:4,data_2024-25/BCSDC06_2024–25.xlsx,Table 2,F16,16.9
crm,Operational systems,2024-25,2024–25,Industry,"Electricity, Gas, Water and Waste Services",All businesses,21.8,published,,%,C,2024-25,"Proportions are of all businesses in each output category. Businesses could select more than one option. Coverage includes Agriculture, Forestry and Fishing.",2024-25:6-2:4,data_2024-25/BCSDC06_2024–25.xlsx,Table 2,F17,21.8
crm,Operational systems,2024-25,2024–25,Industry,Construction,All businesses,9.9,published,,%,C,2024-25,"Proportions are of all businesses in each output category. Businesses could select more than one option. Coverage includes Agriculture, Forestry and Fishing.",2024-25:6-2:4,data_2024-25/BCSDC06_2024–25.xlsx,Table 2,F18,9.9
crm,Operational systems,2024-25,2024–25,Industry,Wholesale Trade,All businesses,26.3,published,,%,C,2024-25,"Proportions are of all businesses in each output category. Businesses could select more than one option. Coverage includes Agriculture, Forestry and Fishing.",2024-25:6-2:4,data_2024-25/BCSDC06_2024–25.xlsx,Table 2,F19,26.3
crm,Operational systems,2024-25,2024–25,Industry,Retail Trade,All businesses,17.6,published,,%,C,2024-25,"Proportions are of all businesses in each output category. Businesses could select more than one option. Coverage includes Agriculture, Forestry and Fishing.",2024-25:6-2:4,data_2024-25/BCSDC06_2024–25.xlsx,Table 2,F20,17.6
crm,Operational systems,2024-25,2024–25,Industry,Accommodation and Food Services,All businesses,12.7,published,,%,C,2024-25,"Proportions are of all businesses in each output category. Businesses could select more than one option. Coverage includes Agriculture, Forestry and Fishing.",2024-25:6-2:4,data_2024-25/BCSDC06_2024–25.xlsx,Table 2,F21,12.7
crm,Operational systems,2024-25,2024–25,Industry,"Transport, Postal and Warehousing",All businesses,7.6,published,,%,C,2024-25,"Proportions are of all businesses in each output category. Businesses could select more than one option. Coverage includes Agriculture, Forestry and Fishing.",2024-25:6-2:4,data_2024-25/BCSDC06_2024–25.xlsx,Table 2,F22,7.6
crm,Operational systems,2024-25,2024–25,Industry,Information Media and Telecommunications,All businesses,28.3,published,,%,C,2024-25,"Proportions are of all businesses in each output category. Businesses could select more than one option. Coverage includes Agriculture, Forestry and Fishing.",2024-25:6-2:4,data_2024-25/BCSDC06_2024–25.xlsx,Table 2,F23,28.3
crm,Operational systems,2024-25,2024–25,Industry,Financial and Insurance Services,All businesses,47.4,published,,%,C,2024-25,"Proportions are of all businesses in each output category. Businesses could select more than one option. Coverage includes Agriculture, Forestry and Fishing.",2024-25:6-2:4,data_2024-25/BCSDC06_2024–25.xlsx,Table 2,F24,47.4
crm,Operational systems,2024-25,2024–25,Industry,"Rental, Hiring and Real Estate Services",All businesses,29.5,published,,%,C,2024-25,"Proportions are of all businesses in each output category. Businesses could select more than one option. Coverage includes Agriculture, Forestry and Fishing.",2024-25:6-2:4,data_2024-25/BCSDC06_2024–25.xlsx,Table 2,F25,29.5
crm,Operational systems,2024-25,2024–25,Industry,"Professional, Scientific and Technical Services",All businesses,19.9,published,,%,C,2024-25,"Proportions are of all businesses in each output category. Businesses could select more than one option. Coverage includes Agriculture, Forestry and Fishing.",2024-25:6-2:4,data_2024-25/BCSDC06_2024–25.xlsx,Table 2,F26,19.9
crm,Operational systems,2024-25,2024–25,Industry,Administrative and Support Services,All businesses,20.7,published,,%,C,2024-25,"Proportions are of all businesses in each output category. Businesses could select more than one option. Coverage includes Agriculture, Forestry and Fishing.",2024-25:6-2:4,data_2024-25/BCSDC06_2024–25.xlsx,Table 2,F27,20.7
crm,Operational systems,2024-25,2024–25,Industry,Health Care and Social Assistance,All businesses,23.5,published,,%,C,2024-25,"Proportions are of all businesses in each output category. Businesses could select more than one option. Coverage includes Agriculture, Forestry and Fishing.",2024-25:6-2:4,data_2024-25/BCSDC06_2024–25.xlsx,Table 2,F28,23.5
crm,Operational systems,2024-25,2024–25,Industry,Arts and Recreation Services,All businesses,35.7,published,,%,C,2024-25,"Proportions are of all businesses in each output category. Businesses could select more than one option. Coverage includes Agriculture, Forestry and Fishing.",2024-25:6-2:4,data_2024-25/BCSDC06_2024–25.xlsx,Table 2,F29,35.7
crm,Operational systems,2024-25,2024–25,Industry,Other Services,All businesses,15.4,published,,%,C,2024-25,"Proportions are of all businesses in each output category. Businesses could select more than one option. Coverage includes Agriculture, Forestry and Fishing.",2024-25:6-2:4,data_2024-25/BCSDC06_2024–25.xlsx,Table 2,F30,15.4
edi,Operational systems,2024-25,2024–25,Overall,Total,All businesses,9.5,published,,%,C,2024-25,"Proportions are of all businesses in each output category. Businesses could select more than one option. Coverage includes Agriculture, Forestry and Fishing.",2024-25:6-2:5,data_2024-25/BCSDC06_2024–25.xlsx,Table 2,G7,9.5
edi,Operational systems,2024-25,2024–25,Employment size,0–4 persons,All businesses,7,published,,%,C,2024-25,"Proportions are of all businesses in each output category. Businesses could select more than one option. Coverage includes Agriculture, Forestry and Fishing.",2024-25:6-2:5,data_2024-25/BCSDC06_2024–25.xlsx,Table 2,G9,7
edi,Operational systems,2024-25,2024–25,Employment size,5–19 persons,All businesses,11.7,published,,%,C,2024-25,"Proportions are of all businesses in each output category. Businesses could select more than one option. Coverage includes Agriculture, Forestry and Fishing.",2024-25:6-2:5,data_2024-25/BCSDC06_2024–25.xlsx,Table 2,G10,11.7
edi,Operational systems,2024-25,2024–25,Employment size,20–199 persons,All businesses,19.9,published,,%,C,2024-25,"Proportions are of all businesses in each output category. Businesses could select more than one option. Coverage includes Agriculture, Forestry and Fishing.",2024-25:6-2:5,data_2024-25/BCSDC06_2024–25.xlsx,Table 2,G11,19.9
edi,Operational systems,2024-25,2024–25,Employment size,200 or more persons,All businesses,43,published,,%,C,2024-25,"Proportions are of all businesses in each output category. Businesses could select more than one option. Coverage includes Agriculture, Forestry and Fishing.",2024-25:6-2:5,data_2024-25/BCSDC06_2024–25.xlsx,Table 2,G12,43
edi,Operational systems,2024-25,2024–25,Industry,"Agriculture, Forestry and Fishing",All businesses,9.1,published,,%,C,2024-25,"Proportions are of all businesses in each output category. Businesses could select more than one option. Coverage includes Agriculture, Forestry and Fishing.",2024-25:6-2:5,data_2024-25/BCSDC06_2024–25.xlsx,Table 2,G14,9.1
edi,Operational systems,2024-25,2024–25,Industry,Mining,All businesses,13.9,published,,%,C,2024-25,"Proportions are of all businesses in each output category. Businesses could select more than one option. Coverage includes Agriculture, Forestry and Fishing.",2024-25:6-2:5,data_2024-25/BCSDC06_2024–25.xlsx,Table 2,G15,13.9
edi,Operational systems,2024-25,2024–25,Industry,Manufacturing,All businesses,15.3,published,,%,C,2024-25,"Proportions are of all businesses in each output category. Businesses could select more than one option. Coverage includes Agriculture, Forestry and Fishing.",2024-25:6-2:5,data_2024-25/BCSDC06_2024–25.xlsx,Table 2,G16,15.3
edi,Operational systems,2024-25,2024–25,Industry,"Electricity, Gas, Water and Waste Services",All businesses,9,published,,%,C,2024-25,"Proportions are of all businesses in each output category. Businesses could select more than one option. Coverage includes Agriculture, Forestry and Fishing.",2024-25:6-2:5,data_2024-25/BCSDC06_2024–25.xlsx,Table 2,G17,9
edi,Operational systems,2024-25,2024–25,Industry,Construction,All businesses,9.6,published,,%,C,2024-25,"Proportions are of all businesses in each output category. Businesses could select more than one option. Coverage includes Agriculture, Forestry and Fishing.",2024-25:6-2:5,data_2024-25/BCSDC06_2024–25.xlsx,Table 2,G18,9.6
edi,Operational systems,2024-25,2024–25,Industry,Wholesale Trade,All businesses,18.9,published,,%,C,2024-25,"Proportions are of all businesses in each output category. Businesses could select more than one option. Coverage includes Agriculture, Forestry and Fishing.",2024-25:6-2:5,data_2024-25/BCSDC06_2024–25.xlsx,Table 2,G19,18.9
edi,Operational systems,2024-25,2024–25,Industry,Retail Trade,All businesses,13.5,published,,%,C,2024-25,"Proportions are of all businesses in each output category. Businesses could select more than one option. Coverage includes Agriculture, Forestry and Fishing.",2024-25:6-2:5,data_2024-25/BCSDC06_2024–25.xlsx,Table 2,G20,13.5
edi,Operational systems,2024-25,2024–25,Industry,Accommodation and Food Services,All businesses,7.6,published,,%,C,2024-25,"Proportions are of all businesses in each output category. Businesses could select more than one option. Coverage includes Agriculture, Forestry and Fishing.",2024-25:6-2:5,data_2024-25/BCSDC06_2024–25.xlsx,Table 2,G21,7.6
edi,Operational systems,2024-25,2024–25,Industry,"Transport, Postal and Warehousing",All businesses,8.9,published,,%,C,2024-25,"Proportions are of all businesses in each output category. Businesses could select more than one option. Coverage includes Agriculture, Forestry and Fishing.",2024-25:6-2:5,data_2024-25/BCSDC06_2024–25.xlsx,Table 2,G22,8.9
edi,Operational systems,2024-25,2024–25,Industry,Information Media and Telecommunications,All businesses,11.8,published,,%,C,2024-25,"Proportions are of all businesses in each output category. Businesses could select more than one option. Coverage includes Agriculture, Forestry and Fishing.",2024-25:6-2:5,data_2024-25/BCSDC06_2024–25.xlsx,Table 2,G23,11.8
edi,Operational systems,2024-25,2024–25,Industry,Financial and Insurance Services,All businesses,9.9,published,,%,C,2024-25,"Proportions are of all businesses in each output category. Businesses could select more than one option. Coverage includes Agriculture, Forestry and Fishing.",2024-25:6-2:5,data_2024-25/BCSDC06_2024–25.xlsx,Table 2,G24,9.9
edi,Operational systems,2024-25,2024–25,Industry,"Rental, Hiring and Real Estate Services",All businesses,6.8,published,,%,C,2024-25,"Proportions are of all businesses in each output category. Businesses could select more than one option. Coverage includes Agriculture, Forestry and Fishing.",2024-25:6-2:5,data_2024-25/BCSDC06_2024–25.xlsx,Table 2,G25,6.8
edi,Operational systems,2024-25,2024–25,Industry,"Professional, Scientific and Technical Services",All businesses,6.1,published,,%,C,2024-25,"Proportions are of all businesses in each output category. Businesses could select more than one option. Coverage includes Agriculture, Forestry and Fishing.",2024-25:6-2:5,data_2024-25/BCSDC06_2024–25.xlsx,Table 2,G26,6.1
edi,Operational systems,2024-25,2024–25,Industry,Administrative and Support Services,All businesses,9.6,published,,%,C,2024-25,"Proportions are of all businesses in each output category. Businesses could select more than one option. Coverage includes Agriculture, Forestry and Fishing.",2024-25:6-2:5,data_2024-25/BCSDC06_2024–25.xlsx,Table 2,G27,9.6
edi,Operational systems,2024-25,2024–25,Industry,Health Care and Social Assistance,All businesses,10.1,published,,%,C,2024-25,"Proportions are of all businesses in each output category. Businesses could select more than one option. Coverage includes Agriculture, Forestry and Fishing.",2024-25:6-2:5,data_2024-25/BCSDC06_2024–25.xlsx,Table 2,G28,10.1
edi,Operational systems,2024-25,2024–25,Industry,Arts and Recreation Services,All businesses,5.1,published,,%,C,2024-25,"Proportions are of all businesses in each output category. Businesses could select more than one option. Coverage includes Agriculture, Forestry and Fishing.",2024-25:6-2:5,data_2024-25/BCSDC06_2024–25.xlsx,Table 2,G29,5.1
edi,Operational systems,2024-25,2024–25,Industry,Other Services,All businesses,6.5,published,,%,C,2024-25,"Proportions are of all businesses in each output category. Businesses could select more than one option. Coverage includes Agriculture, Forestry and Fishing.",2024-25:6-2:5,data_2024-25/BCSDC06_2024–25.xlsx,Table 2,G30,6.5
iot,Advanced technologies,2024-25,2024–25,Overall,Total,All businesses,7.6,published,,%,C,2024-25,"Proportions are of all businesses in each output category. Businesses could select more than one option. Coverage includes Agriculture, Forestry and Fishing.",2024-25:6-2:6,data_2024-25/BCSDC06_2024–25.xlsx,Table 2,H7,7.6
iot,Advanced technologies,2024-25,2024–25,Employment size,0–4 persons,All businesses,5.7,published,,%,C,2024-25,"Proportions are of all businesses in each output category. Businesses could select more than one option. Coverage includes Agriculture, Forestry and Fishing.",2024-25:6-2:6,data_2024-25/BCSDC06_2024–25.xlsx,Table 2,H9,5.7
iot,Advanced technologies,2024-25,2024–25,Employment size,5–19 persons,All businesses,9.5,published,,%,C,2024-25,"Proportions are of all businesses in each output category. Businesses could select more than one option. Coverage includes Agriculture, Forestry and Fishing.",2024-25:6-2:6,data_2024-25/BCSDC06_2024–25.xlsx,Table 2,H10,9.5
iot,Advanced technologies,2024-25,2024–25,Employment size,20–199 persons,All businesses,14.5,published,,%,C,2024-25,"Proportions are of all businesses in each output category. Businesses could select more than one option. Coverage includes Agriculture, Forestry and Fishing.",2024-25:6-2:6,data_2024-25/BCSDC06_2024–25.xlsx,Table 2,H11,14.5
iot,Advanced technologies,2024-25,2024–25,Employment size,200 or more persons,All businesses,30.3,published,,%,C,2024-25,"Proportions are of all businesses in each output category. Businesses could select more than one option. Coverage includes Agriculture, Forestry and Fishing.",2024-25:6-2:6,data_2024-25/BCSDC06_2024–25.xlsx,Table 2,H12,30.3
iot,Advanced technologies,2024-25,2024–25,Industry,"Agriculture, Forestry and Fishing",All businesses,14.8,published,,%,C,2024-25,"Proportions are of all businesses in each output category. Businesses could select more than one option. Coverage includes Agriculture, Forestry and Fishing.",2024-25:6-2:6,data_2024-25/BCSDC06_2024–25.xlsx,Table 2,H14,14.8
iot,Advanced technologies,2024-25,2024–25,Industry,Mining,All businesses,14.1,published,,%,C,2024-25,"Proportions are of all businesses in each output category. Businesses could select more than one option. Coverage includes Agriculture, Forestry and Fishing.",2024-25:6-2:6,data_2024-25/BCSDC06_2024–25.xlsx,Table 2,H15,14.1
iot,Advanced technologies,2024-25,2024–25,Industry,Manufacturing,All businesses,8.5,published,,%,C,2024-25,"Proportions are of all businesses in each output category. Businesses could select more than one option. Coverage includes Agriculture, Forestry and Fishing.",2024-25:6-2:6,data_2024-25/BCSDC06_2024–25.xlsx,Table 2,H16,8.5
iot,Advanced technologies,2024-25,2024–25,Industry,"Electricity, Gas, Water and Waste Services",All businesses,16.3,published,,%,C,2024-25,"Proportions are of all businesses in each output category. Businesses could select more than one option. Coverage includes Agriculture, Forestry and Fishing.",2024-25:6-2:6,data_2024-25/BCSDC06_2024–25.xlsx,Table 2,H17,16.3
iot,Advanced technologies,2024-25,2024–25,Industry,Construction,All businesses,7.2,published,,%,C,2024-25,"Proportions are of all businesses in each output category. Businesses could select more than one option. Coverage includes Agriculture, Forestry and Fishing.",2024-25:6-2:6,data_2024-25/BCSDC06_2024–25.xlsx,Table 2,H18,7.2
iot,Advanced technologies,2024-25,2024–25,Industry,Wholesale Trade,All businesses,10.3,published,,%,C,2024-25,"Proportions are of all businesses in each output category. Businesses could select more than one option. Coverage includes Agriculture, Forestry and Fishing.",2024-25:6-2:6,data_2024-25/BCSDC06_2024–25.xlsx,Table 2,H19,10.3
iot,Advanced technologies,2024-25,2024–25,Industry,Retail Trade,All businesses,6.6,published,,%,C,2024-25,"Proportions are of all businesses in each output category. Businesses could select more than one option. Coverage includes Agriculture, Forestry and Fishing.",2024-25:6-2:6,data_2024-25/BCSDC06_2024–25.xlsx,Table 2,H20,6.6
iot,Advanced technologies,2024-25,2024–25,Industry,Accommodation and Food Services,All businesses,11.2,published,,%,C,2024-25,"Proportions are of all businesses in each output category. Businesses could select more than one option. Coverage includes Agriculture, Forestry and Fishing.",2024-25:6-2:6,data_2024-25/BCSDC06_2024–25.xlsx,Table 2,H21,11.2
iot,Advanced technologies,2024-25,2024–25,Industry,"Transport, Postal and Warehousing",All businesses,9,published,,%,C,2024-25,"Proportions are of all businesses in each output category. Businesses could select more than one option. Coverage includes Agriculture, Forestry and Fishing.",2024-25:6-2:6,data_2024-25/BCSDC06_2024–25.xlsx,Table 2,H22,9
iot,Advanced technologies,2024-25,2024–25,Industry,Information Media and Telecommunications,All businesses,13,published,,%,C,2024-25,"Proportions are of all businesses in each output category. Businesses could select more than one option. Coverage includes Agriculture, Forestry and Fishing.",2024-25:6-2:6,data_2024-25/BCSDC06_2024–25.xlsx,Table 2,H23,13
iot,Advanced technologies,2024-25,2024–25,Industry,Financial and Insurance Services,All businesses,5.6,published,,%,C,2024-25,"Proportions are of all businesses in each output category. Businesses could select more than one option. Coverage includes Agriculture, Forestry and Fishing.",2024-25:6-2:6,data_2024-25/BCSDC06_2024–25.xlsx,Table 2,H24,5.6
iot,Advanced technologies,2024-25,2024–25,Industry,"Rental, Hiring and Real Estate Services",All businesses,4.9,published,,%,C,2024-25,"Proportions are of all businesses in each output category. Businesses could select more than one option. Coverage includes Agriculture, Forestry and Fishing.",2024-25:6-2:6,data_2024-25/BCSDC06_2024–25.xlsx,Table 2,H25,4.9
iot,Advanced technologies,2024-25,2024–25,Industry,"Professional, Scientific and Technical Services",All businesses,7.9,published,,%,C,2024-25,"Proportions are of all businesses in each output category. Businesses could select more than one option. Coverage includes Agriculture, Forestry and Fishing.",2024-25:6-2:6,data_2024-25/BCSDC06_2024–25.xlsx,Table 2,H26,7.9
iot,Advanced technologies,2024-25,2024–25,Industry,Administrative and Support Services,All businesses,4.4,published,,%,C,2024-25,"Proportions are of all businesses in each output category. Businesses could select more than one option. Coverage includes Agriculture, Forestry and Fishing.",2024-25:6-2:6,data_2024-25/BCSDC06_2024–25.xlsx,Table 2,H27,4.4
iot,Advanced technologies,2024-25,2024–25,Industry,Health Care and Social Assistance,All businesses,4.4,published,,%,C,2024-25,"Proportions are of all businesses in each output category. Businesses could select more than one option. Coverage includes Agriculture, Forestry and Fishing.",2024-25:6-2:6,data_2024-25/BCSDC06_2024–25.xlsx,Table 2,H28,4.4
iot,Advanced technologies,2024-25,2024–25,Industry,Arts and Recreation Services,All businesses,4.7,published,,%,C,2024-25,"Proportions are of all businesses in each output category. Businesses could select more than one option. Coverage includes Agriculture, Forestry and Fishing.",2024-25:6-2:6,data_2024-25/BCSDC06_2024–25.xlsx,Table 2,H29,4.7
iot,Advanced technologies,2024-25,2024–25,Industry,Other Services,All businesses,5.1,published,,%,C,2024-25,"Proportions are of all businesses in each output category. Businesses could select more than one option. Coverage includes Agriculture, Forestry and Fishing.",2024-25:6-2:6,data_2024-25/BCSDC06_2024–25.xlsx,Table 2,H30,5.1
analytics,Data capability,2024-25,2024–25,Overall,Total,All businesses,5.2,published,,%,C,2024-25,"Proportions are of all businesses in each output category. Businesses could select more than one option. Coverage includes Agriculture, Forestry and Fishing.",2024-25:6-2:7,data_2024-25/BCSDC06_2024–25.xlsx,Table 2,I7,5.2
analytics,Data capability,2024-25,2024–25,Employment size,0–4 persons,All businesses,3.3,published,,%,C,2024-25,"Proportions are of all businesses in each output category. Businesses could select more than one option. Coverage includes Agriculture, Forestry and Fishing.",2024-25:6-2:7,data_2024-25/BCSDC06_2024–25.xlsx,Table 2,I9,3.3
analytics,Data capability,2024-25,2024–25,Employment size,5–19 persons,All businesses,6.1,published,,%,C,2024-25,"Proportions are of all businesses in each output category. Businesses could select more than one option. Coverage includes Agriculture, Forestry and Fishing.",2024-25:6-2:7,data_2024-25/BCSDC06_2024–25.xlsx,Table 2,I10,6.1
analytics,Data capability,2024-25,2024–25,Employment size,20–199 persons,All businesses,16.7,published,,%,C,2024-25,"Proportions are of all businesses in each output category. Businesses could select more than one option. Coverage includes Agriculture, Forestry and Fishing.",2024-25:6-2:7,data_2024-25/BCSDC06_2024–25.xlsx,Table 2,I11,16.7
analytics,Data capability,2024-25,2024–25,Employment size,200 or more persons,All businesses,39.4,published,,%,C,2024-25,"Proportions are of all businesses in each output category. Businesses could select more than one option. Coverage includes Agriculture, Forestry and Fishing.",2024-25:6-2:7,data_2024-25/BCSDC06_2024–25.xlsx,Table 2,I12,39.4
analytics,Data capability,2024-25,2024–25,Industry,"Agriculture, Forestry and Fishing",All businesses,3.5,published,,%,C,2024-25,"Proportions are of all businesses in each output category. Businesses could select more than one option. Coverage includes Agriculture, Forestry and Fishing.",2024-25:6-2:7,data_2024-25/BCSDC06_2024–25.xlsx,Table 2,I14,3.5
analytics,Data capability,2024-25,2024–25,Industry,Mining,All businesses,17.4,published,,%,C,2024-25,"Proportions are of all businesses in each output category. Businesses could select more than one option. Coverage includes Agriculture, Forestry and Fishing.",2024-25:6-2:7,data_2024-25/BCSDC06_2024–25.xlsx,Table 2,I15,17.4
analytics,Data capability,2024-25,2024–25,Industry,Manufacturing,All businesses,2.6,published,,%,C,2024-25,"Proportions are of all businesses in each output category. Businesses could select more than one option. Coverage includes Agriculture, Forestry and Fishing.",2024-25:6-2:7,data_2024-25/BCSDC06_2024–25.xlsx,Table 2,I16,2.6
analytics,Data capability,2024-25,2024–25,Industry,"Electricity, Gas, Water and Waste Services",All businesses,12.5,published,,%,C,2024-25,"Proportions are of all businesses in each output category. Businesses could select more than one option. Coverage includes Agriculture, Forestry and Fishing.",2024-25:6-2:7,data_2024-25/BCSDC06_2024–25.xlsx,Table 2,I17,12.5
analytics,Data capability,2024-25,2024–25,Industry,Construction,All businesses,2.5,published,,%,C,2024-25,"Proportions are of all businesses in each output category. Businesses could select more than one option. Coverage includes Agriculture, Forestry and Fishing.",2024-25:6-2:7,data_2024-25/BCSDC06_2024–25.xlsx,Table 2,I18,2.5
analytics,Data capability,2024-25,2024–25,Industry,Wholesale Trade,All businesses,11.1,published,,%,C,2024-25,"Proportions are of all businesses in each output category. Businesses could select more than one option. Coverage includes Agriculture, Forestry and Fishing.",2024-25:6-2:7,data_2024-25/BCSDC06_2024–25.xlsx,Table 2,I19,11.1
analytics,Data capability,2024-25,2024–25,Industry,Retail Trade,All businesses,6.6,published,,%,C,2024-25,"Proportions are of all businesses in each output category. Businesses could select more than one option. Coverage includes Agriculture, Forestry and Fishing.",2024-25:6-2:7,data_2024-25/BCSDC06_2024–25.xlsx,Table 2,I20,6.6
analytics,Data capability,2024-25,2024–25,Industry,Accommodation and Food Services,All businesses,4.2,published,,%,C,2024-25,"Proportions are of all businesses in each output category. Businesses could select more than one option. Coverage includes Agriculture, Forestry and Fishing.",2024-25:6-2:7,data_2024-25/BCSDC06_2024–25.xlsx,Table 2,I21,4.2
analytics,Data capability,2024-25,2024–25,Industry,"Transport, Postal and Warehousing",All businesses,1.5,published,,%,C,2024-25,"Proportions are of all businesses in each output category. Businesses could select more than one option. Coverage includes Agriculture, Forestry and Fishing.",2024-25:6-2:7,data_2024-25/BCSDC06_2024–25.xlsx,Table 2,I22,1.5
analytics,Data capability,2024-25,2024–25,Industry,Information Media and Telecommunications,All businesses,12.2,published,,%,C,2024-25,"Proportions are of all businesses in each output category. Businesses could select more than one option. Coverage includes Agriculture, Forestry and Fishing.",2024-25:6-2:7,data_2024-25/BCSDC06_2024–25.xlsx,Table 2,I23,12.2
analytics,Data capability,2024-25,2024–25,Industry,Financial and Insurance Services,All businesses,9.2,published,,%,C,2024-25,"Proportions are of all businesses in each output category. Businesses could select more than one option. Coverage includes Agriculture, Forestry and Fishing.",2024-25:6-2:7,data_2024-25/BCSDC06_2024–25.xlsx,Table 2,I24,9.2
analytics,Data capability,2024-25,2024–25,Industry,"Rental, Hiring and Real Estate Services",All businesses,3.6,published,,%,C,2024-25,"Proportions are of all businesses in each output category. Businesses could select more than one option. Coverage includes Agriculture, Forestry and Fishing.",2024-25:6-2:7,data_2024-25/BCSDC06_2024–25.xlsx,Table 2,I25,3.6
analytics,Data capability,2024-25,2024–25,Industry,"Professional, Scientific and Technical Services",All businesses,8.2,published,,%,C,2024-25,"Proportions are of all businesses in each output category. Businesses could select more than one option. Coverage includes Agriculture, Forestry and Fishing.",2024-25:6-2:7,data_2024-25/BCSDC06_2024–25.xlsx,Table 2,I26,8.2
analytics,Data capability,2024-25,2024–25,Industry,Administrative and Support Services,All businesses,2.7,published,,%,C,2024-25,"Proportions are of all businesses in each output category. Businesses could select more than one option. Coverage includes Agriculture, Forestry and Fishing.",2024-25:6-2:7,data_2024-25/BCSDC06_2024–25.xlsx,Table 2,I27,2.7
analytics,Data capability,2024-25,2024–25,Industry,Health Care and Social Assistance,All businesses,5.7,published,,%,C,2024-25,"Proportions are of all businesses in each output category. Businesses could select more than one option. Coverage includes Agriculture, Forestry and Fishing.",2024-25:6-2:7,data_2024-25/BCSDC06_2024–25.xlsx,Table 2,I28,5.7
analytics,Data capability,2024-25,2024–25,Industry,Arts and Recreation Services,All businesses,6.1,published,,%,C,2024-25,"Proportions are of all businesses in each output category. Businesses could select more than one option. Coverage includes Agriculture, Forestry and Fishing.",2024-25:6-2:7,data_2024-25/BCSDC06_2024–25.xlsx,Table 2,I29,6.1
analytics,Data capability,2024-25,2024–25,Industry,Other Services,All businesses,5.6,published,,%,C,2024-25,"Proportions are of all businesses in each output category. Businesses could select more than one option. Coverage includes Agriculture, Forestry and Fishing.",2024-25:6-2:7,data_2024-25/BCSDC06_2024–25.xlsx,Table 2,I30,5.6
erp,Operational systems,2024-25,2024–25,Overall,Total,All businesses,2.9,published,,%,C,2024-25,"Proportions are of all businesses in each output category. Businesses could select more than one option. Coverage includes Agriculture, Forestry and Fishing.",2024-25:6-2:8,data_2024-25/BCSDC06_2024–25.xlsx,Table 2,J7,2.9
erp,Operational systems,2024-25,2024–25,Employment size,0–4 persons,All businesses,1.1,published,,%,C,2024-25,"Proportions are of all businesses in each output category. Businesses could select more than one option. Coverage includes Agriculture, Forestry and Fishing.",2024-25:6-2:8,data_2024-25/BCSDC06_2024–25.xlsx,Table 2,J9,1.1
erp,Operational systems,2024-25,2024–25,Employment size,5–19 persons,All businesses,3.1,published,,%,C,2024-25,"Proportions are of all businesses in each output category. Businesses could select more than one option. Coverage includes Agriculture, Forestry and Fishing.",2024-25:6-2:8,data_2024-25/BCSDC06_2024–25.xlsx,Table 2,J10,3.1
erp,Operational systems,2024-25,2024–25,Employment size,20–199 persons,All businesses,14.8,published,,%,C,2024-25,"Proportions are of all businesses in each output category. Businesses could select more than one option. Coverage includes Agriculture, Forestry and Fishing.",2024-25:6-2:8,data_2024-25/BCSDC06_2024–25.xlsx,Table 2,J11,14.8
erp,Operational systems,2024-25,2024–25,Employment size,200 or more persons,All businesses,44.6,published,,%,C,2024-25,"Proportions are of all businesses in each output category. Businesses could select more than one option. Coverage includes Agriculture, Forestry and Fishing.",2024-25:6-2:8,data_2024-25/BCSDC06_2024–25.xlsx,Table 2,J12,44.6
erp,Operational systems,2024-25,2024–25,Industry,"Agriculture, Forestry and Fishing",All businesses,1.3,published,,%,C,2024-25,"Proportions are of all businesses in each output category. Businesses could select more than one option. Coverage includes Agriculture, Forestry and Fishing.",2024-25:6-2:8,data_2024-25/BCSDC06_2024–25.xlsx,Table 2,J14,1.3
erp,Operational systems,2024-25,2024–25,Industry,Mining,All businesses,15.9,published,,%,C,2024-25,"Proportions are of all businesses in each output category. Businesses could select more than one option. Coverage includes Agriculture, Forestry and Fishing.",2024-25:6-2:8,data_2024-25/BCSDC06_2024–25.xlsx,Table 2,J15,15.9
erp,Operational systems,2024-25,2024–25,Industry,Manufacturing,All businesses,4.9,published,,%,C,2024-25,"Proportions are of all businesses in each output category. Businesses could select more than one option. Coverage includes Agriculture, Forestry and Fishing.",2024-25:6-2:8,data_2024-25/BCSDC06_2024–25.xlsx,Table 2,J16,4.9
erp,Operational systems,2024-25,2024–25,Industry,"Electricity, Gas, Water and Waste Services",All businesses,8.2,published,,%,C,2024-25,"Proportions are of all businesses in each output category. Businesses could select more than one option. Coverage includes Agriculture, Forestry and Fishing.",2024-25:6-2:8,data_2024-25/BCSDC06_2024–25.xlsx,Table 2,J17,8.2
erp,Operational systems,2024-25,2024–25,Industry,Construction,All businesses,0.8,published,,%,C,2024-25,"Proportions are of all businesses in each output category. Businesses could select more than one option. Coverage includes Agriculture, Forestry and Fishing.",2024-25:6-2:8,data_2024-25/BCSDC06_2024–25.xlsx,Table 2,J18,0.8
erp,Operational systems,2024-25,2024–25,Industry,Wholesale Trade,All businesses,10,published,,%,C,2024-25,"Proportions are of all businesses in each output category. Businesses could select more than one option. Coverage includes Agriculture, Forestry and Fishing.",2024-25:6-2:8,data_2024-25/BCSDC06_2024–25.xlsx,Table 2,J19,10
erp,Operational systems,2024-25,2024–25,Industry,Retail Trade,All businesses,4.1,published,,%,C,2024-25,"Proportions are of all businesses in each output category. Businesses could select more than one option. Coverage includes Agriculture, Forestry and Fishing.",2024-25:6-2:8,data_2024-25/BCSDC06_2024–25.xlsx,Table 2,J20,4.1
erp,Operational systems,2024-25,2024–25,Industry,Accommodation and Food Services,All businesses,3.3,published,,%,C,2024-25,"Proportions are of all businesses in each output category. Businesses could select more than one option. Coverage includes Agriculture, Forestry and Fishing.",2024-25:6-2:8,data_2024-25/BCSDC06_2024–25.xlsx,Table 2,J21,3.3
erp,Operational systems,2024-25,2024–25,Industry,"Transport, Postal and Warehousing",All businesses,3.6,published,,%,C,2024-25,"Proportions are of all businesses in each output category. Businesses could select more than one option. Coverage includes Agriculture, Forestry and Fishing.",2024-25:6-2:8,data_2024-25/BCSDC06_2024–25.xlsx,Table 2,J22,3.6
erp,Operational systems,2024-25,2024–25,Industry,Information Media and Telecommunications,All businesses,4.3,published,,%,C,2024-25,"Proportions are of all businesses in each output category. Businesses could select more than one option. Coverage includes Agriculture, Forestry and Fishing.",2024-25:6-2:8,data_2024-25/BCSDC06_2024–25.xlsx,Table 2,J23,4.3
erp,Operational systems,2024-25,2024–25,Industry,Financial and Insurance Services,All businesses,5.1,published,,%,C,2024-25,"Proportions are of all businesses in each output category. Businesses could select more than one option. Coverage includes Agriculture, Forestry and Fishing.",2024-25:6-2:8,data_2024-25/BCSDC06_2024–25.xlsx,Table 2,J24,5.1
erp,Operational systems,2024-25,2024–25,Industry,"Rental, Hiring and Real Estate Services",All businesses,1.8,published,,%,C,2024-25,"Proportions are of all businesses in each output category. Businesses could select more than one option. Coverage includes Agriculture, Forestry and Fishing.",2024-25:6-2:8,data_2024-25/BCSDC06_2024–25.xlsx,Table 2,J25,1.8
erp,Operational systems,2024-25,2024–25,Industry,"Professional, Scientific and Technical Services",All businesses,3.9,published,,%,C,2024-25,"Proportions are of all businesses in each output category. Businesses could select more than one option. Coverage includes Agriculture, Forestry and Fishing.",2024-25:6-2:8,data_2024-25/BCSDC06_2024–25.xlsx,Table 2,J26,3.9
erp,Operational systems,2024-25,2024–25,Industry,Administrative and Support Services,All businesses,1.5,published,,%,C,2024-25,"Proportions are of all businesses in each output category. Businesses could select more than one option. Coverage includes Agriculture, Forestry and Fishing.",2024-25:6-2:8,data_2024-25/BCSDC06_2024–25.xlsx,Table 2,J27,1.5
erp,Operational systems,2024-25,2024–25,Industry,Health Care and Social Assistance,All businesses,1.2,published,,%,C,2024-25,"Proportions are of all businesses in each output category. Businesses could select more than one option. Coverage includes Agriculture, Forestry and Fishing.",2024-25:6-2:8,data_2024-25/BCSDC06_2024–25.xlsx,Table 2,J28,1.2
erp,Operational systems,2024-25,2024–25,Industry,Arts and Recreation Services,All businesses,0.9,published,,%,C,2024-25,"Proportions are of all businesses in each output category. Businesses could select more than one option. Coverage includes Agriculture, Forestry and Fishing.",2024-25:6-2:8,data_2024-25/BCSDC06_2024–25.xlsx,Table 2,J29,0.9
erp,Operational systems,2024-25,2024–25,Industry,Other Services,All businesses,2,published,,%,C,2024-25,"Proportions are of all businesses in each output category. Businesses could select more than one option. Coverage includes Agriculture, Forestry and Fishing.",2024-25:6-2:8,data_2024-25/BCSDC06_2024–25.xlsx,Table 2,J30,2
printing,Advanced technologies,2024-25,2024–25,Overall,Total,All businesses,2.1,published,,%,C,2024-25,"Proportions are of all businesses in each output category. Businesses could select more than one option. Coverage includes Agriculture, Forestry and Fishing.",2024-25:6-2:9,data_2024-25/BCSDC06_2024–25.xlsx,Table 2,K7,2.1
printing,Advanced technologies,2024-25,2024–25,Employment size,0–4 persons,All businesses,1.3,published,,%,C,2024-25,"Proportions are of all businesses in each output category. Businesses could select more than one option. Coverage includes Agriculture, Forestry and Fishing.",2024-25:6-2:9,data_2024-25/BCSDC06_2024–25.xlsx,Table 2,K9,1.3
printing,Advanced technologies,2024-25,2024–25,Employment size,5–19 persons,All businesses,3.3,published,,%,C,2024-25,"Proportions are of all businesses in each output category. Businesses could select more than one option. Coverage includes Agriculture, Forestry and Fishing.",2024-25:6-2:9,data_2024-25/BCSDC06_2024–25.xlsx,Table 2,K10,3.3
printing,Advanced technologies,2024-25,2024–25,Employment size,20–199 persons,All businesses,3.5,published,,%,C,2024-25,"Proportions are of all businesses in each output category. Businesses could select more than one option. Coverage includes Agriculture, Forestry and Fishing.",2024-25:6-2:9,data_2024-25/BCSDC06_2024–25.xlsx,Table 2,K11,3.5
printing,Advanced technologies,2024-25,2024–25,Employment size,200 or more persons,All businesses,6,published,,%,C,2024-25,"Proportions are of all businesses in each output category. Businesses could select more than one option. Coverage includes Agriculture, Forestry and Fishing.",2024-25:6-2:9,data_2024-25/BCSDC06_2024–25.xlsx,Table 2,K12,6
printing,Advanced technologies,2024-25,2024–25,Industry,"Agriculture, Forestry and Fishing",All businesses,0.6,published,,%,C,2024-25,"Proportions are of all businesses in each output category. Businesses could select more than one option. Coverage includes Agriculture, Forestry and Fishing.",2024-25:6-2:9,data_2024-25/BCSDC06_2024–25.xlsx,Table 2,K14,0.6
printing,Advanced technologies,2024-25,2024–25,Industry,Mining,All businesses,3.5,published,,%,C,2024-25,"Proportions are of all businesses in each output category. Businesses could select more than one option. Coverage includes Agriculture, Forestry and Fishing.",2024-25:6-2:9,data_2024-25/BCSDC06_2024–25.xlsx,Table 2,K15,3.5
printing,Advanced technologies,2024-25,2024–25,Industry,Manufacturing,All businesses,5.8,published,,%,C,2024-25,"Proportions are of all businesses in each output category. Businesses could select more than one option. Coverage includes Agriculture, Forestry and Fishing.",2024-25:6-2:9,data_2024-25/BCSDC06_2024–25.xlsx,Table 2,K16,5.8
printing,Advanced technologies,2024-25,2024–25,Industry,"Electricity, Gas, Water and Waste Services",All businesses,2.9,published,,%,C,2024-25,"Proportions are of all businesses in each output category. Businesses could select more than one option. Coverage includes Agriculture, Forestry and Fishing.",2024-25:6-2:9,data_2024-25/BCSDC06_2024–25.xlsx,Table 2,K17,2.9
printing,Advanced technologies,2024-25,2024–25,Industry,Construction,All businesses,1.5,published,,%,C,2024-25,"Proportions are of all businesses in each output category. Businesses could select more than one option. Coverage includes Agriculture, Forestry and Fishing.",2024-25:6-2:9,data_2024-25/BCSDC06_2024–25.xlsx,Table 2,K18,1.5
printing,Advanced technologies,2024-25,2024–25,Industry,Wholesale Trade,All businesses,4.5,published,,%,C,2024-25,"Proportions are of all businesses in each output category. Businesses could select more than one option. Coverage includes Agriculture, Forestry and Fishing.",2024-25:6-2:9,data_2024-25/BCSDC06_2024–25.xlsx,Table 2,K19,4.5
printing,Advanced technologies,2024-25,2024–25,Industry,Retail Trade,All businesses,2.5,published,,%,C,2024-25,"Proportions are of all businesses in each output category. Businesses could select more than one option. Coverage includes Agriculture, Forestry and Fishing.",2024-25:6-2:9,data_2024-25/BCSDC06_2024–25.xlsx,Table 2,K20,2.5
printing,Advanced technologies,2024-25,2024–25,Industry,Accommodation and Food Services,All businesses,2.8,published,,%,C,2024-25,"Proportions are of all businesses in each output category. Businesses could select more than one option. Coverage includes Agriculture, Forestry and Fishing.",2024-25:6-2:9,data_2024-25/BCSDC06_2024–25.xlsx,Table 2,K21,2.8
printing,Advanced technologies,2024-25,2024–25,Industry,"Transport, Postal and Warehousing",All businesses,1.4,published,,%,C,2024-25,"Proportions are of all businesses in each output category. Businesses could select more than one option. Coverage includes Agriculture, Forestry and Fishing.",2024-25:6-2:9,data_2024-25/BCSDC06_2024–25.xlsx,Table 2,K22,1.4
printing,Advanced technologies,2024-25,2024–25,Industry,Information Media and Telecommunications,All businesses,1.8,published,,%,C,2024-25,"Proportions are of all businesses in each output category. Businesses could select more than one option. Coverage includes Agriculture, Forestry and Fishing.",2024-25:6-2:9,data_2024-25/BCSDC06_2024–25.xlsx,Table 2,K23,1.8
printing,Advanced technologies,2024-25,2024–25,Industry,Financial and Insurance Services,All businesses,0.7,published,,%,C,2024-25,"Proportions are of all businesses in each output category. Businesses could select more than one option. Coverage includes Agriculture, Forestry and Fishing.",2024-25:6-2:9,data_2024-25/BCSDC06_2024–25.xlsx,Table 2,K24,0.7
printing,Advanced technologies,2024-25,2024–25,Industry,"Rental, Hiring and Real Estate Services",All businesses,,suppressed,not available for publication,%,C,2024-25,"Proportions are of all businesses in each output category. Businesses could select more than one option. Coverage includes Agriculture, Forestry and Fishing.",2024-25:6-2:9,data_2024-25/BCSDC06_2024–25.xlsx,Table 2,K25,np
printing,Advanced technologies,2024-25,2024–25,Industry,"Professional, Scientific and Technical Services",All businesses,2.6,published,,%,C,2024-25,"Proportions are of all businesses in each output category. Businesses could select more than one option. Coverage includes Agriculture, Forestry and Fishing.",2024-25:6-2:9,data_2024-25/BCSDC06_2024–25.xlsx,Table 2,K26,2.6
printing,Advanced technologies,2024-25,2024–25,Industry,Administrative and Support Services,All businesses,1.3,published,,%,C,2024-25,"Proportions are of all businesses in each output category. Businesses could select more than one option. Coverage includes Agriculture, Forestry and Fishing.",2024-25:6-2:9,data_2024-25/BCSDC06_2024–25.xlsx,Table 2,K27,1.3
printing,Advanced technologies,2024-25,2024–25,Industry,Health Care and Social Assistance,All businesses,2.4,published,,%,C,2024-25,"Proportions are of all businesses in each output category. Businesses could select more than one option. Coverage includes Agriculture, Forestry and Fishing.",2024-25:6-2:9,data_2024-25/BCSDC06_2024–25.xlsx,Table 2,K28,2.4
printing,Advanced technologies,2024-25,2024–25,Industry,Arts and Recreation Services,All businesses,2.3,published,,%,C,2024-25,"Proportions are of all businesses in each output category. Businesses could select more than one option. Coverage includes Agriculture, Forestry and Fishing.",2024-25:6-2:9,data_2024-25/BCSDC06_2024–25.xlsx,Table 2,K29,2.3
printing,Advanced technologies,2024-25,2024–25,Industry,Other Services,All businesses,0.8,published,,%,C,2024-25,"Proportions are of all businesses in each output category. Businesses could select more than one option. Coverage includes Agriculture, Forestry and Fishing.",2024-25:6-2:9,data_2024-25/BCSDC06_2024–25.xlsx,Table 2,K30,0.8
ai,Advanced technologies,2024-25,2024–25,Overall,Total,All businesses,12.1,published,,%,C,2024-25,"Proportions are of all businesses in each output category. Businesses could select more than one option. Coverage includes Agriculture, Forestry and Fishing.",2024-25:6-2:10,data_2024-25/BCSDC06_2024–25.xlsx,Table 2,L7,12.1
ai,Advanced technologies,2024-25,2024–25,Employment size,0–4 persons,All businesses,10.7,published,,%,C,2024-25,"Proportions are of all businesses in each output category. Businesses could select more than one option. Coverage includes Agriculture, Forestry and Fishing.",2024-25:6-2:10,data_2024-25/BCSDC06_2024–25.xlsx,Table 2,L9,10.7
ai,Advanced technologies,2024-25,2024–25,Employment size,5–19 persons,All businesses,12.3,published,,%,C,2024-25,"Proportions are of all businesses in each output category. Businesses could select more than one option. Coverage includes Agriculture, Forestry and Fishing.",2024-25:6-2:10,data_2024-25/BCSDC06_2024–25.xlsx,Table 2,L10,12.3
ai,Advanced technologies,2024-25,2024–25,Employment size,20–199 persons,All businesses,22.3,published,,%,C,2024-25,"Proportions are of all businesses in each output category. Businesses could select more than one option. Coverage includes Agriculture, Forestry and Fishing.",2024-25:6-2:10,data_2024-25/BCSDC06_2024–25.xlsx,Table 2,L11,22.3
ai,Advanced technologies,2024-25,2024–25,Employment size,200 or more persons,All businesses,34.7,published,,%,C,2024-25,"Proportions are of all businesses in each output category. Businesses could select more than one option. Coverage includes Agriculture, Forestry and Fishing.",2024-25:6-2:10,data_2024-25/BCSDC06_2024–25.xlsx,Table 2,L12,34.7
ai,Advanced technologies,2024-25,2024–25,Industry,"Agriculture, Forestry and Fishing",All businesses,2.8,published,,%,C,2024-25,"Proportions are of all businesses in each output category. Businesses could select more than one option. Coverage includes Agriculture, Forestry and Fishing.",2024-25:6-2:10,data_2024-25/BCSDC06_2024–25.xlsx,Table 2,L14,2.8
ai,Advanced technologies,2024-25,2024–25,Industry,Mining,All businesses,17.8,published,,%,C,2024-25,"Proportions are of all businesses in each output category. Businesses could select more than one option. Coverage includes Agriculture, Forestry and Fishing.",2024-25:6-2:10,data_2024-25/BCSDC06_2024–25.xlsx,Table 2,L15,17.8
ai,Advanced technologies,2024-25,2024–25,Industry,Manufacturing,All businesses,9.3,published,,%,C,2024-25,"Proportions are of all businesses in each output category. Businesses could select more than one option. Coverage includes Agriculture, Forestry and Fishing.",2024-25:6-2:10,data_2024-25/BCSDC06_2024–25.xlsx,Table 2,L16,9.3
ai,Advanced technologies,2024-25,2024–25,Industry,"Electricity, Gas, Water and Waste Services",All businesses,15.4,published,,%,C,2024-25,"Proportions are of all businesses in each output category. Businesses could select more than one option. Coverage includes Agriculture, Forestry and Fishing.",2024-25:6-2:10,data_2024-25/BCSDC06_2024–25.xlsx,Table 2,L17,15.4
ai,Advanced technologies,2024-25,2024–25,Industry,Construction,All businesses,6.4,published,,%,C,2024-25,"Proportions are of all businesses in each output category. Businesses could select more than one option. Coverage includes Agriculture, Forestry and Fishing.",2024-25:6-2:10,data_2024-25/BCSDC06_2024–25.xlsx,Table 2,L18,6.4
ai,Advanced technologies,2024-25,2024–25,Industry,Wholesale Trade,All businesses,13.9,published,,%,C,2024-25,"Proportions are of all businesses in each output category. Businesses could select more than one option. Coverage includes Agriculture, Forestry and Fishing.",2024-25:6-2:10,data_2024-25/BCSDC06_2024–25.xlsx,Table 2,L19,13.9
ai,Advanced technologies,2024-25,2024–25,Industry,Retail Trade,All businesses,9.2,published,,%,C,2024-25,"Proportions are of all businesses in each output category. Businesses could select more than one option. Coverage includes Agriculture, Forestry and Fishing.",2024-25:6-2:10,data_2024-25/BCSDC06_2024–25.xlsx,Table 2,L20,9.2
ai,Advanced technologies,2024-25,2024–25,Industry,Accommodation and Food Services,All businesses,5.2,published,,%,C,2024-25,"Proportions are of all businesses in each output category. Businesses could select more than one option. Coverage includes Agriculture, Forestry and Fishing.",2024-25:6-2:10,data_2024-25/BCSDC06_2024–25.xlsx,Table 2,L21,5.2
ai,Advanced technologies,2024-25,2024–25,Industry,"Transport, Postal and Warehousing",All businesses,1,published,,%,C,2024-25,"Proportions are of all businesses in each output category. Businesses could select more than one option. Coverage includes Agriculture, Forestry and Fishing.",2024-25:6-2:10,data_2024-25/BCSDC06_2024–25.xlsx,Table 2,L22,1
ai,Advanced technologies,2024-25,2024–25,Industry,Information Media and Telecommunications,All businesses,38.1,published,,%,C,2024-25,"Proportions are of all businesses in each output category. Businesses could select more than one option. Coverage includes Agriculture, Forestry and Fishing.",2024-25:6-2:10,data_2024-25/BCSDC06_2024–25.xlsx,Table 2,L23,38.1
ai,Advanced technologies,2024-25,2024–25,Industry,Financial and Insurance Services,All businesses,24.1,published,,%,C,2024-25,"Proportions are of all businesses in each output category. Businesses could select more than one option. Coverage includes Agriculture, Forestry and Fishing.",2024-25:6-2:10,data_2024-25/BCSDC06_2024–25.xlsx,Table 2,L24,24.1
ai,Advanced technologies,2024-25,2024–25,Industry,"Rental, Hiring and Real Estate Services",All businesses,11,published,,%,C,2024-25,"Proportions are of all businesses in each output category. Businesses could select more than one option. Coverage includes Agriculture, Forestry and Fishing.",2024-25:6-2:10,data_2024-25/BCSDC06_2024–25.xlsx,Table 2,L25,11
ai,Advanced technologies,2024-25,2024–25,Industry,"Professional, Scientific and Technical Services",All businesses,24.1,published,,%,C,2024-25,"Proportions are of all businesses in each output category. Businesses could select more than one option. Coverage includes Agriculture, Forestry and Fishing.",2024-25:6-2:10,data_2024-25/BCSDC06_2024–25.xlsx,Table 2,L26,24.1
ai,Advanced technologies,2024-25,2024–25,Industry,Administrative and Support Services,All businesses,12.4,published,,%,C,2024-25,"Proportions are of all businesses in each output category. Businesses could select more than one option. Coverage includes Agriculture, Forestry and Fishing.",2024-25:6-2:10,data_2024-25/BCSDC06_2024–25.xlsx,Table 2,L27,12.4
ai,Advanced technologies,2024-25,2024–25,Industry,Health Care and Social Assistance,All businesses,17.4,published,,%,C,2024-25,"Proportions are of all businesses in each output category. Businesses could select more than one option. Coverage includes Agriculture, Forestry and Fishing.",2024-25:6-2:10,data_2024-25/BCSDC06_2024–25.xlsx,Table 2,L28,17.4
ai,Advanced technologies,2024-25,2024–25,Industry,Arts and Recreation Services,All businesses,16.5,published,,%,C,2024-25,"Proportions are of all businesses in each output category. Businesses could select more than one option. Coverage includes Agriculture, Forestry and Fishing.",2024-25:6-2:10,data_2024-25/BCSDC06_2024–25.xlsx,Table 2,L29,16.5
ai,Advanced technologies,2024-25,2024–25,Industry,Other Services,All businesses,8.6,published,,%,C,2024-25,"Proportions are of all businesses in each output category. Businesses could select more than one option. Coverage includes Agriculture, Forestry and Fishing.",2024-25:6-2:10,data_2024-25/BCSDC06_2024–25.xlsx,Table 2,L30,8.6
strategy,Digital management,2024-25,2024–25,Overall,Total,All businesses,9.8,published,,%,C,2024-25,"Proportions are of all businesses in each output category. Businesses could select more than one option. Coverage includes Agriculture, Forestry and Fishing.",2024-25:6-1:0,data_2024-25/BCSDC06_2024–25.xlsx,Table 1,B6,9.8
strategy,Digital management,2024-25,2024–25,Employment size,0–4 persons,All businesses,7.8,published,,%,C,2024-25,"Proportions are of all businesses in each output category. Businesses could select more than one option. Coverage includes Agriculture, Forestry and Fishing.",2024-25:6-1:0,data_2024-25/BCSDC06_2024–25.xlsx,Table 1,B8,7.8
strategy,Digital management,2024-25,2024–25,Employment size,5–19 persons,All businesses,9.9,published,,%,C,2024-25,"Proportions are of all businesses in each output category. Businesses could select more than one option. Coverage includes Agriculture, Forestry and Fishing.",2024-25:6-1:0,data_2024-25/BCSDC06_2024–25.xlsx,Table 1,B9,9.9
strategy,Digital management,2024-25,2024–25,Employment size,20–199 persons,All businesses,22.6,published,,%,C,2024-25,"Proportions are of all businesses in each output category. Businesses could select more than one option. Coverage includes Agriculture, Forestry and Fishing.",2024-25:6-1:0,data_2024-25/BCSDC06_2024–25.xlsx,Table 1,B10,22.6
strategy,Digital management,2024-25,2024–25,Employment size,200 or more persons,All businesses,52.9,published,,%,C,2024-25,"Proportions are of all businesses in each output category. Businesses could select more than one option. Coverage includes Agriculture, Forestry and Fishing.",2024-25:6-1:0,data_2024-25/BCSDC06_2024–25.xlsx,Table 1,B11,52.9
strategy,Digital management,2024-25,2024–25,Industry,"Agriculture, Forestry and Fishing",All businesses,1.9,published,,%,C,2024-25,"Proportions are of all businesses in each output category. Businesses could select more than one option. Coverage includes Agriculture, Forestry and Fishing.",2024-25:6-1:0,data_2024-25/BCSDC06_2024–25.xlsx,Table 1,B13,1.9
strategy,Digital management,2024-25,2024–25,Industry,Mining,All businesses,14.7,published,,%,C,2024-25,"Proportions are of all businesses in each output category. Businesses could select more than one option. Coverage includes Agriculture, Forestry and Fishing.",2024-25:6-1:0,data_2024-25/BCSDC06_2024–25.xlsx,Table 1,B14,14.7
strategy,Digital management,2024-25,2024–25,Industry,Manufacturing,All businesses,12,published,,%,C,2024-25,"Proportions are of all businesses in each output category. Businesses could select more than one option. Coverage includes Agriculture, Forestry and Fishing.",2024-25:6-1:0,data_2024-25/BCSDC06_2024–25.xlsx,Table 1,B15,12
strategy,Digital management,2024-25,2024–25,Industry,"Electricity, Gas, Water and Waste Services",All businesses,10.6,published,,%,C,2024-25,"Proportions are of all businesses in each output category. Businesses could select more than one option. Coverage includes Agriculture, Forestry and Fishing.",2024-25:6-1:0,data_2024-25/BCSDC06_2024–25.xlsx,Table 1,B16,10.6
strategy,Digital management,2024-25,2024–25,Industry,Construction,All businesses,3.9,published,,%,C,2024-25,"Proportions are of all businesses in each output category. Businesses could select more than one option. Coverage includes Agriculture, Forestry and Fishing.",2024-25:6-1:0,data_2024-25/BCSDC06_2024–25.xlsx,Table 1,B17,3.9
strategy,Digital management,2024-25,2024–25,Industry,Wholesale Trade,All businesses,17,published,,%,C,2024-25,"Proportions are of all businesses in each output category. Businesses could select more than one option. Coverage includes Agriculture, Forestry and Fishing.",2024-25:6-1:0,data_2024-25/BCSDC06_2024–25.xlsx,Table 1,B18,17
strategy,Digital management,2024-25,2024–25,Industry,Retail Trade,All businesses,13,published,,%,C,2024-25,"Proportions are of all businesses in each output category. Businesses could select more than one option. Coverage includes Agriculture, Forestry and Fishing.",2024-25:6-1:0,data_2024-25/BCSDC06_2024–25.xlsx,Table 1,B19,13
strategy,Digital management,2024-25,2024–25,Industry,Accommodation and Food Services,All businesses,11.2,published,,%,C,2024-25,"Proportions are of all businesses in each output category. Businesses could select more than one option. Coverage includes Agriculture, Forestry and Fishing.",2024-25:6-1:0,data_2024-25/BCSDC06_2024–25.xlsx,Table 1,B20,11.2
strategy,Digital management,2024-25,2024–25,Industry,"Transport, Postal and Warehousing",All businesses,3.1,published,,%,C,2024-25,"Proportions are of all businesses in each output category. Businesses could select more than one option. Coverage includes Agriculture, Forestry and Fishing.",2024-25:6-1:0,data_2024-25/BCSDC06_2024–25.xlsx,Table 1,B21,3.1
strategy,Digital management,2024-25,2024–25,Industry,Information Media and Telecommunications,All businesses,26.8,published,,%,C,2024-25,"Proportions are of all businesses in each output category. Businesses could select more than one option. Coverage includes Agriculture, Forestry and Fishing.",2024-25:6-1:0,data_2024-25/BCSDC06_2024–25.xlsx,Table 1,B22,26.8
strategy,Digital management,2024-25,2024–25,Industry,Financial and Insurance Services,All businesses,19.5,published,,%,C,2024-25,"Proportions are of all businesses in each output category. Businesses could select more than one option. Coverage includes Agriculture, Forestry and Fishing.",2024-25:6-1:0,data_2024-25/BCSDC06_2024–25.xlsx,Table 1,B23,19.5
strategy,Digital management,2024-25,2024–25,Industry,"Rental, Hiring and Real Estate Services",All businesses,12.2,published,,%,C,2024-25,"Proportions are of all businesses in each output category. Businesses could select more than one option. Coverage includes Agriculture, Forestry and Fishing.",2024-25:6-1:0,data_2024-25/BCSDC06_2024–25.xlsx,Table 1,B24,12.2
strategy,Digital management,2024-25,2024–25,Industry,"Professional, Scientific and Technical Services",All businesses,12.1,published,,%,C,2024-25,"Proportions are of all businesses in each output category. Businesses could select more than one option. Coverage includes Agriculture, Forestry and Fishing.",2024-25:6-1:0,data_2024-25/BCSDC06_2024–25.xlsx,Table 1,B25,12.1
strategy,Digital management,2024-25,2024–25,Industry,Administrative and Support Services,All businesses,12.4,published,,%,C,2024-25,"Proportions are of all businesses in each output category. Businesses could select more than one option. Coverage includes Agriculture, Forestry and Fishing.",2024-25:6-1:0,data_2024-25/BCSDC06_2024–25.xlsx,Table 1,B26,12.4
strategy,Digital management,2024-25,2024–25,Industry,Health Care and Social Assistance,All businesses,8.2,published,,%,C,2024-25,"Proportions are of all businesses in each output category. Businesses could select more than one option. Coverage includes Agriculture, Forestry and Fishing.",2024-25:6-1:0,data_2024-25/BCSDC06_2024–25.xlsx,Table 1,B27,8.2
strategy,Digital management,2024-25,2024–25,Industry,Arts and Recreation Services,All businesses,16.7,published,,%,C,2024-25,"Proportions are of all businesses in each output category. Businesses could select more than one option. Coverage includes Agriculture, Forestry and Fishing.",2024-25:6-1:0,data_2024-25/BCSDC06_2024–25.xlsx,Table 1,B28,16.7
strategy,Digital management,2024-25,2024–25,Industry,Other Services,All businesses,8.5,published,,%,C,2024-25,"Proportions are of all businesses in each output category. Businesses could select more than one option. Coverage includes Agriculture, Forestry and Fishing.",2024-25:6-1:0,data_2024-25/BCSDC06_2024–25.xlsx,Table 1,B29,8.5
measure,Digital management,2024-25,2024–25,Overall,Total,All businesses,7.2,published,,%,C,2024-25,"Proportions are of all businesses in each output category. Businesses could select more than one option. Coverage includes Agriculture, Forestry and Fishing.",2024-25:6-1:1,data_2024-25/BCSDC06_2024–25.xlsx,Table 1,C6,7.2
measure,Digital management,2024-25,2024–25,Employment size,0–4 persons,All businesses,4.9,published,,%,C,2024-25,"Proportions are of all businesses in each output category. Businesses could select more than one option. Coverage includes Agriculture, Forestry and Fishing.",2024-25:6-1:1,data_2024-25/BCSDC06_2024–25.xlsx,Table 1,C8,4.9
measure,Digital management,2024-25,2024–25,Employment size,5–19 persons,All businesses,9.6,published,,%,C,2024-25,"Proportions are of all businesses in each output category. Businesses could select more than one option. Coverage includes Agriculture, Forestry and Fishing.",2024-25:6-1:1,data_2024-25/BCSDC06_2024–25.xlsx,Table 1,C9,9.6
measure,Digital management,2024-25,2024–25,Employment size,20–199 persons,All businesses,15.8,published,,%,C,2024-25,"Proportions are of all businesses in each output category. Businesses could select more than one option. Coverage includes Agriculture, Forestry and Fishing.",2024-25:6-1:1,data_2024-25/BCSDC06_2024–25.xlsx,Table 1,C10,15.8
measure,Digital management,2024-25,2024–25,Employment size,200 or more persons,All businesses,32.6,published,,%,C,2024-25,"Proportions are of all businesses in each output category. Businesses could select more than one option. Coverage includes Agriculture, Forestry and Fishing.",2024-25:6-1:1,data_2024-25/BCSDC06_2024–25.xlsx,Table 1,C11,32.6
measure,Digital management,2024-25,2024–25,Industry,"Agriculture, Forestry and Fishing",All businesses,2.1,published,,%,C,2024-25,"Proportions are of all businesses in each output category. Businesses could select more than one option. Coverage includes Agriculture, Forestry and Fishing.",2024-25:6-1:1,data_2024-25/BCSDC06_2024–25.xlsx,Table 1,C13,2.1
measure,Digital management,2024-25,2024–25,Industry,Mining,All businesses,3.8,published,,%,C,2024-25,"Proportions are of all businesses in each output category. Businesses could select more than one option. Coverage includes Agriculture, Forestry and Fishing.",2024-25:6-1:1,data_2024-25/BCSDC06_2024–25.xlsx,Table 1,C14,3.8
measure,Digital management,2024-25,2024–25,Industry,Manufacturing,All businesses,9.2,published,,%,C,2024-25,"Proportions are of all businesses in each output category. Businesses could select more than one option. Coverage includes Agriculture, Forestry and Fishing.",2024-25:6-1:1,data_2024-25/BCSDC06_2024–25.xlsx,Table 1,C15,9.2
measure,Digital management,2024-25,2024–25,Industry,"Electricity, Gas, Water and Waste Services",All businesses,5.4,published,,%,C,2024-25,"Proportions are of all businesses in each output category. Businesses could select more than one option. Coverage includes Agriculture, Forestry and Fishing.",2024-25:6-1:1,data_2024-25/BCSDC06_2024–25.xlsx,Table 1,C16,5.4
measure,Digital management,2024-25,2024–25,Industry,Construction,All businesses,3.3,published,,%,C,2024-25,"Proportions are of all businesses in each output category. Businesses could select more than one option. Coverage includes Agriculture, Forestry and Fishing.",2024-25:6-1:1,data_2024-25/BCSDC06_2024–25.xlsx,Table 1,C17,3.3
measure,Digital management,2024-25,2024–25,Industry,Wholesale Trade,All businesses,8.7,published,,%,C,2024-25,"Proportions are of all businesses in each output category. Businesses could select more than one option. Coverage includes Agriculture, Forestry and Fishing.",2024-25:6-1:1,data_2024-25/BCSDC06_2024–25.xlsx,Table 1,C18,8.7
measure,Digital management,2024-25,2024–25,Industry,Retail Trade,All businesses,11.3,published,,%,C,2024-25,"Proportions are of all businesses in each output category. Businesses could select more than one option. Coverage includes Agriculture, Forestry and Fishing.",2024-25:6-1:1,data_2024-25/BCSDC06_2024–25.xlsx,Table 1,C19,11.3
measure,Digital management,2024-25,2024–25,Industry,Accommodation and Food Services,All businesses,13.2,published,,%,C,2024-25,"Proportions are of all businesses in each output category. Businesses could select more than one option. Coverage includes Agriculture, Forestry and Fishing.",2024-25:6-1:1,data_2024-25/BCSDC06_2024–25.xlsx,Table 1,C20,13.2
measure,Digital management,2024-25,2024–25,Industry,"Transport, Postal and Warehousing",All businesses,4.4,published,,%,C,2024-25,"Proportions are of all businesses in each output category. Businesses could select more than one option. Coverage includes Agriculture, Forestry and Fishing.",2024-25:6-1:1,data_2024-25/BCSDC06_2024–25.xlsx,Table 1,C21,4.4
measure,Digital management,2024-25,2024–25,Industry,Information Media and Telecommunications,All businesses,17.9,published,,%,C,2024-25,"Proportions are of all businesses in each output category. Businesses could select more than one option. Coverage includes Agriculture, Forestry and Fishing.",2024-25:6-1:1,data_2024-25/BCSDC06_2024–25.xlsx,Table 1,C22,17.9
measure,Digital management,2024-25,2024–25,Industry,Financial and Insurance Services,All businesses,9.5,published,,%,C,2024-25,"Proportions are of all businesses in each output category. Businesses could select more than one option. Coverage includes Agriculture, Forestry and Fishing.",2024-25:6-1:1,data_2024-25/BCSDC06_2024–25.xlsx,Table 1,C23,9.5
measure,Digital management,2024-25,2024–25,Industry,"Rental, Hiring and Real Estate Services",All businesses,7.2,published,,%,C,2024-25,"Proportions are of all businesses in each output category. Businesses could select more than one option. Coverage includes Agriculture, Forestry and Fishing.",2024-25:6-1:1,data_2024-25/BCSDC06_2024–25.xlsx,Table 1,C24,7.2
measure,Digital management,2024-25,2024–25,Industry,"Professional, Scientific and Technical Services",All businesses,5.6,published,,%,C,2024-25,"Proportions are of all businesses in each output category. Businesses could select more than one option. Coverage includes Agriculture, Forestry and Fishing.",2024-25:6-1:1,data_2024-25/BCSDC06_2024–25.xlsx,Table 1,C25,5.6
measure,Digital management,2024-25,2024–25,Industry,Administrative and Support Services,All businesses,10.5,published,,%,C,2024-25,"Proportions are of all businesses in each output category. Businesses could select more than one option. Coverage includes Agriculture, Forestry and Fishing.",2024-25:6-1:1,data_2024-25/BCSDC06_2024–25.xlsx,Table 1,C26,10.5
measure,Digital management,2024-25,2024–25,Industry,Health Care and Social Assistance,All businesses,7.1,published,,%,C,2024-25,"Proportions are of all businesses in each output category. Businesses could select more than one option. Coverage includes Agriculture, Forestry and Fishing.",2024-25:6-1:1,data_2024-25/BCSDC06_2024–25.xlsx,Table 1,C27,7.1
measure,Digital management,2024-25,2024–25,Industry,Arts and Recreation Services,All businesses,8.6,published,,%,C,2024-25,"Proportions are of all businesses in each output category. Businesses could select more than one option. Coverage includes Agriculture, Forestry and Fishing.",2024-25:6-1:1,data_2024-25/BCSDC06_2024–25.xlsx,Table 1,C28,8.6
measure,Digital management,2024-25,2024–25,Industry,Other Services,All businesses,6.9,published,,%,C,2024-25,"Proportions are of all businesses in each output category. Businesses could select more than one option. Coverage includes Agriculture, Forestry and Fishing.",2024-25:6-1:1,data_2024-25/BCSDC06_2024–25.xlsx,Table 1,C29,6.9
security,Digital management,2024-25,2024–25,Overall,Total,All businesses,15.6,published,,%,C,2024-25,"Proportions are of all businesses in each output category. Businesses could select more than one option. Coverage includes Agriculture, Forestry and Fishing.",2024-25:6-1:6,data_2024-25/BCSDC06_2024–25.xlsx,Table 1,H6,15.6
security,Digital management,2024-25,2024–25,Employment size,0–4 persons,All businesses,11.1,published,,%,C,2024-25,"Proportions are of all businesses in each output category. Businesses could select more than one option. Coverage includes Agriculture, Forestry and Fishing.",2024-25:6-1:6,data_2024-25/BCSDC06_2024–25.xlsx,Table 1,H8,11.1
security,Digital management,2024-25,2024–25,Employment size,5–19 persons,All businesses,18.1,published,,%,C,2024-25,"Proportions are of all businesses in each output category. Businesses could select more than one option. Coverage includes Agriculture, Forestry and Fishing.",2024-25:6-1:6,data_2024-25/BCSDC06_2024–25.xlsx,Table 1,H9,18.1
security,Digital management,2024-25,2024–25,Employment size,20–199 persons,All businesses,41,published,,%,C,2024-25,"Proportions are of all businesses in each output category. Businesses could select more than one option. Coverage includes Agriculture, Forestry and Fishing.",2024-25:6-1:6,data_2024-25/BCSDC06_2024–25.xlsx,Table 1,H10,41
security,Digital management,2024-25,2024–25,Employment size,200 or more persons,All businesses,63.3,published,,%,C,2024-25,"Proportions are of all businesses in each output category. Businesses could select more than one option. Coverage includes Agriculture, Forestry and Fishing.",2024-25:6-1:6,data_2024-25/BCSDC06_2024–25.xlsx,Table 1,H11,63.3
security,Digital management,2024-25,2024–25,Industry,"Agriculture, Forestry and Fishing",All businesses,11.3,published,,%,C,2024-25,"Proportions are of all businesses in each output category. Businesses could select more than one option. Coverage includes Agriculture, Forestry and Fishing.",2024-25:6-1:6,data_2024-25/BCSDC06_2024–25.xlsx,Table 1,H13,11.3
security,Digital management,2024-25,2024–25,Industry,Mining,All businesses,21.9,published,,%,C,2024-25,"Proportions are of all businesses in each output category. Businesses could select more than one option. Coverage includes Agriculture, Forestry and Fishing.",2024-25:6-1:6,data_2024-25/BCSDC06_2024–25.xlsx,Table 1,H14,21.9
security,Digital management,2024-25,2024–25,Industry,Manufacturing,All businesses,16.9,published,,%,C,2024-25,"Proportions are of all businesses in each output category. Businesses could select more than one option. Coverage includes Agriculture, Forestry and Fishing.",2024-25:6-1:6,data_2024-25/BCSDC06_2024–25.xlsx,Table 1,H15,16.9
security,Digital management,2024-25,2024–25,Industry,"Electricity, Gas, Water and Waste Services",All businesses,23.4,published,,%,C,2024-25,"Proportions are of all businesses in each output category. Businesses could select more than one option. Coverage includes Agriculture, Forestry and Fishing.",2024-25:6-1:6,data_2024-25/BCSDC06_2024–25.xlsx,Table 1,H16,23.4
security,Digital management,2024-25,2024–25,Industry,Construction,All businesses,10.8,published,,%,C,2024-25,"Proportions are of all businesses in each output category. Businesses could select more than one option. Coverage includes Agriculture, Forestry and Fishing.",2024-25:6-1:6,data_2024-25/BCSDC06_2024–25.xlsx,Table 1,H17,10.8
security,Digital management,2024-25,2024–25,Industry,Wholesale Trade,All businesses,19.7,published,,%,C,2024-25,"Proportions are of all businesses in each output category. Businesses could select more than one option. Coverage includes Agriculture, Forestry and Fishing.",2024-25:6-1:6,data_2024-25/BCSDC06_2024–25.xlsx,Table 1,H18,19.7
security,Digital management,2024-25,2024–25,Industry,Retail Trade,All businesses,11.6,published,,%,C,2024-25,"Proportions are of all businesses in each output category. Businesses could select more than one option. Coverage includes Agriculture, Forestry and Fishing.",2024-25:6-1:6,data_2024-25/BCSDC06_2024–25.xlsx,Table 1,H19,11.6
security,Digital management,2024-25,2024–25,Industry,Accommodation and Food Services,All businesses,12.9,published,,%,C,2024-25,"Proportions are of all businesses in each output category. Businesses could select more than one option. Coverage includes Agriculture, Forestry and Fishing.",2024-25:6-1:6,data_2024-25/BCSDC06_2024–25.xlsx,Table 1,H20,12.9
security,Digital management,2024-25,2024–25,Industry,"Transport, Postal and Warehousing",All businesses,6.1,published,,%,C,2024-25,"Proportions are of all businesses in each output category. Businesses could select more than one option. Coverage includes Agriculture, Forestry and Fishing.",2024-25:6-1:6,data_2024-25/BCSDC06_2024–25.xlsx,Table 1,H21,6.1
security,Digital management,2024-25,2024–25,Industry,Information Media and Telecommunications,All businesses,25,published,,%,C,2024-25,"Proportions are of all businesses in each output category. Businesses could select more than one option. Coverage includes Agriculture, Forestry and Fishing.",2024-25:6-1:6,data_2024-25/BCSDC06_2024–25.xlsx,Table 1,H22,25
security,Digital management,2024-25,2024–25,Industry,Financial and Insurance Services,All businesses,27.6,published,,%,C,2024-25,"Proportions are of all businesses in each output category. Businesses could select more than one option. Coverage includes Agriculture, Forestry and Fishing.",2024-25:6-1:6,data_2024-25/BCSDC06_2024–25.xlsx,Table 1,H23,27.6
security,Digital management,2024-25,2024–25,Industry,"Rental, Hiring and Real Estate Services",All businesses,16.8,published,,%,C,2024-25,"Proportions are of all businesses in each output category. Businesses could select more than one option. Coverage includes Agriculture, Forestry and Fishing.",2024-25:6-1:6,data_2024-25/BCSDC06_2024–25.xlsx,Table 1,H24,16.8
security,Digital management,2024-25,2024–25,Industry,"Professional, Scientific and Technical Services",All businesses,22.2,published,,%,C,2024-25,"Proportions are of all businesses in each output category. Businesses could select more than one option. Coverage includes Agriculture, Forestry and Fishing.",2024-25:6-1:6,data_2024-25/BCSDC06_2024–25.xlsx,Table 1,H25,22.2
security,Digital management,2024-25,2024–25,Industry,Administrative and Support Services,All businesses,19.9,published,,%,C,2024-25,"Proportions are of all businesses in each output category. Businesses could select more than one option. Coverage includes Agriculture, Forestry and Fishing.",2024-25:6-1:6,data_2024-25/BCSDC06_2024–25.xlsx,Table 1,H26,19.9
security,Digital management,2024-25,2024–25,Industry,Health Care and Social Assistance,All businesses,20.8,published,,%,C,2024-25,"Proportions are of all businesses in each output category. Businesses could select more than one option. Coverage includes Agriculture, Forestry and Fishing.",2024-25:6-1:6,data_2024-25/BCSDC06_2024–25.xlsx,Table 1,H27,20.8
security,Digital management,2024-25,2024–25,Industry,Arts and Recreation Services,All businesses,9.9,published,,%,C,2024-25,"Proportions are of all businesses in each output category. Businesses could select more than one option. Coverage includes Agriculture, Forestry and Fishing.",2024-25:6-1:6,data_2024-25/BCSDC06_2024–25.xlsx,Table 1,H28,9.9
security,Digital management,2024-25,2024–25,Industry,Other Services,All businesses,10.3,published,,%,C,2024-25,"Proportions are of all businesses in each output category. Businesses could select more than one option. Coverage includes Agriculture, Forestry and Fishing.",2024-25:6-1:6,data_2024-25/BCSDC06_2024–25.xlsx,Table 1,H29,10.3
collected,Data capability,2024-25,2024–25,Overall,Total,All businesses,9.8,published,,%,C,2024-25,"Proportions are of all businesses in each output category. Businesses could select more than one option. Coverage includes Agriculture, Forestry and Fishing.",2024-25:6-1:8,data_2024-25/BCSDC06_2024–25.xlsx,Table 1,J6,9.8
collected,Data capability,2024-25,2024–25,Employment size,0–4 persons,All businesses,5.8,published,,%,C,2024-25,"Proportions are of all businesses in each output category. Businesses could select more than one option. Coverage includes Agriculture, Forestry and Fishing.",2024-25:6-1:8,data_2024-25/BCSDC06_2024–25.xlsx,Table 1,J8,5.8
collected,Data capability,2024-25,2024–25,Employment size,5–19 persons,All businesses,13.7,published,,%,C,2024-25,"Proportions are of all businesses in each output category. Businesses could select more than one option. Coverage includes Agriculture, Forestry and Fishing.",2024-25:6-1:8,data_2024-25/BCSDC06_2024–25.xlsx,Table 1,J9,13.7
collected,Data capability,2024-25,2024–25,Employment size,20–199 persons,All businesses,26.1,published,,%,C,2024-25,"Proportions are of all businesses in each output category. Businesses could select more than one option. Coverage includes Agriculture, Forestry and Fishing.",2024-25:6-1:8,data_2024-25/BCSDC06_2024–25.xlsx,Table 1,J10,26.1
collected,Data capability,2024-25,2024–25,Employment size,200 or more persons,All businesses,52.9,published,,%,C,2024-25,"Proportions are of all businesses in each output category. Businesses could select more than one option. Coverage includes Agriculture, Forestry and Fishing.",2024-25:6-1:8,data_2024-25/BCSDC06_2024–25.xlsx,Table 1,J11,52.9
collected,Data capability,2024-25,2024–25,Industry,"Agriculture, Forestry and Fishing",All businesses,9.1,published,,%,C,2024-25,"Proportions are of all businesses in each output category. Businesses could select more than one option. Coverage includes Agriculture, Forestry and Fishing.",2024-25:6-1:8,data_2024-25/BCSDC06_2024–25.xlsx,Table 1,J13,9.1
collected,Data capability,2024-25,2024–25,Industry,Mining,All businesses,14.9,published,,%,C,2024-25,"Proportions are of all businesses in each output category. Businesses could select more than one option. Coverage includes Agriculture, Forestry and Fishing.",2024-25:6-1:8,data_2024-25/BCSDC06_2024–25.xlsx,Table 1,J14,14.9
collected,Data capability,2024-25,2024–25,Industry,Manufacturing,All businesses,12.4,published,,%,C,2024-25,"Proportions are of all businesses in each output category. Businesses could select more than one option. Coverage includes Agriculture, Forestry and Fishing.",2024-25:6-1:8,data_2024-25/BCSDC06_2024–25.xlsx,Table 1,J15,12.4
collected,Data capability,2024-25,2024–25,Industry,"Electricity, Gas, Water and Waste Services",All businesses,13.9,published,,%,C,2024-25,"Proportions are of all businesses in each output category. Businesses could select more than one option. Coverage includes Agriculture, Forestry and Fishing.",2024-25:6-1:8,data_2024-25/BCSDC06_2024–25.xlsx,Table 1,J16,13.9
collected,Data capability,2024-25,2024–25,Industry,Construction,All businesses,5.6,published,,%,C,2024-25,"Proportions are of all businesses in each output category. Businesses could select more than one option. Coverage includes Agriculture, Forestry and Fishing.",2024-25:6-1:8,data_2024-25/BCSDC06_2024–25.xlsx,Table 1,J17,5.6
collected,Data capability,2024-25,2024–25,Industry,Wholesale Trade,All businesses,13.1,published,,%,C,2024-25,"Proportions are of all businesses in each output category. Businesses could select more than one option. Coverage includes Agriculture, Forestry and Fishing.",2024-25:6-1:8,data_2024-25/BCSDC06_2024–25.xlsx,Table 1,J18,13.1
collected,Data capability,2024-25,2024–25,Industry,Retail Trade,All businesses,13.7,published,,%,C,2024-25,"Proportions are of all businesses in each output category. Businesses could select more than one option. Coverage includes Agriculture, Forestry and Fishing.",2024-25:6-1:8,data_2024-25/BCSDC06_2024–25.xlsx,Table 1,J19,13.7
collected,Data capability,2024-25,2024–25,Industry,Accommodation and Food Services,All businesses,11.5,published,,%,C,2024-25,"Proportions are of all businesses in each output category. Businesses could select more than one option. Coverage includes Agriculture, Forestry and Fishing.",2024-25:6-1:8,data_2024-25/BCSDC06_2024–25.xlsx,Table 1,J20,11.5
collected,Data capability,2024-25,2024–25,Industry,"Transport, Postal and Warehousing",All businesses,4.7,published,,%,C,2024-25,"Proportions are of all businesses in each output category. Businesses could select more than one option. Coverage includes Agriculture, Forestry and Fishing.",2024-25:6-1:8,data_2024-25/BCSDC06_2024–25.xlsx,Table 1,J21,4.7
collected,Data capability,2024-25,2024–25,Industry,Information Media and Telecommunications,All businesses,19.9,published,,%,C,2024-25,"Proportions are of all businesses in each output category. Businesses could select more than one option. Coverage includes Agriculture, Forestry and Fishing.",2024-25:6-1:8,data_2024-25/BCSDC06_2024–25.xlsx,Table 1,J22,19.9
collected,Data capability,2024-25,2024–25,Industry,Financial and Insurance Services,All businesses,16.9,published,,%,C,2024-25,"Proportions are of all businesses in each output category. Businesses could select more than one option. Coverage includes Agriculture, Forestry and Fishing.",2024-25:6-1:8,data_2024-25/BCSDC06_2024–25.xlsx,Table 1,J23,16.9
collected,Data capability,2024-25,2024–25,Industry,"Rental, Hiring and Real Estate Services",All businesses,6.6,published,,%,C,2024-25,"Proportions are of all businesses in each output category. Businesses could select more than one option. Coverage includes Agriculture, Forestry and Fishing.",2024-25:6-1:8,data_2024-25/BCSDC06_2024–25.xlsx,Table 1,J24,6.6
collected,Data capability,2024-25,2024–25,Industry,"Professional, Scientific and Technical Services",All businesses,10.1,published,,%,C,2024-25,"Proportions are of all businesses in each output category. Businesses could select more than one option. Coverage includes Agriculture, Forestry and Fishing.",2024-25:6-1:8,data_2024-25/BCSDC06_2024–25.xlsx,Table 1,J25,10.1
collected,Data capability,2024-25,2024–25,Industry,Administrative and Support Services,All businesses,10.7,published,,%,C,2024-25,"Proportions are of all businesses in each output category. Businesses could select more than one option. Coverage includes Agriculture, Forestry and Fishing.",2024-25:6-1:8,data_2024-25/BCSDC06_2024–25.xlsx,Table 1,J26,10.7
collected,Data capability,2024-25,2024–25,Industry,Health Care and Social Assistance,All businesses,11.3,published,,%,C,2024-25,"Proportions are of all businesses in each output category. Businesses could select more than one option. Coverage includes Agriculture, Forestry and Fishing.",2024-25:6-1:8,data_2024-25/BCSDC06_2024–25.xlsx,Table 1,J27,11.3
collected,Data capability,2024-25,2024–25,Industry,Arts and Recreation Services,All businesses,12,published,,%,C,2024-25,"Proportions are of all businesses in each output category. Businesses could select more than one option. Coverage includes Agriculture, Forestry and Fishing.",2024-25:6-1:8,data_2024-25/BCSDC06_2024–25.xlsx,Table 1,J28,12
collected,Data capability,2024-25,2024–25,Industry,Other Services,All businesses,8.1,published,,%,C,2024-25,"Proportions are of all businesses in each output category. Businesses could select more than one option. Coverage includes Agriculture, Forestry and Fishing.",2024-25:6-1:8,data_2024-25/BCSDC06_2024–25.xlsx,Table 1,J29,8.1
predictive,Data capability,2024-25,2024–25,Overall,Total,All businesses,5.6,published,,%,C,2024-25,"Proportions are of all businesses in each output category. Businesses could select more than one option. Coverage includes Agriculture, Forestry and Fishing.",2024-25:6-1:9,data_2024-25/BCSDC06_2024–25.xlsx,Table 1,K6,5.6
predictive,Data capability,2024-25,2024–25,Employment size,0–4 persons,All businesses,3.3,published,,%,C,2024-25,"Proportions are of all businesses in each output category. Businesses could select more than one option. Coverage includes Agriculture, Forestry and Fishing.",2024-25:6-1:9,data_2024-25/BCSDC06_2024–25.xlsx,Table 1,K8,3.3
predictive,Data capability,2024-25,2024–25,Employment size,5–19 persons,All businesses,6.8,published,,%,C,2024-25,"Proportions are of all businesses in each output category. Businesses could select more than one option. Coverage includes Agriculture, Forestry and Fishing.",2024-25:6-1:9,data_2024-25/BCSDC06_2024–25.xlsx,Table 1,K9,6.8
predictive,Data capability,2024-25,2024–25,Employment size,20–199 persons,All businesses,18.4,published,,%,C,2024-25,"Proportions are of all businesses in each output category. Businesses could select more than one option. Coverage includes Agriculture, Forestry and Fishing.",2024-25:6-1:9,data_2024-25/BCSDC06_2024–25.xlsx,Table 1,K10,18.4
predictive,Data capability,2024-25,2024–25,Employment size,200 or more persons,All businesses,34.6,published,,%,C,2024-25,"Proportions are of all businesses in each output category. Businesses could select more than one option. Coverage includes Agriculture, Forestry and Fishing.",2024-25:6-1:9,data_2024-25/BCSDC06_2024–25.xlsx,Table 1,K11,34.6
predictive,Data capability,2024-25,2024–25,Industry,"Agriculture, Forestry and Fishing",All businesses,5.7,published,,%,C,2024-25,"Proportions are of all businesses in each output category. Businesses could select more than one option. Coverage includes Agriculture, Forestry and Fishing.",2024-25:6-1:9,data_2024-25/BCSDC06_2024–25.xlsx,Table 1,K13,5.7
predictive,Data capability,2024-25,2024–25,Industry,Mining,All businesses,8.7,published,,%,C,2024-25,"Proportions are of all businesses in each output category. Businesses could select more than one option. Coverage includes Agriculture, Forestry and Fishing.",2024-25:6-1:9,data_2024-25/BCSDC06_2024–25.xlsx,Table 1,K14,8.7
predictive,Data capability,2024-25,2024–25,Industry,Manufacturing,All businesses,6.9,published,,%,C,2024-25,"Proportions are of all businesses in each output category. Businesses could select more than one option. Coverage includes Agriculture, Forestry and Fishing.",2024-25:6-1:9,data_2024-25/BCSDC06_2024–25.xlsx,Table 1,K15,6.9
predictive,Data capability,2024-25,2024–25,Industry,"Electricity, Gas, Water and Waste Services",All businesses,5.8,published,,%,C,2024-25,"Proportions are of all businesses in each output category. Businesses could select more than one option. Coverage includes Agriculture, Forestry and Fishing.",2024-25:6-1:9,data_2024-25/BCSDC06_2024–25.xlsx,Table 1,K16,5.8
predictive,Data capability,2024-25,2024–25,Industry,Construction,All businesses,3.3,published,,%,C,2024-25,"Proportions are of all businesses in each output category. Businesses could select more than one option. Coverage includes Agriculture, Forestry and Fishing.",2024-25:6-1:9,data_2024-25/BCSDC06_2024–25.xlsx,Table 1,K17,3.3
predictive,Data capability,2024-25,2024–25,Industry,Wholesale Trade,All businesses,10.4,published,,%,C,2024-25,"Proportions are of all businesses in each output category. Businesses could select more than one option. Coverage includes Agriculture, Forestry and Fishing.",2024-25:6-1:9,data_2024-25/BCSDC06_2024–25.xlsx,Table 1,K18,10.4
predictive,Data capability,2024-25,2024–25,Industry,Retail Trade,All businesses,7.9,published,,%,C,2024-25,"Proportions are of all businesses in each output category. Businesses could select more than one option. Coverage includes Agriculture, Forestry and Fishing.",2024-25:6-1:9,data_2024-25/BCSDC06_2024–25.xlsx,Table 1,K19,7.9
predictive,Data capability,2024-25,2024–25,Industry,Accommodation and Food Services,All businesses,6,published,,%,C,2024-25,"Proportions are of all businesses in each output category. Businesses could select more than one option. Coverage includes Agriculture, Forestry and Fishing.",2024-25:6-1:9,data_2024-25/BCSDC06_2024–25.xlsx,Table 1,K20,6
predictive,Data capability,2024-25,2024–25,Industry,"Transport, Postal and Warehousing",All businesses,5.6,published,,%,C,2024-25,"Proportions are of all businesses in each output category. Businesses could select more than one option. Coverage includes Agriculture, Forestry and Fishing.",2024-25:6-1:9,data_2024-25/BCSDC06_2024–25.xlsx,Table 1,K21,5.6
predictive,Data capability,2024-25,2024–25,Industry,Information Media and Telecommunications,All businesses,9.7,published,,%,C,2024-25,"Proportions are of all businesses in each output category. Businesses could select more than one option. Coverage includes Agriculture, Forestry and Fishing.",2024-25:6-1:9,data_2024-25/BCSDC06_2024–25.xlsx,Table 1,K22,9.7
predictive,Data capability,2024-25,2024–25,Industry,Financial and Insurance Services,All businesses,7,published,,%,C,2024-25,"Proportions are of all businesses in each output category. Businesses could select more than one option. Coverage includes Agriculture, Forestry and Fishing.",2024-25:6-1:9,data_2024-25/BCSDC06_2024–25.xlsx,Table 1,K23,7
predictive,Data capability,2024-25,2024–25,Industry,"Rental, Hiring and Real Estate Services",All businesses,4,published,,%,C,2024-25,"Proportions are of all businesses in each output category. Businesses could select more than one option. Coverage includes Agriculture, Forestry and Fishing.",2024-25:6-1:9,data_2024-25/BCSDC06_2024–25.xlsx,Table 1,K24,4
predictive,Data capability,2024-25,2024–25,Industry,"Professional, Scientific and Technical Services",All businesses,6.3,published,,%,C,2024-25,"Proportions are of all businesses in each output category. Businesses could select more than one option. Coverage includes Agriculture, Forestry and Fishing.",2024-25:6-1:9,data_2024-25/BCSDC06_2024–25.xlsx,Table 1,K25,6.3
predictive,Data capability,2024-25,2024–25,Industry,Administrative and Support Services,All businesses,4.8,published,,%,C,2024-25,"Proportions are of all businesses in each output category. Businesses could select more than one option. Coverage includes Agriculture, Forestry and Fishing.",2024-25:6-1:9,data_2024-25/BCSDC06_2024–25.xlsx,Table 1,K26,4.8
predictive,Data capability,2024-25,2024–25,Industry,Health Care and Social Assistance,All businesses,5.7,published,,%,C,2024-25,"Proportions are of all businesses in each output category. Businesses could select more than one option. Coverage includes Agriculture, Forestry and Fishing.",2024-25:6-1:9,data_2024-25/BCSDC06_2024–25.xlsx,Table 1,K27,5.7
predictive,Data capability,2024-25,2024–25,Industry,Arts and Recreation Services,All businesses,6.6,published,,%,C,2024-25,"Proportions are of all businesses in each output category. Businesses could select more than one option. Coverage includes Agriculture, Forestry and Fishing.",2024-25:6-1:9,data_2024-25/BCSDC06_2024–25.xlsx,Table 1,K28,6.6
predictive,Data capability,2024-25,2024–25,Industry,Other Services,All businesses,2.7,published,,%,C,2024-25,"Proportions are of all businesses in each output category. Businesses could select more than one option. Coverage includes Agriculture, Forestry and Fishing.",2024-25:6-1:9,data_2024-25/BCSDC06_2024–25.xlsx,Table 1,K29,2.7
customer,Digital value,2024-25,2024–25,Overall,Total,All businesses,33.8,published,,%,C,2024-25,"Proportions are of all businesses in each output category. Businesses could select more than one option. Coverage includes Agriculture, Forestry and Fishing.",2024-25:6-3:0,data_2024-25/BCSDC06_2024–25.xlsx,Table 3,B6,33.8
customer,Digital value,2024-25,2024–25,Employment size,0–4 persons,All businesses,28.1,published,,%,C,2024-25,"Proportions are of all businesses in each output category. Businesses could select more than one option. Coverage includes Agriculture, Forestry and Fishing.",2024-25:6-3:0,data_2024-25/BCSDC06_2024–25.xlsx,Table 3,B8,28.1
customer,Digital value,2024-25,2024–25,Employment size,5–19 persons,All businesses,40.8,published,,%,C,2024-25,"Proportions are of all businesses in each output category. Businesses could select more than one option. Coverage includes Agriculture, Forestry and Fishing.",2024-25:6-3:0,data_2024-25/BCSDC06_2024–25.xlsx,Table 3,B9,40.8
customer,Digital value,2024-25,2024–25,Employment size,20–199 persons,All businesses,52.7,published,,%,C,2024-25,"Proportions are of all businesses in each output category. Businesses could select more than one option. Coverage includes Agriculture, Forestry and Fishing.",2024-25:6-3:0,data_2024-25/BCSDC06_2024–25.xlsx,Table 3,B10,52.7
customer,Digital value,2024-25,2024–25,Employment size,200 or more persons,All businesses,63.8,published,,%,C,2024-25,"Proportions are of all businesses in each output category. Businesses could select more than one option. Coverage includes Agriculture, Forestry and Fishing.",2024-25:6-3:0,data_2024-25/BCSDC06_2024–25.xlsx,Table 3,B11,63.8
customer,Digital value,2024-25,2024–25,Industry,"Agriculture, Forestry and Fishing",All businesses,16.7,published,,%,C,2024-25,"Proportions are of all businesses in each output category. Businesses could select more than one option. Coverage includes Agriculture, Forestry and Fishing.",2024-25:6-3:0,data_2024-25/BCSDC06_2024–25.xlsx,Table 3,B13,16.7
customer,Digital value,2024-25,2024–25,Industry,Mining,All businesses,15.8,published,,%,C,2024-25,"Proportions are of all businesses in each output category. Businesses could select more than one option. Coverage includes Agriculture, Forestry and Fishing.",2024-25:6-3:0,data_2024-25/BCSDC06_2024–25.xlsx,Table 3,B14,15.8
customer,Digital value,2024-25,2024–25,Industry,Manufacturing,All businesses,40.5,published,,%,C,2024-25,"Proportions are of all businesses in each output category. Businesses could select more than one option. Coverage includes Agriculture, Forestry and Fishing.",2024-25:6-3:0,data_2024-25/BCSDC06_2024–25.xlsx,Table 3,B15,40.5
customer,Digital value,2024-25,2024–25,Industry,"Electricity, Gas, Water and Waste Services",All businesses,34.3,published,,%,C,2024-25,"Proportions are of all businesses in each output category. Businesses could select more than one option. Coverage includes Agriculture, Forestry and Fishing.",2024-25:6-3:0,data_2024-25/BCSDC06_2024–25.xlsx,Table 3,B16,34.3
customer,Digital value,2024-25,2024–25,Industry,Construction,All businesses,24.8,published,,%,C,2024-25,"Proportions are of all businesses in each output category. Businesses could select more than one option. Coverage includes Agriculture, Forestry and Fishing.",2024-25:6-3:0,data_2024-25/BCSDC06_2024–25.xlsx,Table 3,B17,24.8
customer,Digital value,2024-25,2024–25,Industry,Wholesale Trade,All businesses,41.5,published,,%,C,2024-25,"Proportions are of all businesses in each output category. Businesses could select more than one option. Coverage includes Agriculture, Forestry and Fishing.",2024-25:6-3:0,data_2024-25/BCSDC06_2024–25.xlsx,Table 3,B18,41.5
customer,Digital value,2024-25,2024–25,Industry,Retail Trade,All businesses,44,published,,%,C,2024-25,"Proportions are of all businesses in each output category. Businesses could select more than one option. Coverage includes Agriculture, Forestry and Fishing.",2024-25:6-3:0,data_2024-25/BCSDC06_2024–25.xlsx,Table 3,B19,44
customer,Digital value,2024-25,2024–25,Industry,Accommodation and Food Services,All businesses,33.4,published,,%,C,2024-25,"Proportions are of all businesses in each output category. Businesses could select more than one option. Coverage includes Agriculture, Forestry and Fishing.",2024-25:6-3:0,data_2024-25/BCSDC06_2024–25.xlsx,Table 3,B20,33.4
customer,Digital value,2024-25,2024–25,Industry,"Transport, Postal and Warehousing",All businesses,21.7,published,,%,C,2024-25,"Proportions are of all businesses in each output category. Businesses could select more than one option. Coverage includes Agriculture, Forestry and Fishing.",2024-25:6-3:0,data_2024-25/BCSDC06_2024–25.xlsx,Table 3,B21,21.7
customer,Digital value,2024-25,2024–25,Industry,Information Media and Telecommunications,All businesses,40.9,published,,%,C,2024-25,"Proportions are of all businesses in each output category. Businesses could select more than one option. Coverage includes Agriculture, Forestry and Fishing.",2024-25:6-3:0,data_2024-25/BCSDC06_2024–25.xlsx,Table 3,B22,40.9
customer,Digital value,2024-25,2024–25,Industry,Financial and Insurance Services,All businesses,44.4,published,,%,C,2024-25,"Proportions are of all businesses in each output category. Businesses could select more than one option. Coverage includes Agriculture, Forestry and Fishing.",2024-25:6-3:0,data_2024-25/BCSDC06_2024–25.xlsx,Table 3,B23,44.4
customer,Digital value,2024-25,2024–25,Industry,"Rental, Hiring and Real Estate Services",All businesses,33.3,published,,%,C,2024-25,"Proportions are of all businesses in each output category. Businesses could select more than one option. Coverage includes Agriculture, Forestry and Fishing.",2024-25:6-3:0,data_2024-25/BCSDC06_2024–25.xlsx,Table 3,B24,33.3
customer,Digital value,2024-25,2024–25,Industry,"Professional, Scientific and Technical Services",All businesses,37.5,published,,%,C,2024-25,"Proportions are of all businesses in each output category. Businesses could select more than one option. Coverage includes Agriculture, Forestry and Fishing.",2024-25:6-3:0,data_2024-25/BCSDC06_2024–25.xlsx,Table 3,B25,37.5
customer,Digital value,2024-25,2024–25,Industry,Administrative and Support Services,All businesses,37.3,published,,%,C,2024-25,"Proportions are of all businesses in each output category. Businesses could select more than one option. Coverage includes Agriculture, Forestry and Fishing.",2024-25:6-3:0,data_2024-25/BCSDC06_2024–25.xlsx,Table 3,B26,37.3
customer,Digital value,2024-25,2024–25,Industry,Health Care and Social Assistance,All businesses,36.4,published,,%,C,2024-25,"Proportions are of all businesses in each output category. Businesses could select more than one option. Coverage includes Agriculture, Forestry and Fishing.",2024-25:6-3:0,data_2024-25/BCSDC06_2024–25.xlsx,Table 3,B27,36.4
customer,Digital value,2024-25,2024–25,Industry,Arts and Recreation Services,All businesses,49.3,published,,%,C,2024-25,"Proportions are of all businesses in each output category. Businesses could select more than one option. Coverage includes Agriculture, Forestry and Fishing.",2024-25:6-3:0,data_2024-25/BCSDC06_2024–25.xlsx,Table 3,B28,49.3
customer,Digital value,2024-25,2024–25,Industry,Other Services,All businesses,32.6,published,,%,C,2024-25,"Proportions are of all businesses in each output category. Businesses could select more than one option. Coverage includes Agriculture, Forestry and Fishing.",2024-25:6-3:0,data_2024-25/BCSDC06_2024–25.xlsx,Table 3,B29,32.6
workflow,Digital value,2024-25,2024–25,Overall,Total,All businesses,19.8,published,,%,C,2024-25,"Proportions are of all businesses in each output category. Businesses could select more than one option. Coverage includes Agriculture, Forestry and Fishing.",2024-25:6-3:5,data_2024-25/BCSDC06_2024–25.xlsx,Table 3,G6,19.8
workflow,Digital value,2024-25,2024–25,Employment size,0–4 persons,All businesses,14.9,published,,%,C,2024-25,"Proportions are of all businesses in each output category. Businesses could select more than one option. Coverage includes Agriculture, Forestry and Fishing.",2024-25:6-3:5,data_2024-25/BCSDC06_2024–25.xlsx,Table 3,G8,14.9
workflow,Digital value,2024-25,2024–25,Employment size,5–19 persons,All businesses,25.5,published,,%,C,2024-25,"Proportions are of all businesses in each output category. Businesses could select more than one option. Coverage includes Agriculture, Forestry and Fishing.",2024-25:6-3:5,data_2024-25/BCSDC06_2024–25.xlsx,Table 3,G9,25.5
workflow,Digital value,2024-25,2024–25,Employment size,20–199 persons,All businesses,37.2,published,,%,C,2024-25,"Proportions are of all businesses in each output category. Businesses could select more than one option. Coverage includes Agriculture, Forestry and Fishing.",2024-25:6-3:5,data_2024-25/BCSDC06_2024–25.xlsx,Table 3,G10,37.2
workflow,Digital value,2024-25,2024–25,Employment size,200 or more persons,All businesses,54.5,published,,%,C,2024-25,"Proportions are of all businesses in each output category. Businesses could select more than one option. Coverage includes Agriculture, Forestry and Fishing.",2024-25:6-3:5,data_2024-25/BCSDC06_2024–25.xlsx,Table 3,G11,54.5
workflow,Digital value,2024-25,2024–25,Industry,"Agriculture, Forestry and Fishing",All businesses,16.3,published,,%,C,2024-25,"Proportions are of all businesses in each output category. Businesses could select more than one option. Coverage includes Agriculture, Forestry and Fishing.",2024-25:6-3:5,data_2024-25/BCSDC06_2024–25.xlsx,Table 3,G13,16.3
workflow,Digital value,2024-25,2024–25,Industry,Mining,All businesses,21.8,published,,%,C,2024-25,"Proportions are of all businesses in each output category. Businesses could select more than one option. Coverage includes Agriculture, Forestry and Fishing.",2024-25:6-3:5,data_2024-25/BCSDC06_2024–25.xlsx,Table 3,G14,21.8
workflow,Digital value,2024-25,2024–25,Industry,Manufacturing,All businesses,22.6,published,,%,C,2024-25,"Proportions are of all businesses in each output category. Businesses could select more than one option. Coverage includes Agriculture, Forestry and Fishing.",2024-25:6-3:5,data_2024-25/BCSDC06_2024–25.xlsx,Table 3,G15,22.6
workflow,Digital value,2024-25,2024–25,Industry,"Electricity, Gas, Water and Waste Services",All businesses,27.9,published,,%,C,2024-25,"Proportions are of all businesses in each output category. Businesses could select more than one option. Coverage includes Agriculture, Forestry and Fishing.",2024-25:6-3:5,data_2024-25/BCSDC06_2024–25.xlsx,Table 3,G16,27.9
workflow,Digital value,2024-25,2024–25,Industry,Construction,All businesses,18.3,published,,%,C,2024-25,"Proportions are of all businesses in each output category. Businesses could select more than one option. Coverage includes Agriculture, Forestry and Fishing.",2024-25:6-3:5,data_2024-25/BCSDC06_2024–25.xlsx,Table 3,G17,18.3
workflow,Digital value,2024-25,2024–25,Industry,Wholesale Trade,All businesses,24.4,published,,%,C,2024-25,"Proportions are of all businesses in each output category. Businesses could select more than one option. Coverage includes Agriculture, Forestry and Fishing.",2024-25:6-3:5,data_2024-25/BCSDC06_2024–25.xlsx,Table 3,G18,24.4
workflow,Digital value,2024-25,2024–25,Industry,Retail Trade,All businesses,18.6,published,,%,C,2024-25,"Proportions are of all businesses in each output category. Businesses could select more than one option. Coverage includes Agriculture, Forestry and Fishing.",2024-25:6-3:5,data_2024-25/BCSDC06_2024–25.xlsx,Table 3,G19,18.6
workflow,Digital value,2024-25,2024–25,Industry,Accommodation and Food Services,All businesses,16.6,published,,%,C,2024-25,"Proportions are of all businesses in each output category. Businesses could select more than one option. Coverage includes Agriculture, Forestry and Fishing.",2024-25:6-3:5,data_2024-25/BCSDC06_2024–25.xlsx,Table 3,G20,16.6
workflow,Digital value,2024-25,2024–25,Industry,"Transport, Postal and Warehousing",All businesses,11,published,,%,C,2024-25,"Proportions are of all businesses in each output category. Businesses could select more than one option. Coverage includes Agriculture, Forestry and Fishing.",2024-25:6-3:5,data_2024-25/BCSDC06_2024–25.xlsx,Table 3,G21,11
workflow,Digital value,2024-25,2024–25,Industry,Information Media and Telecommunications,All businesses,24.1,published,,%,C,2024-25,"Proportions are of all businesses in each output category. Businesses could select more than one option. Coverage includes Agriculture, Forestry and Fishing.",2024-25:6-3:5,data_2024-25/BCSDC06_2024–25.xlsx,Table 3,G22,24.1
workflow,Digital value,2024-25,2024–25,Industry,Financial and Insurance Services,All businesses,26.2,published,,%,C,2024-25,"Proportions are of all businesses in each output category. Businesses could select more than one option. Coverage includes Agriculture, Forestry and Fishing.",2024-25:6-3:5,data_2024-25/BCSDC06_2024–25.xlsx,Table 3,G23,26.2
workflow,Digital value,2024-25,2024–25,Industry,"Rental, Hiring and Real Estate Services",All businesses,19.6,published,,%,C,2024-25,"Proportions are of all businesses in each output category. Businesses could select more than one option. Coverage includes Agriculture, Forestry and Fishing.",2024-25:6-3:5,data_2024-25/BCSDC06_2024–25.xlsx,Table 3,G24,19.6
workflow,Digital value,2024-25,2024–25,Industry,"Professional, Scientific and Technical Services",All businesses,25.6,published,,%,C,2024-25,"Proportions are of all businesses in each output category. Businesses could select more than one option. Coverage includes Agriculture, Forestry and Fishing.",2024-25:6-3:5,data_2024-25/BCSDC06_2024–25.xlsx,Table 3,G25,25.6
workflow,Digital value,2024-25,2024–25,Industry,Administrative and Support Services,All businesses,19.6,published,,%,C,2024-25,"Proportions are of all businesses in each output category. Businesses could select more than one option. Coverage includes Agriculture, Forestry and Fishing.",2024-25:6-3:5,data_2024-25/BCSDC06_2024–25.xlsx,Table 3,G26,19.6
workflow,Digital value,2024-25,2024–25,Industry,Health Care and Social Assistance,All businesses,19.1,published,,%,C,2024-25,"Proportions are of all businesses in each output category. Businesses could select more than one option. Coverage includes Agriculture, Forestry and Fishing.",2024-25:6-3:5,data_2024-25/BCSDC06_2024–25.xlsx,Table 3,G27,19.1
workflow,Digital value,2024-25,2024–25,Industry,Arts and Recreation Services,All businesses,23.3,published,,%,C,2024-25,"Proportions are of all businesses in each output category. Businesses could select more than one option. Coverage includes Agriculture, Forestry and Fishing.",2024-25:6-3:5,data_2024-25/BCSDC06_2024–25.xlsx,Table 3,G28,23.3
workflow,Digital value,2024-25,2024–25,Industry,Other Services,All businesses,15.8,published,,%,C,2024-25,"Proportions are of all businesses in each output category. Businesses could select more than one option. Coverage includes Agriculture, Forestry and Fishing.",2024-25:6-3:5,data_2024-25/BCSDC06_2024–25.xlsx,Table 3,G29,15.8
markets,Digital value,2024-25,2024–25,Overall,Total,All businesses,7.9,published,,%,C,2024-25,"Proportions are of all businesses in each output category. Businesses could select more than one option. Coverage includes Agriculture, Forestry and Fishing.",2024-25:6-3:11,data_2024-25/BCSDC06_2024–25.xlsx,Table 3,M6,7.9
markets,Digital value,2024-25,2024–25,Employment size,0–4 persons,All businesses,7.1,published,,%,C,2024-25,"Proportions are of all businesses in each output category. Businesses could select more than one option. Coverage includes Agriculture, Forestry and Fishing.",2024-25:6-3:11,data_2024-25/BCSDC06_2024–25.xlsx,Table 3,M8,7.1
markets,Digital value,2024-25,2024–25,Employment size,5–19 persons,All businesses,8.2,published,,%,C,2024-25,"Proportions are of all businesses in each output category. Businesses could select more than one option. Coverage includes Agriculture, Forestry and Fishing.",2024-25:6-3:11,data_2024-25/BCSDC06_2024–25.xlsx,Table 3,M9,8.2
markets,Digital value,2024-25,2024–25,Employment size,20–199 persons,All businesses,13.1,published,,%,C,2024-25,"Proportions are of all businesses in each output category. Businesses could select more than one option. Coverage includes Agriculture, Forestry and Fishing.",2024-25:6-3:11,data_2024-25/BCSDC06_2024–25.xlsx,Table 3,M10,13.1
markets,Digital value,2024-25,2024–25,Employment size,200 or more persons,All businesses,24,published,,%,C,2024-25,"Proportions are of all businesses in each output category. Businesses could select more than one option. Coverage includes Agriculture, Forestry and Fishing.",2024-25:6-3:11,data_2024-25/BCSDC06_2024–25.xlsx,Table 3,M11,24
markets,Digital value,2024-25,2024–25,Industry,"Agriculture, Forestry and Fishing",All businesses,5.5,published,,%,C,2024-25,"Proportions are of all businesses in each output category. Businesses could select more than one option. Coverage includes Agriculture, Forestry and Fishing.",2024-25:6-3:11,data_2024-25/BCSDC06_2024–25.xlsx,Table 3,M13,5.5
markets,Digital value,2024-25,2024–25,Industry,Mining,All businesses,6,published,,%,C,2024-25,"Proportions are of all businesses in each output category. Businesses could select more than one option. Coverage includes Agriculture, Forestry and Fishing.",2024-25:6-3:11,data_2024-25/BCSDC06_2024–25.xlsx,Table 3,M14,6
markets,Digital value,2024-25,2024–25,Industry,Manufacturing,All businesses,8.5,published,,%,C,2024-25,"Proportions are of all businesses in each output category. Businesses could select more than one option. Coverage includes Agriculture, Forestry and Fishing.",2024-25:6-3:11,data_2024-25/BCSDC06_2024–25.xlsx,Table 3,M15,8.5
markets,Digital value,2024-25,2024–25,Industry,"Electricity, Gas, Water and Waste Services",All businesses,11.2,published,,%,C,2024-25,"Proportions are of all businesses in each output category. Businesses could select more than one option. Coverage includes Agriculture, Forestry and Fishing.",2024-25:6-3:11,data_2024-25/BCSDC06_2024–25.xlsx,Table 3,M16,11.2
markets,Digital value,2024-25,2024–25,Industry,Construction,All businesses,7.1,published,,%,C,2024-25,"Proportions are of all businesses in each output category. Businesses could select more than one option. Coverage includes Agriculture, Forestry and Fishing.",2024-25:6-3:11,data_2024-25/BCSDC06_2024–25.xlsx,Table 3,M17,7.1
markets,Digital value,2024-25,2024–25,Industry,Wholesale Trade,All businesses,14.9,published,,%,C,2024-25,"Proportions are of all businesses in each output category. Businesses could select more than one option. Coverage includes Agriculture, Forestry and Fishing.",2024-25:6-3:11,data_2024-25/BCSDC06_2024–25.xlsx,Table 3,M18,14.9
markets,Digital value,2024-25,2024–25,Industry,Retail Trade,All businesses,10.7,published,,%,C,2024-25,"Proportions are of all businesses in each output category. Businesses could select more than one option. Coverage includes Agriculture, Forestry and Fishing.",2024-25:6-3:11,data_2024-25/BCSDC06_2024–25.xlsx,Table 3,M19,10.7
markets,Digital value,2024-25,2024–25,Industry,Accommodation and Food Services,All businesses,9.7,published,,%,C,2024-25,"Proportions are of all businesses in each output category. Businesses could select more than one option. Coverage includes Agriculture, Forestry and Fishing.",2024-25:6-3:11,data_2024-25/BCSDC06_2024–25.xlsx,Table 3,M20,9.7
markets,Digital value,2024-25,2024–25,Industry,"Transport, Postal and Warehousing",All businesses,6.5,published,,%,C,2024-25,"Proportions are of all businesses in each output category. Businesses could select more than one option. Coverage includes Agriculture, Forestry and Fishing.",2024-25:6-3:11,data_2024-25/BCSDC06_2024–25.xlsx,Table 3,M21,6.5
markets,Digital value,2024-25,2024–25,Industry,Information Media and Telecommunications,All businesses,18.3,published,,%,C,2024-25,"Proportions are of all businesses in each output category. Businesses could select more than one option. Coverage includes Agriculture, Forestry and Fishing.",2024-25:6-3:11,data_2024-25/BCSDC06_2024–25.xlsx,Table 3,M22,18.3
markets,Digital value,2024-25,2024–25,Industry,Financial and Insurance Services,All businesses,10.9,published,,%,C,2024-25,"Proportions are of all businesses in each output category. Businesses could select more than one option. Coverage includes Agriculture, Forestry and Fishing.",2024-25:6-3:11,data_2024-25/BCSDC06_2024–25.xlsx,Table 3,M23,10.9
markets,Digital value,2024-25,2024–25,Industry,"Rental, Hiring and Real Estate Services",All businesses,7.2,published,,%,C,2024-25,"Proportions are of all businesses in each output category. Businesses could select more than one option. Coverage includes Agriculture, Forestry and Fishing.",2024-25:6-3:11,data_2024-25/BCSDC06_2024–25.xlsx,Table 3,M24,7.2
markets,Digital value,2024-25,2024–25,Industry,"Professional, Scientific and Technical Services",All businesses,8.6,published,,%,C,2024-25,"Proportions are of all businesses in each output category. Businesses could select more than one option. Coverage includes Agriculture, Forestry and Fishing.",2024-25:6-3:11,data_2024-25/BCSDC06_2024–25.xlsx,Table 3,M25,8.6
markets,Digital value,2024-25,2024–25,Industry,Administrative and Support Services,All businesses,8,published,,%,C,2024-25,"Proportions are of all businesses in each output category. Businesses could select more than one option. Coverage includes Agriculture, Forestry and Fishing.",2024-25:6-3:11,data_2024-25/BCSDC06_2024–25.xlsx,Table 3,M26,8
markets,Digital value,2024-25,2024–25,Industry,Health Care and Social Assistance,All businesses,4.5,published,,%,C,2024-25,"Proportions are of all businesses in each output category. Businesses could select more than one option. Coverage includes Agriculture, Forestry and Fishing.",2024-25:6-3:11,data_2024-25/BCSDC06_2024–25.xlsx,Table 3,M27,4.5
markets,Digital value,2024-25,2024–25,Industry,Arts and Recreation Services,All businesses,5.6,published,,%,C,2024-25,"Proportions are of all businesses in each output category. Businesses could select more than one option. Coverage includes Agriculture, Forestry and Fishing.",2024-25:6-3:11,data_2024-25/BCSDC06_2024–25.xlsx,Table 3,M28,5.6
markets,Digital value,2024-25,2024–25,Industry,Other Services,All businesses,4.2,published,,%,C,2024-25,"Proportions are of all businesses in each output category. Businesses could select more than one option. Coverage includes Agriculture, Forestry and Fishing.",2024-25:6-3:11,data_2024-25/BCSDC06_2024–25.xlsx,Table 3,M29,4.2
skills,Constraints,2024-25,2024–25,Overall,Total,All businesses,16.3,published,,%,C,2024-25,"Proportions are of all businesses in each output category. Businesses could select more than one option. Coverage includes Agriculture, Forestry and Fishing.",2024-25:6-4:0,data_2024-25/BCSDC06_2024–25.xlsx,Table 4,B6,16.3
skills,Constraints,2024-25,2024–25,Employment size,0–4 persons,All businesses,11.8,published,,%,C,2024-25,"Proportions are of all businesses in each output category. Businesses could select more than one option. Coverage includes Agriculture, Forestry and Fishing.",2024-25:6-4:0,data_2024-25/BCSDC06_2024–25.xlsx,Table 4,B8,11.8
skills,Constraints,2024-25,2024–25,Employment size,5–19 persons,All businesses,24.4,published,,%,C,2024-25,"Proportions are of all businesses in each output category. Businesses could select more than one option. Coverage includes Agriculture, Forestry and Fishing.",2024-25:6-4:0,data_2024-25/BCSDC06_2024–25.xlsx,Table 4,B9,24.4
skills,Constraints,2024-25,2024–25,Employment size,20–199 persons,All businesses,22.6,published,,%,C,2024-25,"Proportions are of all businesses in each output category. Businesses could select more than one option. Coverage includes Agriculture, Forestry and Fishing.",2024-25:6-4:0,data_2024-25/BCSDC06_2024–25.xlsx,Table 4,B10,22.6
skills,Constraints,2024-25,2024–25,Employment size,200 or more persons,All businesses,22.9,published,,%,C,2024-25,"Proportions are of all businesses in each output category. Businesses could select more than one option. Coverage includes Agriculture, Forestry and Fishing.",2024-25:6-4:0,data_2024-25/BCSDC06_2024–25.xlsx,Table 4,B11,22.9
skills,Constraints,2024-25,2024–25,Industry,"Agriculture, Forestry and Fishing",All businesses,16.8,published,,%,C,2024-25,"Proportions are of all businesses in each output category. Businesses could select more than one option. Coverage includes Agriculture, Forestry and Fishing.",2024-25:6-4:0,data_2024-25/BCSDC06_2024–25.xlsx,Table 4,B13,16.8
skills,Constraints,2024-25,2024–25,Industry,Mining,All businesses,10.7,published,,%,C,2024-25,"Proportions are of all businesses in each output category. Businesses could select more than one option. Coverage includes Agriculture, Forestry and Fishing.",2024-25:6-4:0,data_2024-25/BCSDC06_2024–25.xlsx,Table 4,B14,10.7
skills,Constraints,2024-25,2024–25,Industry,Manufacturing,All businesses,17.1,published,,%,C,2024-25,"Proportions are of all businesses in each output category. Businesses could select more than one option. Coverage includes Agriculture, Forestry and Fishing.",2024-25:6-4:0,data_2024-25/BCSDC06_2024–25.xlsx,Table 4,B15,17.1
skills,Constraints,2024-25,2024–25,Industry,"Electricity, Gas, Water and Waste Services",All businesses,12.2,published,,%,C,2024-25,"Proportions are of all businesses in each output category. Businesses could select more than one option. Coverage includes Agriculture, Forestry and Fishing.",2024-25:6-4:0,data_2024-25/BCSDC06_2024–25.xlsx,Table 4,B16,12.2
skills,Constraints,2024-25,2024–25,Industry,Construction,All businesses,16.5,published,,%,C,2024-25,"Proportions are of all businesses in each output category. Businesses could select more than one option. Coverage includes Agriculture, Forestry and Fishing.",2024-25:6-4:0,data_2024-25/BCSDC06_2024–25.xlsx,Table 4,B17,16.5
skills,Constraints,2024-25,2024–25,Industry,Wholesale Trade,All businesses,22,published,,%,C,2024-25,"Proportions are of all businesses in each output category. Businesses could select more than one option. Coverage includes Agriculture, Forestry and Fishing.",2024-25:6-4:0,data_2024-25/BCSDC06_2024–25.xlsx,Table 4,B18,22
skills,Constraints,2024-25,2024–25,Industry,Retail Trade,All businesses,18.4,published,,%,C,2024-25,"Proportions are of all businesses in each output category. Businesses could select more than one option. Coverage includes Agriculture, Forestry and Fishing.",2024-25:6-4:0,data_2024-25/BCSDC06_2024–25.xlsx,Table 4,B19,18.4
skills,Constraints,2024-25,2024–25,Industry,Accommodation and Food Services,All businesses,19.8,published,,%,C,2024-25,"Proportions are of all businesses in each output category. Businesses could select more than one option. Coverage includes Agriculture, Forestry and Fishing.",2024-25:6-4:0,data_2024-25/BCSDC06_2024–25.xlsx,Table 4,B20,19.8
skills,Constraints,2024-25,2024–25,Industry,"Transport, Postal and Warehousing",All businesses,7.8,published,,%,C,2024-25,"Proportions are of all businesses in each output category. Businesses could select more than one option. Coverage includes Agriculture, Forestry and Fishing.",2024-25:6-4:0,data_2024-25/BCSDC06_2024–25.xlsx,Table 4,B21,7.8
skills,Constraints,2024-25,2024–25,Industry,Information Media and Telecommunications,All businesses,15.6,published,,%,C,2024-25,"Proportions are of all businesses in each output category. Businesses could select more than one option. Coverage includes Agriculture, Forestry and Fishing.",2024-25:6-4:0,data_2024-25/BCSDC06_2024–25.xlsx,Table 4,B22,15.6
skills,Constraints,2024-25,2024–25,Industry,Financial and Insurance Services,All businesses,14.2,published,,%,C,2024-25,"Proportions are of all businesses in each output category. Businesses could select more than one option. Coverage includes Agriculture, Forestry and Fishing.",2024-25:6-4:0,data_2024-25/BCSDC06_2024–25.xlsx,Table 4,B23,14.2
skills,Constraints,2024-25,2024–25,Industry,"Rental, Hiring and Real Estate Services",All businesses,13.7,published,,%,C,2024-25,"Proportions are of all businesses in each output category. Businesses could select more than one option. Coverage includes Agriculture, Forestry and Fishing.",2024-25:6-4:0,data_2024-25/BCSDC06_2024–25.xlsx,Table 4,B24,13.7
skills,Constraints,2024-25,2024–25,Industry,"Professional, Scientific and Technical Services",All businesses,11.5,published,,%,C,2024-25,"Proportions are of all businesses in each output category. Businesses could select more than one option. Coverage includes Agriculture, Forestry and Fishing.",2024-25:6-4:0,data_2024-25/BCSDC06_2024–25.xlsx,Table 4,B25,11.5
skills,Constraints,2024-25,2024–25,Industry,Administrative and Support Services,All businesses,15.5,published,,%,C,2024-25,"Proportions are of all businesses in each output category. Businesses could select more than one option. Coverage includes Agriculture, Forestry and Fishing.",2024-25:6-4:0,data_2024-25/BCSDC06_2024–25.xlsx,Table 4,B26,15.5
skills,Constraints,2024-25,2024–25,Industry,Health Care and Social Assistance,All businesses,23,published,,%,C,2024-25,"Proportions are of all businesses in each output category. Businesses could select more than one option. Coverage includes Agriculture, Forestry and Fishing.",2024-25:6-4:0,data_2024-25/BCSDC06_2024–25.xlsx,Table 4,B27,23
skills,Constraints,2024-25,2024–25,Industry,Arts and Recreation Services,All businesses,20.1,published,,%,C,2024-25,"Proportions are of all businesses in each output category. Businesses could select more than one option. Coverage includes Agriculture, Forestry and Fishing.",2024-25:6-4:0,data_2024-25/BCSDC06_2024–25.xlsx,Table 4,B28,20.1
skills,Constraints,2024-25,2024–25,Industry,Other Services,All businesses,15.2,published,,%,C,2024-25,"Proportions are of all businesses in each output category. Businesses could select more than one option. Coverage includes Agriculture, Forestry and Fishing.",2024-25:6-4:0,data_2024-25/BCSDC06_2024–25.xlsx,Table 4,B29,15.2
funds,Constraints,2024-25,2024–25,Overall,Total,All businesses,12.6,published,,%,C,2024-25,"Proportions are of all businesses in each output category. Businesses could select more than one option. Coverage includes Agriculture, Forestry and Fishing.",2024-25:6-4:1,data_2024-25/BCSDC06_2024–25.xlsx,Table 4,C6,12.6
funds,Constraints,2024-25,2024–25,Employment size,0–4 persons,All businesses,11.2,published,,%,C,2024-25,"Proportions are of all businesses in each output category. Businesses could select more than one option. Coverage includes Agriculture, Forestry and Fishing.",2024-25:6-4:1,data_2024-25/BCSDC06_2024–25.xlsx,Table 4,C8,11.2
funds,Constraints,2024-25,2024–25,Employment size,5–19 persons,All businesses,14.3,published,,%,C,2024-25,"Proportions are of all businesses in each output category. Businesses could select more than one option. Coverage includes Agriculture, Forestry and Fishing.",2024-25:6-4:1,data_2024-25/BCSDC06_2024–25.xlsx,Table 4,C9,14.3
funds,Constraints,2024-25,2024–25,Employment size,20–199 persons,All businesses,17.3,published,,%,C,2024-25,"Proportions are of all businesses in each output category. Businesses could select more than one option. Coverage includes Agriculture, Forestry and Fishing.",2024-25:6-4:1,data_2024-25/BCSDC06_2024–25.xlsx,Table 4,C10,17.3
funds,Constraints,2024-25,2024–25,Employment size,200 or more persons,All businesses,16.4,published,,%,C,2024-25,"Proportions are of all businesses in each output category. Businesses could select more than one option. Coverage includes Agriculture, Forestry and Fishing.",2024-25:6-4:1,data_2024-25/BCSDC06_2024–25.xlsx,Table 4,C11,16.4
funds,Constraints,2024-25,2024–25,Industry,"Agriculture, Forestry and Fishing",All businesses,5.1,published,,%,C,2024-25,"Proportions are of all businesses in each output category. Businesses could select more than one option. Coverage includes Agriculture, Forestry and Fishing.",2024-25:6-4:1,data_2024-25/BCSDC06_2024–25.xlsx,Table 4,C13,5.1
funds,Constraints,2024-25,2024–25,Industry,Mining,All businesses,9.6,published,,%,C,2024-25,"Proportions are of all businesses in each output category. Businesses could select more than one option. Coverage includes Agriculture, Forestry and Fishing.",2024-25:6-4:1,data_2024-25/BCSDC06_2024–25.xlsx,Table 4,C14,9.6
funds,Constraints,2024-25,2024–25,Industry,Manufacturing,All businesses,11.6,published,,%,C,2024-25,"Proportions are of all businesses in each output category. Businesses could select more than one option. Coverage includes Agriculture, Forestry and Fishing.",2024-25:6-4:1,data_2024-25/BCSDC06_2024–25.xlsx,Table 4,C15,11.6
funds,Constraints,2024-25,2024–25,Industry,"Electricity, Gas, Water and Waste Services",All businesses,8.7,published,,%,C,2024-25,"Proportions are of all businesses in each output category. Businesses could select more than one option. Coverage includes Agriculture, Forestry and Fishing.",2024-25:6-4:1,data_2024-25/BCSDC06_2024–25.xlsx,Table 4,C16,8.7
funds,Constraints,2024-25,2024–25,Industry,Construction,All businesses,11,published,,%,C,2024-25,"Proportions are of all businesses in each output category. Businesses could select more than one option. Coverage includes Agriculture, Forestry and Fishing.",2024-25:6-4:1,data_2024-25/BCSDC06_2024–25.xlsx,Table 4,C17,11
funds,Constraints,2024-25,2024–25,Industry,Wholesale Trade,All businesses,11.7,published,,%,C,2024-25,"Proportions are of all businesses in each output category. Businesses could select more than one option. Coverage includes Agriculture, Forestry and Fishing.",2024-25:6-4:1,data_2024-25/BCSDC06_2024–25.xlsx,Table 4,C18,11.7
funds,Constraints,2024-25,2024–25,Industry,Retail Trade,All businesses,13.3,published,,%,C,2024-25,"Proportions are of all businesses in each output category. Businesses could select more than one option. Coverage includes Agriculture, Forestry and Fishing.",2024-25:6-4:1,data_2024-25/BCSDC06_2024–25.xlsx,Table 4,C19,13.3
funds,Constraints,2024-25,2024–25,Industry,Accommodation and Food Services,All businesses,16.7,published,,%,C,2024-25,"Proportions are of all businesses in each output category. Businesses could select more than one option. Coverage includes Agriculture, Forestry and Fishing.",2024-25:6-4:1,data_2024-25/BCSDC06_2024–25.xlsx,Table 4,C20,16.7
funds,Constraints,2024-25,2024–25,Industry,"Transport, Postal and Warehousing",All businesses,6.7,published,,%,C,2024-25,"Proportions are of all businesses in each output category. Businesses could select more than one option. Coverage includes Agriculture, Forestry and Fishing.",2024-25:6-4:1,data_2024-25/BCSDC06_2024–25.xlsx,Table 4,C21,6.7
funds,Constraints,2024-25,2024–25,Industry,Information Media and Telecommunications,All businesses,18.4,published,,%,C,2024-25,"Proportions are of all businesses in each output category. Businesses could select more than one option. Coverage includes Agriculture, Forestry and Fishing.",2024-25:6-4:1,data_2024-25/BCSDC06_2024–25.xlsx,Table 4,C22,18.4
funds,Constraints,2024-25,2024–25,Industry,Financial and Insurance Services,All businesses,6.7,published,,%,C,2024-25,"Proportions are of all businesses in each output category. Businesses could select more than one option. Coverage includes Agriculture, Forestry and Fishing.",2024-25:6-4:1,data_2024-25/BCSDC06_2024–25.xlsx,Table 4,C23,6.7
funds,Constraints,2024-25,2024–25,Industry,"Rental, Hiring and Real Estate Services",All businesses,11.8,published,,%,C,2024-25,"Proportions are of all businesses in each output category. Businesses could select more than one option. Coverage includes Agriculture, Forestry and Fishing.",2024-25:6-4:1,data_2024-25/BCSDC06_2024–25.xlsx,Table 4,C24,11.8
funds,Constraints,2024-25,2024–25,Industry,"Professional, Scientific and Technical Services",All businesses,10.6,published,,%,C,2024-25,"Proportions are of all businesses in each output category. Businesses could select more than one option. Coverage includes Agriculture, Forestry and Fishing.",2024-25:6-4:1,data_2024-25/BCSDC06_2024–25.xlsx,Table 4,C25,10.6
funds,Constraints,2024-25,2024–25,Industry,Administrative and Support Services,All businesses,10.7,published,,%,C,2024-25,"Proportions are of all businesses in each output category. Businesses could select more than one option. Coverage includes Agriculture, Forestry and Fishing.",2024-25:6-4:1,data_2024-25/BCSDC06_2024–25.xlsx,Table 4,C26,10.7
funds,Constraints,2024-25,2024–25,Industry,Health Care and Social Assistance,All businesses,22.5,published,,%,C,2024-25,"Proportions are of all businesses in each output category. Businesses could select more than one option. Coverage includes Agriculture, Forestry and Fishing.",2024-25:6-4:1,data_2024-25/BCSDC06_2024–25.xlsx,Table 4,C27,22.5
funds,Constraints,2024-25,2024–25,Industry,Arts and Recreation Services,All businesses,18.9,published,,%,C,2024-25,"Proportions are of all businesses in each output category. Businesses could select more than one option. Coverage includes Agriculture, Forestry and Fishing.",2024-25:6-4:1,data_2024-25/BCSDC06_2024–25.xlsx,Table 4,C28,18.9
funds,Constraints,2024-25,2024–25,Industry,Other Services,All businesses,14,published,,%,C,2024-25,"Proportions are of all businesses in each output category. Businesses could select more than one option. Coverage includes Agriculture, Forestry and Fishing.",2024-25:6-4:1,data_2024-25/BCSDC06_2024–25.xlsx,Table 4,C29,14
benefits,Constraints,2024-25,2024–25,Overall,Total,All businesses,13.5,published,,%,C,2024-25,"Proportions are of all businesses in each output category. Businesses could select more than one option. Coverage includes Agriculture, Forestry and Fishing.",2024-25:6-4:2,data_2024-25/BCSDC06_2024–25.xlsx,Table 4,D6,13.5
benefits,Constraints,2024-25,2024–25,Employment size,0–4 persons,All businesses,10.5,published,,%,C,2024-25,"Proportions are of all businesses in each output category. Businesses could select more than one option. Coverage includes Agriculture, Forestry and Fishing.",2024-25:6-4:2,data_2024-25/BCSDC06_2024–25.xlsx,Table 4,D8,10.5
benefits,Constraints,2024-25,2024–25,Employment size,5–19 persons,All businesses,17.8,published,,%,C,2024-25,"Proportions are of all businesses in each output category. Businesses could select more than one option. Coverage includes Agriculture, Forestry and Fishing.",2024-25:6-4:2,data_2024-25/BCSDC06_2024–25.xlsx,Table 4,D9,17.8
benefits,Constraints,2024-25,2024–25,Employment size,20–199 persons,All businesses,21.4,published,,%,C,2024-25,"Proportions are of all businesses in each output category. Businesses could select more than one option. Coverage includes Agriculture, Forestry and Fishing.",2024-25:6-4:2,data_2024-25/BCSDC06_2024–25.xlsx,Table 4,D10,21.4
benefits,Constraints,2024-25,2024–25,Employment size,200 or more persons,All businesses,20.4,published,,%,C,2024-25,"Proportions are of all businesses in each output category. Businesses could select more than one option. Coverage includes Agriculture, Forestry and Fishing.",2024-25:6-4:2,data_2024-25/BCSDC06_2024–25.xlsx,Table 4,D11,20.4
benefits,Constraints,2024-25,2024–25,Industry,"Agriculture, Forestry and Fishing",All businesses,10.8,published,,%,C,2024-25,"Proportions are of all businesses in each output category. Businesses could select more than one option. Coverage includes Agriculture, Forestry and Fishing.",2024-25:6-4:2,data_2024-25/BCSDC06_2024–25.xlsx,Table 4,D13,10.8
benefits,Constraints,2024-25,2024–25,Industry,Mining,All businesses,7.8,published,,%,C,2024-25,"Proportions are of all businesses in each output category. Businesses could select more than one option. Coverage includes Agriculture, Forestry and Fishing.",2024-25:6-4:2,data_2024-25/BCSDC06_2024–25.xlsx,Table 4,D14,7.8
benefits,Constraints,2024-25,2024–25,Industry,Manufacturing,All businesses,14.5,published,,%,C,2024-25,"Proportions are of all businesses in each output category. Businesses could select more than one option. Coverage includes Agriculture, Forestry and Fishing.",2024-25:6-4:2,data_2024-25/BCSDC06_2024–25.xlsx,Table 4,D15,14.5
benefits,Constraints,2024-25,2024–25,Industry,"Electricity, Gas, Water and Waste Services",All businesses,10.5,published,,%,C,2024-25,"Proportions are of all businesses in each output category. Businesses could select more than one option. Coverage includes Agriculture, Forestry and Fishing.",2024-25:6-4:2,data_2024-25/BCSDC06_2024–25.xlsx,Table 4,D16,10.5
benefits,Constraints,2024-25,2024–25,Industry,Construction,All businesses,13,published,,%,C,2024-25,"Proportions are of all businesses in each output category. Businesses could select more than one option. Coverage includes Agriculture, Forestry and Fishing.",2024-25:6-4:2,data_2024-25/BCSDC06_2024–25.xlsx,Table 4,D17,13
benefits,Constraints,2024-25,2024–25,Industry,Wholesale Trade,All businesses,17.7,published,,%,C,2024-25,"Proportions are of all businesses in each output category. Businesses could select more than one option. Coverage includes Agriculture, Forestry and Fishing.",2024-25:6-4:2,data_2024-25/BCSDC06_2024–25.xlsx,Table 4,D18,17.7
benefits,Constraints,2024-25,2024–25,Industry,Retail Trade,All businesses,12.6,published,,%,C,2024-25,"Proportions are of all businesses in each output category. Businesses could select more than one option. Coverage includes Agriculture, Forestry and Fishing.",2024-25:6-4:2,data_2024-25/BCSDC06_2024–25.xlsx,Table 4,D19,12.6
benefits,Constraints,2024-25,2024–25,Industry,Accommodation and Food Services,All businesses,17.5,published,,%,C,2024-25,"Proportions are of all businesses in each output category. Businesses could select more than one option. Coverage includes Agriculture, Forestry and Fishing.",2024-25:6-4:2,data_2024-25/BCSDC06_2024–25.xlsx,Table 4,D20,17.5
benefits,Constraints,2024-25,2024–25,Industry,"Transport, Postal and Warehousing",All businesses,7.6,published,,%,C,2024-25,"Proportions are of all businesses in each output category. Businesses could select more than one option. Coverage includes Agriculture, Forestry and Fishing.",2024-25:6-4:2,data_2024-25/BCSDC06_2024–25.xlsx,Table 4,D21,7.6
benefits,Constraints,2024-25,2024–25,Industry,Information Media and Telecommunications,All businesses,13.5,published,,%,C,2024-25,"Proportions are of all businesses in each output category. Businesses could select more than one option. Coverage includes Agriculture, Forestry and Fishing.",2024-25:6-4:2,data_2024-25/BCSDC06_2024–25.xlsx,Table 4,D22,13.5
benefits,Constraints,2024-25,2024–25,Industry,Financial and Insurance Services,All businesses,11.8,published,,%,C,2024-25,"Proportions are of all businesses in each output category. Businesses could select more than one option. Coverage includes Agriculture, Forestry and Fishing.",2024-25:6-4:2,data_2024-25/BCSDC06_2024–25.xlsx,Table 4,D23,11.8
benefits,Constraints,2024-25,2024–25,Industry,"Rental, Hiring and Real Estate Services",All businesses,11.2,published,,%,C,2024-25,"Proportions are of all businesses in each output category. Businesses could select more than one option. Coverage includes Agriculture, Forestry and Fishing.",2024-25:6-4:2,data_2024-25/BCSDC06_2024–25.xlsx,Table 4,D24,11.2
benefits,Constraints,2024-25,2024–25,Industry,"Professional, Scientific and Technical Services",All businesses,11.5,published,,%,C,2024-25,"Proportions are of all businesses in each output category. Businesses could select more than one option. Coverage includes Agriculture, Forestry and Fishing.",2024-25:6-4:2,data_2024-25/BCSDC06_2024–25.xlsx,Table 4,D25,11.5
benefits,Constraints,2024-25,2024–25,Industry,Administrative and Support Services,All businesses,12.5,published,,%,C,2024-25,"Proportions are of all businesses in each output category. Businesses could select more than one option. Coverage includes Agriculture, Forestry and Fishing.",2024-25:6-4:2,data_2024-25/BCSDC06_2024–25.xlsx,Table 4,D26,12.5
benefits,Constraints,2024-25,2024–25,Industry,Health Care and Social Assistance,All businesses,18.4,published,,%,C,2024-25,"Proportions are of all businesses in each output category. Businesses could select more than one option. Coverage includes Agriculture, Forestry and Fishing.",2024-25:6-4:2,data_2024-25/BCSDC06_2024–25.xlsx,Table 4,D27,18.4
benefits,Constraints,2024-25,2024–25,Industry,Arts and Recreation Services,All businesses,15.6,published,,%,C,2024-25,"Proportions are of all businesses in each output category. Businesses could select more than one option. Coverage includes Agriculture, Forestry and Fishing.",2024-25:6-4:2,data_2024-25/BCSDC06_2024–25.xlsx,Table 4,D28,15.6
benefits,Constraints,2024-25,2024–25,Industry,Other Services,All businesses,13.8,published,,%,C,2024-25,"Proportions are of all businesses in each output category. Businesses could select more than one option. Coverage includes Agriculture, Forestry and Fishing.",2024-25:6-4:2,data_2024-25/BCSDC06_2024–25.xlsx,Table 4,D29,13.8
technology,Constraints,2024-25,2024–25,Overall,Total,All businesses,9.5,published,,%,C,2024-25,"Proportions are of all businesses in each output category. Businesses could select more than one option. Coverage includes Agriculture, Forestry and Fishing.",2024-25:6-4:3,data_2024-25/BCSDC06_2024–25.xlsx,Table 4,E6,9.5
technology,Constraints,2024-25,2024–25,Employment size,0–4 persons,All businesses,7.6,published,,%,C,2024-25,"Proportions are of all businesses in each output category. Businesses could select more than one option. Coverage includes Agriculture, Forestry and Fishing.",2024-25:6-4:3,data_2024-25/BCSDC06_2024–25.xlsx,Table 4,E8,7.6
technology,Constraints,2024-25,2024–25,Employment size,5–19 persons,All businesses,13.7,published,,%,C,2024-25,"Proportions are of all businesses in each output category. Businesses could select more than one option. Coverage includes Agriculture, Forestry and Fishing.",2024-25:6-4:3,data_2024-25/BCSDC06_2024–25.xlsx,Table 4,E9,13.7
technology,Constraints,2024-25,2024–25,Employment size,20–199 persons,All businesses,9.5,published,,%,C,2024-25,"Proportions are of all businesses in each output category. Businesses could select more than one option. Coverage includes Agriculture, Forestry and Fishing.",2024-25:6-4:3,data_2024-25/BCSDC06_2024–25.xlsx,Table 4,E10,9.5
technology,Constraints,2024-25,2024–25,Employment size,200 or more persons,All businesses,14.1,published,,%,C,2024-25,"Proportions are of all businesses in each output category. Businesses could select more than one option. Coverage includes Agriculture, Forestry and Fishing.",2024-25:6-4:3,data_2024-25/BCSDC06_2024–25.xlsx,Table 4,E11,14.1
technology,Constraints,2024-25,2024–25,Industry,"Agriculture, Forestry and Fishing",All businesses,27.8,published,,%,C,2024-25,"Proportions are of all businesses in each output category. Businesses could select more than one option. Coverage includes Agriculture, Forestry and Fishing.",2024-25:6-4:3,data_2024-25/BCSDC06_2024–25.xlsx,Table 4,E13,27.8
technology,Constraints,2024-25,2024–25,Industry,Mining,All businesses,14,published,,%,C,2024-25,"Proportions are of all businesses in each output category. Businesses could select more than one option. Coverage includes Agriculture, Forestry and Fishing.",2024-25:6-4:3,data_2024-25/BCSDC06_2024–25.xlsx,Table 4,E14,14
technology,Constraints,2024-25,2024–25,Industry,Manufacturing,All businesses,7.7,published,,%,C,2024-25,"Proportions are of all businesses in each output category. Businesses could select more than one option. Coverage includes Agriculture, Forestry and Fishing.",2024-25:6-4:3,data_2024-25/BCSDC06_2024–25.xlsx,Table 4,E15,7.7
technology,Constraints,2024-25,2024–25,Industry,"Electricity, Gas, Water and Waste Services",All businesses,11.5,published,,%,C,2024-25,"Proportions are of all businesses in each output category. Businesses could select more than one option. Coverage includes Agriculture, Forestry and Fishing.",2024-25:6-4:3,data_2024-25/BCSDC06_2024–25.xlsx,Table 4,E16,11.5
technology,Constraints,2024-25,2024–25,Industry,Construction,All businesses,5.6,published,,%,C,2024-25,"Proportions are of all businesses in each output category. Businesses could select more than one option. Coverage includes Agriculture, Forestry and Fishing.",2024-25:6-4:3,data_2024-25/BCSDC06_2024–25.xlsx,Table 4,E17,5.6
technology,Constraints,2024-25,2024–25,Industry,Wholesale Trade,All businesses,10.4,published,,%,C,2024-25,"Proportions are of all businesses in each output category. Businesses could select more than one option. Coverage includes Agriculture, Forestry and Fishing.",2024-25:6-4:3,data_2024-25/BCSDC06_2024–25.xlsx,Table 4,E18,10.4
technology,Constraints,2024-25,2024–25,Industry,Retail Trade,All businesses,12,published,,%,C,2024-25,"Proportions are of all businesses in each output category. Businesses could select more than one option. Coverage includes Agriculture, Forestry and Fishing.",2024-25:6-4:3,data_2024-25/BCSDC06_2024–25.xlsx,Table 4,E19,12
technology,Constraints,2024-25,2024–25,Industry,Accommodation and Food Services,All businesses,12.6,published,,%,C,2024-25,"Proportions are of all businesses in each output category. Businesses could select more than one option. Coverage includes Agriculture, Forestry and Fishing.",2024-25:6-4:3,data_2024-25/BCSDC06_2024–25.xlsx,Table 4,E20,12.6
technology,Constraints,2024-25,2024–25,Industry,"Transport, Postal and Warehousing",All businesses,5.5,published,,%,C,2024-25,"Proportions are of all businesses in each output category. Businesses could select more than one option. Coverage includes Agriculture, Forestry and Fishing.",2024-25:6-4:3,data_2024-25/BCSDC06_2024–25.xlsx,Table 4,E21,5.5
technology,Constraints,2024-25,2024–25,Industry,Information Media and Telecommunications,All businesses,7,published,,%,C,2024-25,"Proportions are of all businesses in each output category. Businesses could select more than one option. Coverage includes Agriculture, Forestry and Fishing.",2024-25:6-4:3,data_2024-25/BCSDC06_2024–25.xlsx,Table 4,E22,7
technology,Constraints,2024-25,2024–25,Industry,Financial and Insurance Services,All businesses,10,published,,%,C,2024-25,"Proportions are of all businesses in each output category. Businesses could select more than one option. Coverage includes Agriculture, Forestry and Fishing.",2024-25:6-4:3,data_2024-25/BCSDC06_2024–25.xlsx,Table 4,E23,10
technology,Constraints,2024-25,2024–25,Industry,"Rental, Hiring and Real Estate Services",All businesses,7.1,published,,%,C,2024-25,"Proportions are of all businesses in each output category. Businesses could select more than one option. Coverage includes Agriculture, Forestry and Fishing.",2024-25:6-4:3,data_2024-25/BCSDC06_2024–25.xlsx,Table 4,E24,7.1
technology,Constraints,2024-25,2024–25,Industry,"Professional, Scientific and Technical Services",All businesses,6.9,published,,%,C,2024-25,"Proportions are of all businesses in each output category. Businesses could select more than one option. Coverage includes Agriculture, Forestry and Fishing.",2024-25:6-4:3,data_2024-25/BCSDC06_2024–25.xlsx,Table 4,E25,6.9
technology,Constraints,2024-25,2024–25,Industry,Administrative and Support Services,All businesses,6.6,published,,%,C,2024-25,"Proportions are of all businesses in each output category. Businesses could select more than one option. Coverage includes Agriculture, Forestry and Fishing.",2024-25:6-4:3,data_2024-25/BCSDC06_2024–25.xlsx,Table 4,E26,6.6
technology,Constraints,2024-25,2024–25,Industry,Health Care and Social Assistance,All businesses,13.7,published,,%,C,2024-25,"Proportions are of all businesses in each output category. Businesses could select more than one option. Coverage includes Agriculture, Forestry and Fishing.",2024-25:6-4:3,data_2024-25/BCSDC06_2024–25.xlsx,Table 4,E27,13.7
technology,Constraints,2024-25,2024–25,Industry,Arts and Recreation Services,All businesses,10,published,,%,C,2024-25,"Proportions are of all businesses in each output category. Businesses could select more than one option. Coverage includes Agriculture, Forestry and Fishing.",2024-25:6-4:3,data_2024-25/BCSDC06_2024–25.xlsx,Table 4,E28,10
technology,Constraints,2024-25,2024–25,Industry,Other Services,All businesses,8.9,published,,%,C,2024-25,"Proportions are of all businesses in each output category. Businesses could select more than one option. Coverage includes Agriculture, Forestry and Fishing.",2024-25:6-4:3,data_2024-25/BCSDC06_2024–25.xlsx,Table 4,E29,8.9
knowledge,Constraints,2024-25,2024–25,Overall,Total,All businesses,12,published,,%,C,2024-25,"Proportions are of all businesses in each output category. Businesses could select more than one option. Coverage includes Agriculture, Forestry and Fishing.",2024-25:6-4:5,data_2024-25/BCSDC06_2024–25.xlsx,Table 4,G6,12
knowledge,Constraints,2024-25,2024–25,Employment size,0–4 persons,All businesses,10,published,,%,C,2024-25,"Proportions are of all businesses in each output category. Businesses could select more than one option. Coverage includes Agriculture, Forestry and Fishing.",2024-25:6-4:5,data_2024-25/BCSDC06_2024–25.xlsx,Table 4,G8,10
knowledge,Constraints,2024-25,2024–25,Employment size,5–19 persons,All businesses,16.1,published,,%,C,2024-25,"Proportions are of all businesses in each output category. Businesses could select more than one option. Coverage includes Agriculture, Forestry and Fishing.",2024-25:6-4:5,data_2024-25/BCSDC06_2024–25.xlsx,Table 4,G9,16.1
knowledge,Constraints,2024-25,2024–25,Employment size,20–199 persons,All businesses,14.2,published,,%,C,2024-25,"Proportions are of all businesses in each output category. Businesses could select more than one option. Coverage includes Agriculture, Forestry and Fishing.",2024-25:6-4:5,data_2024-25/BCSDC06_2024–25.xlsx,Table 4,G10,14.2
knowledge,Constraints,2024-25,2024–25,Employment size,200 or more persons,All businesses,11,published,,%,C,2024-25,"Proportions are of all businesses in each output category. Businesses could select more than one option. Coverage includes Agriculture, Forestry and Fishing.",2024-25:6-4:5,data_2024-25/BCSDC06_2024–25.xlsx,Table 4,G11,11
knowledge,Constraints,2024-25,2024–25,Industry,"Agriculture, Forestry and Fishing",All businesses,16,published,,%,C,2024-25,"Proportions are of all businesses in each output category. Businesses could select more than one option. Coverage includes Agriculture, Forestry and Fishing.",2024-25:6-4:5,data_2024-25/BCSDC06_2024–25.xlsx,Table 4,G13,16
knowledge,Constraints,2024-25,2024–25,Industry,Mining,All businesses,8.9,published,,%,C,2024-25,"Proportions are of all businesses in each output category. Businesses could select more than one option. Coverage includes Agriculture, Forestry and Fishing.",2024-25:6-4:5,data_2024-25/BCSDC06_2024–25.xlsx,Table 4,G14,8.9
knowledge,Constraints,2024-25,2024–25,Industry,Manufacturing,All businesses,20.6,published,,%,C,2024-25,"Proportions are of all businesses in each output category. Businesses could select more than one option. Coverage includes Agriculture, Forestry and Fishing.",2024-25:6-4:5,data_2024-25/BCSDC06_2024–25.xlsx,Table 4,G15,20.6
knowledge,Constraints,2024-25,2024–25,Industry,"Electricity, Gas, Water and Waste Services",All businesses,6.7,published,,%,C,2024-25,"Proportions are of all businesses in each output category. Businesses could select more than one option. Coverage includes Agriculture, Forestry and Fishing.",2024-25:6-4:5,data_2024-25/BCSDC06_2024–25.xlsx,Table 4,G16,6.7
knowledge,Constraints,2024-25,2024–25,Industry,Construction,All businesses,10.6,published,,%,C,2024-25,"Proportions are of all businesses in each output category. Businesses could select more than one option. Coverage includes Agriculture, Forestry and Fishing.",2024-25:6-4:5,data_2024-25/BCSDC06_2024–25.xlsx,Table 4,G17,10.6
knowledge,Constraints,2024-25,2024–25,Industry,Wholesale Trade,All businesses,11.9,published,,%,C,2024-25,"Proportions are of all businesses in each output category. Businesses could select more than one option. Coverage includes Agriculture, Forestry and Fishing.",2024-25:6-4:5,data_2024-25/BCSDC06_2024–25.xlsx,Table 4,G18,11.9
knowledge,Constraints,2024-25,2024–25,Industry,Retail Trade,All businesses,11,published,,%,C,2024-25,"Proportions are of all businesses in each output category. Businesses could select more than one option. Coverage includes Agriculture, Forestry and Fishing.",2024-25:6-4:5,data_2024-25/BCSDC06_2024–25.xlsx,Table 4,G19,11
knowledge,Constraints,2024-25,2024–25,Industry,Accommodation and Food Services,All businesses,13.3,published,,%,C,2024-25,"Proportions are of all businesses in each output category. Businesses could select more than one option. Coverage includes Agriculture, Forestry and Fishing.",2024-25:6-4:5,data_2024-25/BCSDC06_2024–25.xlsx,Table 4,G20,13.3
knowledge,Constraints,2024-25,2024–25,Industry,"Transport, Postal and Warehousing",All businesses,9.6,published,,%,C,2024-25,"Proportions are of all businesses in each output category. Businesses could select more than one option. Coverage includes Agriculture, Forestry and Fishing.",2024-25:6-4:5,data_2024-25/BCSDC06_2024–25.xlsx,Table 4,G21,9.6
knowledge,Constraints,2024-25,2024–25,Industry,Information Media and Telecommunications,All businesses,7.8,published,,%,C,2024-25,"Proportions are of all businesses in each output category. Businesses could select more than one option. Coverage includes Agriculture, Forestry and Fishing.",2024-25:6-4:5,data_2024-25/BCSDC06_2024–25.xlsx,Table 4,G22,7.8
knowledge,Constraints,2024-25,2024–25,Industry,Financial and Insurance Services,All businesses,12.1,published,,%,C,2024-25,"Proportions are of all businesses in each output category. Businesses could select more than one option. Coverage includes Agriculture, Forestry and Fishing.",2024-25:6-4:5,data_2024-25/BCSDC06_2024–25.xlsx,Table 4,G23,12.1
knowledge,Constraints,2024-25,2024–25,Industry,"Rental, Hiring and Real Estate Services",All businesses,10.2,published,,%,C,2024-25,"Proportions are of all businesses in each output category. Businesses could select more than one option. Coverage includes Agriculture, Forestry and Fishing.",2024-25:6-4:5,data_2024-25/BCSDC06_2024–25.xlsx,Table 4,G24,10.2
knowledge,Constraints,2024-25,2024–25,Industry,"Professional, Scientific and Technical Services",All businesses,9.7,published,,%,C,2024-25,"Proportions are of all businesses in each output category. Businesses could select more than one option. Coverage includes Agriculture, Forestry and Fishing.",2024-25:6-4:5,data_2024-25/BCSDC06_2024–25.xlsx,Table 4,G25,9.7
knowledge,Constraints,2024-25,2024–25,Industry,Administrative and Support Services,All businesses,9.8,published,,%,C,2024-25,"Proportions are of all businesses in each output category. Businesses could select more than one option. Coverage includes Agriculture, Forestry and Fishing.",2024-25:6-4:5,data_2024-25/BCSDC06_2024–25.xlsx,Table 4,G26,9.8
knowledge,Constraints,2024-25,2024–25,Industry,Health Care and Social Assistance,All businesses,19.1,published,,%,C,2024-25,"Proportions are of all businesses in each output category. Businesses could select more than one option. Coverage includes Agriculture, Forestry and Fishing.",2024-25:6-4:5,data_2024-25/BCSDC06_2024–25.xlsx,Table 4,G27,19.1
knowledge,Constraints,2024-25,2024–25,Industry,Arts and Recreation Services,All businesses,9,published,,%,C,2024-25,"Proportions are of all businesses in each output category. Businesses could select more than one option. Coverage includes Agriculture, Forestry and Fishing.",2024-25:6-4:5,data_2024-25/BCSDC06_2024–25.xlsx,Table 4,G28,9
knowledge,Constraints,2024-25,2024–25,Industry,Other Services,All businesses,9.5,published,,%,C,2024-25,"Proportions are of all businesses in each output category. Businesses could select more than one option. Coverage includes Agriculture, Forestry and Fishing.",2024-25:6-4:5,data_2024-25/BCSDC06_2024–25.xlsx,Table 4,G29,9.5
